date,plan_kwh,adjusted_kwh,increase_kwh,decrease_kwh,emergency_kwh,charge_kwh,discharge_kwh,plan_cost_yuan,adjustment_cost_yuan,ordinary_settlement_cost_yuan,emergency_cost_yuan,total_cost_yuan,soc_start_kwh,soc_end_kwh
2025-02-01,83855.34607916666,83855.34607916666,0.0,0.0,0.0,8584.834906035663,6953.716273888888,53951.2287103703,0.0,53951.2287103703,0.0,53951.2287103703,10800.0,10800.0
2025-02-02,83658.52410491083,83658.52410491083,0.0,0.0,0.0,17775.878867609743,18252.081090555555,53548.75016733853,0.0,53548.75016733853,0.0,53548.75016733853,10800.0,6518.20088023148
2025-02-03,90740.53058560699,90740.53058560699,0.0,0.0,0.0,22389.107093748276,18351.767256111114,57097.85688772355,0.0,57097.85688772355,0.0,57097.85688772355,6518.20088023148,6277.544757814812
2025-02-04,92896.22983624486,92896.22983624486,0.0,0.0,0.0,23356.037716872426,18758.224016666663,58869.64086620762,0.0,58869.64086620762,0.0,58869.64086620762,6277.544757814812,6455.507573370368
2025-02-05,87174.26189679698,87174.26189679698,0.0,0.0,26.479583333333416,23761.409318491078,19392.426064166662,54816.21337288028,0.0,54816.21337288028,153.80665979166713,54970.02003267195,6455.507573370368,6293.63588871605
2025-02-06,92503.58101975995,92503.58101975995,0.0,0.0,10.740660555555374,23234.816570192037,18877.520794999997,58360.39697453605,0.0,58360.39697453605,62.74156863527672,58423.13854317133,6293.63588871605,6229.947696333333
2025-02-07,88280.62407286007,88280.62407286007,0.0,0.0,0.0,13868.228388161866,7120.2179211111115,55570.986730285185,0.0,55570.986730285185,0.0,55570.986730285185,6229.947696333333,10800.0
2025-02-08,75303.5997793496,75303.5997793496,0.0,0.0,0.0,9286.261216735254,7521.871585555555,47598.07793554112,0.0,47598.07793554112,0.0,47598.07793554112,10800.0,10800.0
2025-02-09,82940.74018425238,82940.74018425238,0.0,0.0,26.686157591670884,17241.43549550754,18161.232869352774,53127.03388508828,0.0,53127.03388508828,182.2429767286629,53309.27686181694,10800.0,6138.144313342593
2025-02-10,83492.06387151234,83492.06387151234,0.0,0.0,58.53381576388981,21632.729041450617,17703.983462291664,51940.76807418704,0.0,51940.76807418704,270.7038558329557,52211.47193002,6138.144313342593,5936.507714768517
2025-02-11,84240.11530670781,84240.11530670781,0.0,0.0,134.26567543333164,23631.711474293552,19022.681569844444,52711.08300060066,0.0,52711.08300060066,752.0391148487552,53463.12211544941,5936.507714768517,6068.73518625
2025-02-12,83583.5037434568,83583.5037434568,0.0,0.0,243.04327583333762,22631.08183015432,18380.297999999995,52094.68159895169,0.0,52094.68159895169,1476.5470131850302,53571.22861213672,6068.73518625,6014.155500055556
2025-02-13,78079.80459477022,78079.80459477022,0.0,0.0,372.08203230833556,22443.54854522633,18044.34714685833,47870.06941618046,0.0,47870.06941618046,2365.7192925061154,50235.788708686574,6014.155500055556,6164.0745831388895
2025-02-14,80111.0513951063,80111.0513951063,0.0,0.0,0.0,13011.254630874482,6366.783375833331,49513.37254590695,0.0,49513.37254590695,0.0,49513.37254590695,6164.0745831388895,10800.0
2025-02-15,76648.13057165293,76648.13057165293,0.0,0.0,0.0,9187.882546296292,7442.184862499998,48265.93708381287,0.0,48265.93708381287,0.0,48265.93708381287,10800.0,10800.0
2025-02-16,78907.33630835733,78907.33630835733,0.0,0.0,280.9504927194473,17264.5166240775,18273.009891169444,50105.05100538948,0.0,50105.05100538948,1842.8063543858648,51947.85735977535,10800.0,6034.720638148148
2025-02-17,84003.07011028806,84003.07011028806,0.0,0.0,275.3538389138912,19918.099089866246,16258.349904974999,51778.84967117795,0.0,51778.84967117795,1820.0150458385679,53598.86471701652,6034.720638148148,5896.176591277777
2025-02-18,75127.54435932098,75127.54435932098,0.0,0.0,1531.021830680562,21565.23821762345,17279.002669041663,46139.129696807926,0.0,46139.129696807926,10381.815063834765,56520.94476064269,5896.176591277777,6105.9991326481495
2025-02-19,75108.57956749998,75108.57956749998,0.0,0.0,1917.6582468777844,22352.982458611106,18381.18359923333,46193.89720261883,0.0,46193.89720261883,12126.265985153985,58320.163187772814,6105.9991326481495,5800.146012916668
2025-02-20,78473.6084739506,78473.6084739506,0.0,0.0,517.4101672638867,22542.237810912207,17940.702030513894,47860.39404335145,0.0,47860.39404335145,3343.963878890041,51204.35792224149,5800.146012916668,6154.0466755
2025-02-21,76458.95768529492,76458.95768529492,0.0,0.0,0.0,13219.114940802472,6526.125109999999,46950.900227112565,0.0,46950.900227112565,0.0,46950.900227112565,6154.0466755,10800.0
2025-02-22,73310.30694135434,73310.30694135434,0.0,0.0,0.0,9254.746284111796,7530.171906797223,46009.38476422454,0.0,46009.38476422454,0.0,46009.38476422454,10800.0,10762.41398148148
2025-02-23,72429.68738200699,72429.68738200699,0.0,0.0,620.8859041527751,18043.82000735597,18905.109975558335,45264.15987816849,0.0,45264.15987816849,3751.880984790044,49016.04086295853,10762.41398148148,5996.174237481481
2025-02-24,74391.91005959875,74391.91005959875,0.0,0.0,309.35567808055634,21573.439745548698,17516.71419941944,45965.54219633336,0.0,45965.54219633336,1888.7272726066449,47854.26946894,5996.174237481481,5949.254231342592
2025-02-25,77016.69331623045,77016.69331623045,0.0,0.0,351.9585938861126,20355.34943645748,16498.466322280558,47049.46482216778,0.0,47049.46482216778,2136.3666336678543,49185.831455835636,5949.254231342592,5937.439477175926
2025-02-26,69943.47163057612,69943.47163057612,0.0,0.0,2999.954589522222,20675.238320298355,16694.117287700006,42408.81575332175,0.0,42408.81575332175,19317.15358165979,61725.96933498154,5937.439477175926,5996.13475688889
2025-02-27,71281.23793070644,71281.23793070644,0.0,0.0,1373.4012062277827,22956.71131519205,18362.863138772216,43440.7831083449,0.0,43440.7831083449,8732.507736626982,52173.29084497188,5996.13475688889,6253.993675259258
2025-02-28,71503.04187874141,71503.04187874141,0.0,0.0,0.0,15042.655529204381,8093.145286388888,43402.48941895184,0.0,43402.48941895184,0.0,43402.48941895184,6253.993675259258,10800.0
2025-03-01,77438.05575972564,77438.05575972564,0.0,0.0,0.0,8062.252918724277,6530.424864166667,49136.84847397785,0.0,49136.84847397785,0.0,49136.84847397785,10800.0,10800.0
2025-03-02,75258.44158233535,75258.44158233535,0.0,0.0,373.0656037611104,18121.302240216046,19028.001425741666,47305.07404636263,0.0,47305.07404636263,2449.094826081673,49754.1688724443,10800.0,5966.948209814815
2025-03-03,82876.42377651234,82876.42377651234,0.0,0.0,994.1855998500066,21821.672627746902,17706.407644316663,51002.8716369572,0.0,51002.8716369572,6600.542342073786,57603.413979030986,5966.948209814815,5932.667303324074
2025-03-04,73377.72866612826,73377.72866612826,0.0,0.0,618.7827022805618,22223.764708412207,18026.22918049722,44882.22237291844,0.0,44882.22237291844,4269.392792800032,49151.615165718475,5932.667303324074,5904.9120070092595
2025-03-05,76801.0400069286,76801.0400069286,0.0,0.0,285.7928461749994,20963.98610978052,16871.05946216389,46871.85100855262,0.0,46871.85100855262,1978.0166450467964,48849.86765359942,5904.9120070092595,6026.877881185185
2025-03-06,71490.88509442387,71490.88509442387,0.0,0.0,274.6547019666662,22359.513982777764,18042.69019303333,43340.58078709283,0.0,43340.58078709283,1816.2557930561304,45156.83658014896,6026.877881185185,6103.006917870369
2025-03-07,76772.33734411179,76772.33734411179,0.0,0.0,0.0,14373.072354629621,7414.894833333333,47157.16678366129,0.0,47157.16678366129,0.0,47157.16678366129,6103.006917870369,10800.0
2025-03-08,65485.53906568929,65485.53906568929,0.0,0.0,0.0,10056.071167352537,8145.417645555554,40415.65528506316,0.0,40415.65528506316,0.0,40415.65528506316,10800.0,10800.0
2025-03-09,69920.01752105281,69920.01752105281,0.0,0.0,252.76685081666727,16093.032648508228,17340.176452516665,43285.64711843894,0.0,43285.64711843894,1756.4480012166543,45042.09511965559,10800.0,6016.866658638889
2025-03-10,71554.83385169752,71554.83385169752,0.0,0.0,1114.2714326500043,22044.634846646095,17974.197999849996,42932.45186814756,0.0,42932.45186814756,6182.049558558367,49114.50142670593,6016.866658638889,5885.706909675926
2025-03-11,62663.243930387514,62663.243930387514,0.0,0.0,5179.280750325005,17572.33495646776,14052.937947730548,38123.33996579529,0.0,38123.33996579529,33698.75776227979,71822.09772807508,5885.706909675926,6086.432873018518
2025-03-12,71736.19652246567,71736.19652246567,0.0,0.0,210.9777558333376,21605.502910246913,17673.453434224997,43412.201745843326,0.0,43412.201745843326,1471.780824693363,44883.98257053669,6086.432873018518,5894.215009768518
2025-03-13,72003.62281037036,72003.62281037036,0.0,0.0,744.6052075750051,21639.357588096707,17336.317391591663,43370.22218897293,0.0,43370.22218897293,5133.062399023236,48503.28458799617,5894.215009768518,6107.0619595092585
2025-03-14,64019.006204266116,64019.006204266116,0.0,0.0,0.0,15221.47442050412,8105.750044166665,38840.29542622218,0.0,38840.29542622218,0.0,38840.29542622218,6107.0619595092585,10800.0
2025-03-15,65899.85795410836,65899.85795410836,0.0,0.0,0.0,9291.432421810701,7535.332678333336,40505.780492725615,0.0,40505.780492725615,0.0,40505.780492725615,10800.0,10789.697314814815
2025-03-16,63435.9870220679,63435.9870220679,0.0,0.0,1.640000000000024,16938.554664036346,18061.58864,39488.30973298071,0.0,39488.30973298071,7.46118000000011,39495.77091298071,10789.697314814815,5965.964690225306
2025-03-17,64566.69631901577,64566.69631901577,0.0,0.0,800.5066827583364,21839.371667908097,17558.907753075,38265.85922664686,0.0,38265.85922664686,5371.396030022158,43637.25525666902,5965.964690225306,6111.501687925926
2025-03-18,73054.35375266803,73054.35375266803,0.0,0.0,0.0,19841.49068037722,16138.969176111112,44292.081363868914,0.0,44292.081363868914,0.0,44292.081363868914,6111.501687925926,6036.655326808644
2025-03-19,59401.221955452675,59401.221955452675,0.0,0.0,3729.396099622226,18341.787779444436,14861.489007877772,36142.0762755528,0.0,36142.0762755528,24134.692538274918,60276.768813827715,6036.655326808644,6031.498763999999
2025-03-20,67858.18641902262,67858.18641902262,0.0,0.0,1303.765382108323,22029.236586183128,17728.588624558342,40919.81702917174,0.0,40919.81702917174,6945.3301624402475,47865.147191611984,6031.498763999999,6159.3798865
2025-03-21,65319.703051649514,65319.703051649514,0.0,0.0,0.0,15834.662821584367,8649.518783333333,39110.91605146959,0.0,39110.91605146959,0.0,39110.91605146959,6159.3798865,10800.0
2025-03-22,63291.65691686111,63291.65691686111,0.0,0.0,0.0,9520.402524108364,7724.1673778611075,39202.71706730605,0.0,39202.71706730605,0.0,39202.71706730605,10800.0,10785.954074074074
2025-03-23,64126.741090034295,64126.741090034295,0.0,0.0,283.70970276389113,15174.761036556927,16587.581083069443,39681.48131676307,0.0,39681.48131676307,1897.5879897784048,41579.069306541474,10785.954074074074,6012.593359120368
2025-03-24,65460.836461327155,65460.836461327155,0.0,0.0,206.3672935361159,21563.574685596708,17615.250127574996,39067.81038084421,0.0,39067.81038084421,1429.1188702371112,40496.929251081325,6012.593359120368,5847.310434407407
2025-03-25,72976.17022304525,72976.17022304525,0.0,0.0,178.48704418333608,20655.646515994515,16661.244650538887,43900.74265748628,0.0,43900.74265748628,1086.8070516074526,44987.54970909373,5847.310434407407,5924.898242648148
2025-03-26,62394.14403896433,62394.14403896433,0.0,0.0,751.9929384861093,21632.831347057603,17514.417140125,37645.70957377073,0.0,37645.70957377073,4009.6573926098968,41655.36696638062,5924.898242648148,5933.982965972224
2025-03-27,66250.73457486625,66250.73457486625,0.0,0.0,249.3421185083396,20973.5621401063,16861.34288510277,39752.259002591556,0.0,39752.259002591556,1455.8107550408436,41208.0697576324,5933.982965972224,6075.363464175926
2025-03-28,63748.242102983524,63748.242102983524,0.0,0.0,0.0,14190.826973960902,7242.396966666667,38561.594495536745,0.0,38561.594495536745,0.0,38561.594495536745,6075.363464175926,10800.0
2025-03-29,53011.72413916665,53011.72413916665,0.0,0.0,0.0,9577.278237654322,7757.5953725,32806.469036450464,0.0,32806.469036450464,0.0,32806.469036450464,10800.0,10800.0
2025-03-30,59917.53819473251,59917.53819473251,0.0,0.0,113.38078499999975,15977.221457030173,17296.930557777778,36432.923832709195,0.0,36432.923832709195,790.9443561599983,37223.86818886919,10800.0,5960.6875804629635
2025-03-31,56401.695716639224,56401.695716639224,0.0,0.0,4012.0555370609095,17181.365110661867,13823.857972177779,34103.424105788115,0.0,34103.424105788115,27077.85239426537,61181.276500053486,5960.6875804629635,6064.07398875
2025-04-01,69010.00659055212,69010.00659055212,0.0,0.0,565.9070646250051,19755.898992997245,16058.069288152774,40566.955101321095,0.0,40566.955101321095,3813.332911883265,44380.28801320436,6064.07398875,6002.083873388889
2025-04-02,65611.01680095679,65611.01680095679,0.0,0.0,579.2152128333415,21007.294752469134,17055.98151633333,38929.43477486432,0.0,38929.43477486432,4008.053873585607,42937.48864844993,6002.083873388889,5957.558576907407
2025-04-03,66720.50610265773,66720.50610265773,0.0,0.0,161.02684924999778,20113.738201995882,16251.645074083333,40277.69091831429,0.0,40277.69091831429,1078.1328154432347,41355.82373375753,5957.558576907407,6002.5395430555545
2025-04-04,57641.50048466048,57641.50048466048,0.0,0.0,0.0,14847.834235425235,7709.031319444444,34521.396246720775,0.0,34521.396246720775,0.0,34521.396246720775,6002.5395430555545,10800.0
2025-04-05,53225.71281246912,53225.71281246912,0.0,0.0,0.0,9332.05772599452,7558.966758055556,32398.197856614992,0.0,32398.197856614992,0.0,32398.197856614992,10800.0,10800.0
2025-04-06,57782.03986555211,57782.03986555211,0.0,0.0,465.39095569445044,16057.01921835733,17322.257761527773,34689.36674573212,0.0,34689.36674573212,3101.351733658574,37790.71847939069,10800.0,6004.364228157406
2025-04-07,55467.34187010287,55467.34187010287,0.0,0.0,1616.5370576027867,20339.69483621399,16568.381531841664,32835.900909918375,0.0,32835.900909918375,10997.053916844005,43832.954826762376,6004.364228157406,5900.776767592592
2025-04-08,64148.79263104938,64148.79263104938,0.0,0.0,536.1563950000035,20499.68051280178,16644.961766111108,38199.46580752786,0.0,38199.46580752786,3578.6460103579407,41778.111817885794,5900.776767592592,5856.087266768521
2025-04-09,62564.693264125504,62564.693264125504,0.0,0.0,744.9121286638899,21242.60290581276,17179.830366058333,37056.58880458872,0.0,37056.58880458872,5158.90573884263,42215.49454343135,5856.087266768521,5885.729475268519
2025-04-10,60687.33076664951,60687.33076664951,0.0,0.0,267.64155250833414,21572.13251693416,17194.261632491667,36532.97756767666,0.0,36532.97756767666,1653.7505936378016,38186.72816131446,5885.729475268519,6195.913593296296
2025-04-11,50794.043644492456,50794.043644492456,0.0,0.0,0.0,15007.6196082716,8012.494116666666,30594.051698607713,0.0,30594.051698607713,0.0,30594.051698607713,6195.913593296296,10800.0
2025-04-12,60479.732226231135,60479.732226231135,0.0,0.0,0.0,8672.122407407402,7029.607566666667,36661.85612251889,0.0,36661.85612251889,0.0,36661.85612251889,10800.0,10794.235092592593
2025-04-13,52633.88230616254,52633.88230616254,0.0,0.0,765.2064682444545,15205.346105843619,16571.38186536666,32079.850763182483,0.0,32079.850763182483,5148.070577287065,37227.92134046955,10794.235092592593,6066.400070777778
2025-04-14,61515.09769083333,61515.09769083333,0.0,0.0,170.72420249999792,19775.1441570096,16102.27074777778,36805.7015739286,0.0,36805.7015739286,1188.3802376433187,37994.081811571916,6066.400070777778,5972.617870111109
2025-04-15,52857.8652116015,52857.8652116015,0.0,0.0,1827.6170791666696,19903.30722801783,16042.169918611116,31324.954134324435,0.0,31324.954134324435,12358.661528222103,43683.61566254654,5972.617870111109,6060.961132425927
2025-04-16,59268.77307609053,59268.77307609053,0.0,0.0,1192.7823357472248,20109.73590099794,16463.957751475,34511.773286390555,0.0,34511.773286390555,8099.144410360729,42610.91769675128,6060.961132425927,5866.4370527962965
2025-04-17,53126.18704268861,53126.18704268861,0.0,0.0,3524.9526507472247,17290.946651021946,13643.422409252777,32233.27302812445,0.0,32233.27302812445,22616.574065335746,54849.847093460194,5866.4370527962965,6268.930806212965
2025-04-18,53672.78732043895,53672.78732043895,0.0,0.0,0.0,14232.992088432782,7450.761317222221,31912.354986554932,0.0,31912.354986554932,0.0,31912.354986554932,6268.930806212965,10800.0
2025-04-19,53434.20064083333,53434.20064083333,0.0,0.0,0.0,8490.523004115226,6890.82055,31944.208178428446,0.0,31944.208178428446,0.0,31944.208178428446,10800.0,10785.003425925926
2025-04-20,49180.028359509604,49180.028359509604,0.0,0.0,1438.3916430482518,14639.817464951988,16101.317428536113,30260.189681090797,0.0,30260.189681090797,9865.647633889956,40125.83731498075,10785.003425925926,6070.486446009259
2025-04-21,57872.55668067214,57872.55668067214,0.0,0.0,184.2677633333323,19160.485046323724,15638.31068638889,34173.90180881264,0.0,34173.90180881264,1201.0943649733263,35374.99617378596,6070.486446009259,5939.022225046297
2025-04-22,52886.253496615216,52886.253496615216,0.0,0.0,2752.8902122083314,18321.488202448556,14867.395257791672,31145.572373240706,0.0,31145.572373240706,18533.182049511415,49678.75442275212,5939.022225046297,5909.033543037036
2025-04-23,50531.382295037714,50531.382295037714,0.0,0.0,4130.019048227779,16387.01613587106,13172.13505843889,30035.273113178162,0.0,30035.273113178162,27022.57103273229,57057.84414591045,5909.033543037036,6021.642444833332
2025-04-24,51639.28098561042,51639.28098561042,0.0,0.0,590.8559596750006,19768.927198196157,15849.702848380557,30674.580414114123,0.0,30674.580414114123,4019.791307934255,34694.37172204838,6021.642444833332,6202.895980564814
2025-04-25,50286.28756772977,50286.28756772977,0.0,0.0,0.0,14010.395124475312,7211.0264333333325,30510.40329065621,0.0,30510.40329065621,0.0,30510.40329065621,6202.895980564814,10800.0
2025-04-26,45153.26262666666,45153.26262666666,0.0,0.0,0.0,11204.431578532236,9075.58957861111,28155.30387201244,0.0,28155.30387201244,0.0,28155.30387201244,10800.0,10800.0
2025-04-27,45688.28315166666,45688.28315166666,0.0,0.0,2208.508582022225,16237.38518433128,17465.717594366673,28216.459265754493,0.0,28216.459265754493,13612.20926005533,41828.66852580982,10800.0,6007.293783268518
2025-04-28,60674.42911810699,60674.42911810699,0.0,0.0,429.9622903999976,20237.756202551434,16362.881999600004,35414.610272100756,0.0,35414.610272100756,2827.364651410383,38241.97492351114,6007.293783268518,6040.29436600926
2025-04-29,50831.85844842249,50831.85844842249,0.0,0.0,1495.4973775000062,18225.44630026749,14676.189646666666,30376.227322746206,0.0,30376.227322746206,10253.872523016707,40630.09984576292,6040.29436600926,6136.318651064817
2025-04-30,48625.59170832303,48625.59170832303,0.0,0.0,2497.5176823111105,15871.474849434151,13044.250562133335,29508.57772172332,0.0,29508.57772172332,15354.387287316997,44862.965009040316,6136.318651064817,5927.034279851851
2025-05-01,51153.89016889575,51153.89016889575,0.0,0.0,3669.5367305944465,18805.66572949246,15710.953861905557,30781.551072971364,0.0,30781.551072971364,22544.213115040377,53325.764188011744,5927.034279851851,5395.518034277778
2025-05-02,62923.4359241358,62923.4359241358,0.0,0.0,0.0,15545.491785432096,7828.288666666667,36899.054642881776,0.0,36899.054642881776,0.0,36899.054642881776,5395.518034277778,10688.362122648146
2025-05-03,52836.9229141549,52836.9229141549,0.0,0.0,0.0,9136.696119547329,7745.911566666667,31914.690746284417,0.0,31914.690746284417,0.0,31914.690746284417,10688.362122648146,10304.820222833336
2025-05-04,50169.982212451985,50169.982212451985,0.0,0.0,2034.915353333335,13295.589386111098,15162.416962500003,30440.15452162997,0.0,30440.15452162997,12913.748544126262,43353.90306575623,10304.820222833336,5423.720712000001
2025-05-05,57093.63335416665,57093.63335416665,0.0,0.0,1902.7025488499985,20256.09148916666,16395.308901149998,34172.709729935406,0.0,34172.709729935406,12310.454123710824,46483.16385364623,5423.720712000001,5437.193162083333
2025-05-06,50193.8638642284,50193.8638642284,0.0,0.0,5859.841616466668,17365.73055756173,14197.876013533336,30051.08204756568,0.0,30051.08204756568,35370.28471302934,65421.36676059502,5437.193162083333,5290.932871074075
2025-05-07,53454.50335650206,53454.50335650206,0.0,0.0,5040.5700544542215,17222.202705997945,13801.689036708334,32398.27511700551,0.0,32398.27511700551,32023.791427936067,64422.066544941576,5290.932871074075,5455.705265685186
2025-05-08,58908.948327088474,58908.948327088474,0.0,0.0,2481.540088655558,19541.50108177297,15491.805071344446,34228.58190254342,0.0,34228.58190254342,16342.67056492974,50571.252467473154,5455.705265685186,5829.939493342593
2025-05-09,62165.403248837436,62165.403248837436,0.0,0.0,0.0,14494.031050264057,7267.1106947222215,36601.42157716572,0.0,36601.42157716572,0.0,36601.42157716572,5829.939493342593,10800.0
2025-05-10,55285.065391975295,55285.065391975295,0.0,0.0,0.0,8628.584317901234,6989.153297500001,33197.508301643305,0.0,33197.508301643305,0.0,33197.508301643305,10800.0,10800.0
2025-05-11,51410.07316777551,51410.07316777551,0.0,0.0,2199.4885953611133,13553.55696356996,15549.666139600002,31232.613426166114,0.0,31232.613426166114,14929.155388497911,46161.76881466403,10800.0,5720.794445435186
2025-05-12,49744.80555287036,49744.80555287036,0.0,0.0,5232.867384625004,14067.069956759256,11062.606755375,30463.43838057816,0.0,30463.43838057816,34701.85170204844,65165.290082626605,5720.794445435186,6089.372122768518
2025-05-13,59632.52780946501,59632.52780946501,0.0,0.0,1421.0107727055613,18753.44150780178,15194.237636461112,35001.588487822184,0.0,35001.588487822184,9646.607026101063,44648.195513923245,6089.372122768518,6084.983217055556
2025-05-14,57082.933685634416,57082.933685634416,0.0,0.0,59.46275361111532,19091.082459873112,15672.855978888885,34857.27558092889,0.0,34857.27558092889,330.3776795328062,35187.653260461695,6084.983217055556,5852.673009953704
2025-05-15,55952.475424948556,55952.475424948556,0.0,0.0,746.3745315777776,18688.465301892997,14847.885172033335,34981.7833288425,0.0,34981.7833288425,4678.143042376164,39659.926371218666,5852.673009953704,6174.64159050926
2025-05-16,51949.77898731482,51949.77898731482,0.0,0.0,0.0,13474.68586651234,6751.672983333334,32552.41175136485,0.0,32552.41175136485,0.0,32552.41175136485,6174.64159050926,10800.0
2025-05-17,55538.27369837106,55538.27369837106,0.0,0.0,0.0,8628.46775720165,7005.42905,34351.70670667968,0.0,34351.70670667968,0.0,34351.70670667968,10800.0,10781.810925925925
2025-05-18,55515.14129113169,55515.14129113169,0.0,0.0,11.079440861113861,14185.499176825684,15880.722026278803,33889.81699014423,0.0,33889.81699014423,63.81729182141568,33953.63428196565,10781.810925925925,5903.513489203704
2025-05-19,54241.21731466049,54241.21731466049,0.0,0.0,510.6101415388973,18525.69080064128,14912.96784929444,32649.629820007813,0.0,32649.629820007813,3544.4319180386806,36194.06173804649,5903.513489203704,6006.670932787037
2025-05-20,53667.403424602184,53667.403424602184,0.0,0.0,3757.423727936114,15480.622002657745,12626.51083345278,32518.800122362336,0.0,32518.800122362336,25446.676003359848,57965.47612572218,6006.670932787037,5909.774253564816
2025-05-21,50103.55337796981,50103.55337796981,0.0,0.0,4071.6891309944463,14842.704391303156,12140.734796505561,31121.15938899615,0.0,31121.15938899615,26426.77103603933,57547.930425035476,5909.774253564816,5778.502876287037
2025-05-22,53689.76752650547,53689.76752650547,0.0,0.0,1202.2168331138937,18081.485721505484,14115.032981052776,33043.692655103514,0.0,33043.692655103514,8291.878310986656,41335.57096609017,5778.502876287037,6368.470046694444
2025-05-23,56224.58868054183,56224.58868054183,0.0,0.0,0.0,13416.671244413577,6879.126749999999,33609.46736619907,0.0,33609.46736619907,0.0,33609.46736619907,6368.470046694444,10800.0
2025-05-24,46565.82351583333,46565.82351583333,0.0,0.0,0.0,11300.424395061727,9153.34376,29757.377759563075,0.0,29757.377759563075,0.0,29757.377759563075,10800.0,10800.0
2025-05-25,48798.85514752221,48798.85514752221,0.0,0.0,1066.67722581112,12657.953124094653,14522.243497500001,30272.112757207662,0.0,30272.112757207662,7076.8070947783,37348.919851985964,10800.0,6056.3317033518515
2025-05-26,51861.40644366255,51861.40644366255,0.0,0.0,5359.04240483889,13612.475851718113,11042.697475716668,31913.975628817956,0.0,31913.975628817956,35058.43446608402,66972.41009490198,6056.3317033518515,6037.896107990741
2025-05-27,49323.82891593621,49323.82891593621,0.0,0.0,2921.661304638893,15209.493153158433,12412.046465083331,30584.39129616705,0.0,30584.39129616705,18442.18077706266,49026.572073229705,6037.896107990741,5935.2772068518525
2025-05-28,56676.64329286008,56676.64329286008,0.0,0.0,762.0878550250078,19404.837165072015,15682.945956641666,33674.743465517415,0.0,33674.743465517415,5311.635164931121,38986.37863044853,5935.2772068518525,5974.135148037038
2025-05-29,55619.78342742797,55619.78342742797,0.0,0.0,2473.066941691672,18946.260465761316,15082.420864975002,33302.23326717064,0.0,33302.23326717064,16820.060717739827,50122.293984910466,5974.135148037038,6267.524161694446
2025-05-30,59086.72291375298,59086.72291375298,0.0,0.0,0.0,13314.183996265429,6705.260782499999,35592.149083741024,0.0,35592.149083741024,0.0,35592.149083741024,6267.524161694446,10800.0
2025-05-31,57513.25990256516,57513.25990256516,0.0,0.0,0.0,8506.171356995883,6995.841549166666,35960.40440461058,0.0,35960.40440461058,0.0,35960.40440461058,10800.0,10682.396944444445
2025-06-01,66018.74571672839,66018.74571672839,0.0,0.0,4277.405309166668,16424.44226325789,18648.055563888887,40418.22591989755,0.0,40418.22591989755,24687.26221950043,65105.48813939798,10682.396944444445,4744.333243722223
2025-06-02,74487.16055447557,74487.16055447557,0.0,0.0,3598.9413285941346,22645.336392654317,18372.808914241672,44813.546606562144,0.0,44813.546606562144,23153.076424642175,67966.62303120432,4744.333243722223,4710.9038701759255
2025-06-03,68261.41904437928,68261.41904437928,0.0,0.0,4534.700246813898,22205.102517290805,17838.434996797216,40631.38158920097,0.0,40631.38158920097,29541.004981979993,70172.38657118096,4710.9038701759255,4875.012805962964
2025-06-04,79098.08457032236,79098.08457032236,0.0,0.0,2261.9967077777806,21001.763650195462,17060.5094925,47947.779097209714,0.0,47947.779097209714,14410.635580512659,62358.41467772237,4875.012805962964,4820.478432805557
2025-06-05,69033.15445699588,69033.15445699588,0.0,0.0,6897.829103144446,21644.38104949588,17320.678305466667,40721.79766199895,0.0,40721.79766199895,43909.34530999017,84631.14297198912,4820.478432805557,5055.223260166667
2025-06-06,77472.90480574759,77472.90480574759,0.0,0.0,0.0,15607.099273611102,7503.268150000001,47516.874821709695,0.0,47516.874821709695,0.0,47516.874821709695,5055.223260166667,10764.647995305555
2025-06-07,76480.76237802126,76480.76237802126,0.0,0.0,0.0,8394.661709053498,6943.030766666668,48297.49325354407,0.0,48297.49325354407,0.0,48297.49325354407,10764.647995305555,10605.364903824075
2025-06-08,61816.51646587448,61816.51646587448,0.0,0.0,3875.6003516666715,13803.070559176946,15969.502418333333,38043.81506516225,0.0,38043.81506516225,25436.186834480857,63480.0018996431,10605.364903824075,5284.236831157408
2025-06-09,78584.67905279968,78584.67905279968,0.0,0.0,548.3576172222204,22250.428955390937,17607.750745,48417.2961750909,0.0,48417.2961750909,3686.7946544501265,52104.090829541026,5284.236831157408,5745.455396564815
2025-06-10,73096.03687598766,73096.03687598766,0.0,0.0,2578.2240406305555,21185.641817654323,17192.675428258335,44773.79663978965,0.0,44773.79663978965,16835.614091894364,61609.410731684016,5745.455396564815,5709.560334388888
2025-06-11,79137.02859203864,79137.02859203864,0.0,0.0,1738.8033521777752,24024.28788318586,19319.05304924722,49545.832570411396,0.0,49545.832570411396,8740.075897800914,58285.90846821231,5709.560334388888,5865.804930092592
2025-06-12,77404.40489576379,77404.40489576379,0.0,0.0,691.2674334916721,22626.984854307266,17998.792191197215,47915.36330857495,0.0,47915.36330857495,4731.591971536347,52646.9552801113,5865.804930092592,6231.43330875
2025-06-13,77964.0089808852,77964.0089808852,0.0,0.0,0.0,13430.31711270576,6766.846839166666,48547.11725098461,0.0,48547.11725098461,0.0,48547.11725098461,6231.43330875,10800.0
2025-06-14,74007.12923018861,74007.12923018861,0.0,0.0,0.0,8854.00883436214,7171.747155833333,46492.52684215833,0.0,46492.52684215833,0.0,46492.52684215833,10800.0,10800.0
2025-06-15,66308.32260702674,66308.32260702674,0.0,0.0,3541.658978349997,13961.05955197874,15661.857694427783,42165.39523810993,0.0,42165.39523810993,24052.988793128417,66218.38403123835,10800.0,5962.889491861111
2025-06-16,75196.1007724794,75196.1007724794,0.0,0.0,2319.99034400278,22349.33429247942,17880.350778775,46473.7251889171,0.0,46473.7251889171,14372.205395956233,60845.930584873335,5962.889491861111,6210.233934231482
2025-06-17,76479.69090182098,76479.69090182098,0.0,0.0,2350.845947030559,21398.57712281893,17614.413628525,47593.58451936618,0.0,47593.58451936618,15955.858089435125,63549.442608801306,6210.233934231482,5897.382646407406
2025-06-18,77106.80328500342,77106.80328500342,0.0,0.0,31.23389333333322,22341.590093436207,17921.108760000003,47586.64071076315,0.0,47586.64071076315,210.69405880666594,47797.33476956982,5897.382646407406,6092.470663833333
2025-06-19,72573.6608726886,72573.6608726886,0.0,0.0,2310.591951785466,20138.671251210555,16150.722165988886,44404.22590574389,0.0,44404.22590574389,15591.232896528085,59995.458802271976,6092.470663833333,6272.027938824073
2025-06-20,74616.55352752743,74616.55352752743,0.0,0.0,0.0,13316.412938343617,6711.119625,45949.91946087485,0.0,45949.91946087485,0.0,45949.91946087485,6272.027938824073,10800.0
2025-06-21,64650.95687624828,64650.95687624828,0.0,0.0,0.0,8675.140010288065,7026.863408333333,40971.73085192338,0.0,40971.73085192338,0.0,40971.73085192338,10800.0,10800.0
2025-06-22,64770.877494218104,64770.877494218104,0.0,0.0,2001.263028327784,14911.502704927983,16452.84079111666,40407.14222912851,0.0,40407.14222912851,13662.823235887923,54069.96546501644,10800.0,5939.418222083333
2025-06-23,71469.08976417696,71469.08976417696,0.0,0.0,677.5994921777785,22015.093773504792,17778.79970532222,44272.60790055846,0.0,44272.60790055846,4685.9253748018655,48958.53327536033,5939.418222083333,5998.780723435186
2025-06-24,82812.52025245884,82812.52025245884,0.0,0.0,671.4154269694432,23831.9351449417,19340.46778108611,51693.992862572384,0.0,51693.992862572384,3420.9756050852607,55114.96846765764,5998.780723435186,5958.113708231482
2025-06-25,73608.76992102194,73608.76992102194,0.0,0.0,2232.569446250005,19976.612720692727,16179.797902361108,44840.81575438418,0.0,44840.81575438418,15234.039013361493,60074.85476774567,5958.113708231482,5959.51193200926
2025-06-26,70036.6837388786,70036.6837388786,0.0,0.0,1761.2250860166714,19879.05184881344,16015.34152620555,43437.825628282764,0.0,43437.825628282764,12071.152867112356,55508.97849539512,5959.51193200926,6055.834677935185
2025-06-27,72772.15403979423,72772.15403979423,0.0,0.0,0.0,13939.546136656378,7021.283580833334,45438.014116984836,0.0,45438.014116984836,0.0,45438.014116984836,6055.834677935185,10800.0
2025-06-28,66822.96109017488,66822.96109017488,0.0,0.0,0.0,8403.117651234572,6835.588964166667,42567.781209825844,0.0,42567.781209825844,0.0,42567.781209825844,10800.0,10767.707037037037
2025-06-29,63371.03985745885,63371.03985745885,0.0,0.0,4419.342200988894,13368.166359681072,15007.033737900001,39662.3889539503,0.0,39662.3889539503,29889.91986612988,69552.30882008019,10767.707037037037,6124.5748297499995
2025-06-30,74445.07295081893,74445.07295081893,0.0,0.0,110.02662555555571,22150.79153744856,18086.557022555557,45736.41160928915,0.0,45736.41160928915,745.2173092080566,46481.628918497205,6124.5748297499995,5964.112743947529
2025-07-01,64677.3695489369,64677.3695489369,0.0,0.0,15650.476960172224,14602.515425325797,13141.212949550001,39568.566145737976,0.0,39568.566145737976,96959.26025284617,136527.82639858415,5964.112743947529,4505.028905018518
2025-07-02,62629.320442733195,62629.320442733195,0.0,0.0,12951.443808977778,14097.251168566534,11421.253283522226,39039.74471785833,0.0,39039.74471785833,80097.50378546571,119137.24850332405,4505.028905018518,4502.273530592593
2025-07-03,71853.05263496912,71853.05263496912,0.0,0.0,11803.697804875002,18887.379484135803,14991.047977625,43760.795333539216,0.0,43760.795333539216,72425.0717479352,116185.86708147443,4502.273530592593,4844.195091175926
2025-07-04,63567.467005781895,63567.467005781895,0.0,0.0,0.0,16120.359921141973,9010.037354999999,39272.82578601023,0.0,39272.82578601023,0.0,39272.82578601023,4844.195091175926,9341.366403537038
2025-07-05,57579.47214541151,57579.47214541151,0.0,0.0,0.0,11230.889922222213,9028.833238333333,36931.65306680091,0.0,36931.65306680091,0.0,36931.65306680091,9341.366403537038,9417.130402055558
2025-07-06,60832.45324235939,60832.45324235939,0.0,0.0,16611.480538913886,9598.154461526066,11948.20223025278,38975.546509471445,0.0,38975.546509471445,101401.81202174662,140377.35853121808,9417.130402055558,4779.689161592594
2025-07-07,68309.73684072014,68309.73684072014,0.0,0.0,8430.323284780665,17042.339222767492,13711.761863933332,42384.74418681349,0.0,42384.74418681349,53192.412160971304,95577.1563477848,4779.689161592594,4882.503502157408
2025-07-08,75759.37536024005,75759.37536024005,0.0,0.0,5420.812245138896,22089.198550884772,17506.681318749994,46782.08628561269,0.0,46782.08628561269,33168.394447982755,79950.48073359544,4882.503502157408,5310.914066009259
2025-07-09,79859.52667901358,79859.52667901358,0.0,0.0,1312.2726384638922,22861.040198628252,18132.888438047215,49300.24740662171,0.0,49300.24740662171,8724.124046982639,58024.37145360435,5310.914066009259,5738.196424722222
2025-07-10,73622.05858221685,73622.05858221685,0.0,0.0,3318.6354800722256,19877.57366242798,15916.24128125,46455.523818034875,0.0,46455.523818034875,22302.1303008078,68757.65411884268,5738.196424722222,5943.300186185185
2025-07-11,82763.07545627649,82763.07545627649,0.0,0.0,0.0,14643.839405267487,7490.480085833334,51741.040425015424,0.0,51741.040425015424,0.0,51741.040425015424,5943.300186185185,10800.0
2025-07-12,67149.73259011758,67149.73259011758,0.0,0.0,0.0,9326.091429012347,7554.134057500001,43640.3989774394,0.0,43640.3989774394,0.0,43640.3989774394,10800.0,10800.0
2025-07-13,74541.69149763716,74541.69149763716,0.0,0.0,278.48244491666765,15402.053979763377,16875.035923416668,48768.53937844225,0.0,48768.53937844225,1775.9111214470067,50544.45049988925,10800.0,5911.8086668796295
2025-07-14,76349.25112968791,76349.25112968791,0.0,0.0,1468.9661512083421,19957.087991982156,16084.362294347218,47385.78280411428,0.0,47385.78280411428,9947.361593695496,57333.144397809774,5911.8086668796295,6001.674199277778
2025-07-15,79953.66349797323,79953.66349797323,0.0,0.0,183.04150547222415,20298.505415041152,16327.876963416667,49793.54888786781,0.0,49793.54888786781,1223.3011620548184,51016.85004992263,6001.674199277778,6128.243557907408
2025-07-16,76820.80961391974,76820.80961391974,0.0,0.0,63.823856666666565,20537.34101802126,16464.09223,48937.54680463907,0.0,48937.54680463907,430.92535781833266,49368.4721624574,6128.243557907408,6318.414663015433
2025-07-17,74571.67887048697,74571.67887048697,0.0,0.0,2195.2398867819,20799.701318871743,17095.454676499998,46832.84454251552,0.0,46832.84454251552,14914.092580710241,61746.93712322576,6318.414663015433,6043.196209444444
2025-07-18,85775.45829267832,85775.45829267832,0.0,0.0,0.0,13992.390477160487,7052.712874999999,53921.98791250524,0.0,53921.98791250524,0.0,53921.98791250524,6043.196209444444,10800.0
2025-07-19,78100.24789791153,78100.24789791153,0.0,0.0,0.0,8390.075401234566,6837.654574999999,50830.64190320417,0.0,50830.64190320417,0.0,50830.64190320417,10800.0,10753.673888888889
2025-07-20,75364.96613539074,75364.96613539074,0.0,0.0,285.6538236194466,15434.88215869684,16738.50552061944,47670.770714267885,0.0,47670.770714267885,1964.4809605559265,49635.25167482381,10753.673888888889,6046.728364361112
2025-07-21,80804.74761097049,80804.74761097049,0.0,0.0,165.7086580361132,21489.792830277776,17384.866848908332,50622.82910480398,0.0,50622.82910480398,1111.5391411824257,51734.36824598641,6046.728364361112,6071.023190601853
2025-07-22,76316.500481286,76316.500481286,0.0,0.0,1451.3528248583339,20197.354889063783,16337.595210975003,48152.63626827535,0.0,48152.63626827535,9975.192637019114,58127.82890529447,6071.023190601853,6095.75902300926
2025-07-23,86575.31418463893,86575.31418463893,0.0,0.0,123.63152964166677,20372.537607825787,16552.178487547222,54735.445587345144,0.0,54735.445587345144,840.8498993997803,55576.29548674492,6095.75902300926,6039.733439444443
2025-07-24,85737.98409589849,85737.98409589849,0.0,0.0,1.8474166666668073,20687.561612390255,16318.697487777777,54244.33718094108,0.0,54244.33718094108,12.45370575000095,54256.79088669108,6039.733439444443,6526.652793064813
2025-07-25,74311.70865347734,74311.70865347734,0.0,0.0,0.0,13479.14265585391,7072.093065000001,47158.501720093656,0.0,47158.501720093656,0.0,47158.501720093656,6526.652793064813,10800.0
2025-07-26,76291.07883070986,76291.07883070986,0.0,0.0,0.0,9088.3189691358,7372.985781666667,48438.53027004643,0.0,48438.53027004643,0.0,48438.53027004643,10800.0,10787.280648148148
2025-07-27,73005.4275825,73005.4275825,0.0,0.0,2297.5975794187334,15338.0902272334,16617.66070919238,46571.81433278463,0.0,46571.81433278463,15682.291313612255,62254.105646396885,10787.280648148148,6127.494397999999
2025-07-28,81093.58674542181,81093.58674542181,0.0,0.0,1370.4722111138803,22216.256906687253,18145.251656941677,50523.27754035764,0.0,50523.27754035764,8671.8225772574,59195.10011761504,6127.494397999999,5960.734884083335
2025-07-29,77341.14790303839,77341.14790303839,0.0,0.0,2869.385848516674,19747.434441649515,15829.65664092777,48403.02258722506,0.0,48403.02258722506,19356.48701994082,67759.50960716588,5960.734884083335,6144.91850275926
2025-07-30,70289.90214804526,70289.90214804526,0.0,0.0,7232.789793302778,16663.88330332304,13479.114796975002,44393.88836119629,0.0,44393.88836119629,47310.87098269359,91704.75934388988,6144.91850275926,6165.619256888889
2025-07-31,74510.710179417,74510.710179417,0.0,0.0,4419.085905136111,19691.4599433059,15865.796674586114,46477.46261279459,0.0,46477.46261279459,29975.782858052335,76453.24547084692,6165.619256888889,6259.270234101852
2025-08-01,73802.50577881001,73802.50577881001,0.0,0.0,0.0,13867.347327335388,7145.894545833333,46864.792597329826,0.0,46864.792597329826,0.0,46864.792597329826,6259.270234101852,10800.0
2025-08-02,77145.73209416665,77145.73209416665,0.0,0.0,0.0,8787.754130658439,7163.043429166665,49569.91569530589,0.0,49569.91569530589,0.0,49569.91569530589,10800.0,10750.041574074074
2025-08-03,60043.23196333333,60043.23196333333,0.0,0.0,1743.7814959333318,15750.826323508229,17124.196832400004,39608.44245917007,0.0,39608.44245917007,10949.490105750947,50557.93256492102,10750.041574074074,5898.899895898149
2025-08-04,69570.18610793895,69570.18610793895,0.0,0.0,11.126262499999939,19454.995458755147,15590.628023611112,44881.78659301421,0.0,44881.78659301421,75.01083312291627,44956.79742613712,5898.899895898149,6085.47578254321
2025-08-05,67782.80257384773,67782.80257384773,0.0,0.0,850.8103698241795,18920.83789580246,15452.34766296389,43468.23887523616,0.0,43468.23887523616,5917.096557833762,49385.33543306992,6085.47578254321,5944.9547076944455
2025-08-06,75239.10455741425,75239.10455741425,0.0,0.0,6.989421666666658,20248.68491116254,16291.343393888888,48732.62904937091,0.0,48732.62904937091,47.22402749083327,48779.85307686174,5944.9547076944455,6067.2784678641965
2025-08-07,77212.42190720164,77212.42190720164,0.0,0.0,509.85517100833874,19848.23461255829,15951.967677325,47686.02902347413,0.0,47686.02902347413,3540.028678649171,51226.057702123304,6067.2784678641965,6206.281088805556
2025-08-08,66618.37814257201,66618.37814257201,0.0,0.0,0.0,14568.230787129625,7665.9199175,42630.20923649942,0.0,42630.20923649942,0.0,42630.20923649942,6206.281088805556,10800.0
2025-08-09,65721.8277606653,65721.8277606653,0.0,0.0,0.0,9372.148581275718,7591.440350833333,42699.28028582775,0.0,42699.28028582775,0.0,42699.28028582775,10800.0,10800.0
2025-08-10,65464.75898058298,65464.75898058298,0.0,0.0,71.62615845833261,13870.854837256516,15603.965121819443,43070.44137673173,0.0,43070.44137673173,477.48807066953714,43547.92944740127,10800.0,5946.030329287037
2025-08-11,69129.59625743827,69129.59625743827,0.0,0.0,1279.1090713000076,20601.89864375514,16679.97947203333,43361.68216896613,0.0,43361.68216896613,8814.548879367485,52176.23104833362,5946.030329287037,5954.428584185184
2025-08-12,75218.83749952675,75218.83749952675,0.0,0.0,796.8933420222295,19104.301614509597,15300.523474644442,46985.93032495208,0.0,46985.93032495208,5492.975148331991,52478.905473284074,5954.428584185184,6147.718398750001
2025-08-13,67301.0210232956,67301.0210232956,0.0,0.0,2556.7702154805656,17866.39516440672,14418.838626186109,42459.84701182788,0.0,42459.84701182788,17281.385719615693,59741.23273144357,6147.718398750001,6206.5422398425935
2025-08-14,68851.60268245541,68851.60268245541,0.0,0.0,1209.097493052782,20434.532619677637,16563.63897361388,44226.821649078,0.0,44226.821649078,7703.152997015426,51929.974646093426,6206.5422398425935,6193.578293537036
2025-08-15,78847.41640271946,78847.41640271946,0.0,0.0,0.0,14324.139263353909,7456.773267500001,49859.236579081866,0.0,49859.236579081866,0.0,49859.236579081866,6193.578293537036,10800.0
2025-08-16,71401.20304129866,71401.20304129866,0.0,0.0,0.0,9166.639595510971,7424.978072363885,46966.77444079229,0.0,46966.77444079229,0.0,46966.77444079229,10800.0,10800.0
2025-08-17,67511.91987444443,67511.91987444443,0.0,0.0,792.4796341833373,14380.763052362821,15915.791486372222,43172.450250346665,0.0,43172.450250346665,5474.138523103378,48646.58877345004,10800.0,6058.47398449074
2025-08-18,69941.39789679012,69941.39789679012,0.0,0.0,226.53537500000007,21211.915865490402,16996.75412138889,44623.980230230845,0.0,44623.980230230845,1538.9457375420839,46162.92596777293,6058.47398449074,6263.915906333335
2025-08-19,68281.10573885115,68281.10573885115,0.0,0.0,378.877352286111,19499.734867825784,16008.083137713891,43616.98218456793,0.0,43616.98218456793,2312.01841902824,45929.00060359617,6263.915906333335,6026.918245472223
2025-08-20,77465.5209686934,77465.5209686934,0.0,0.0,1233.574965555555,22140.794219255826,17918.22507472222,47941.8363058673,0.0,47941.8363058673,7815.545000769869,55757.381306637166,6026.918245472223,6044.494070888887
2025-08-21,73174.13018611453,73174.13018611453,0.0,0.0,364.6301795000037,19167.704286934153,15373.818537166666,45786.99948420411,0.0,45786.99948420411,2487.9971328736924,48274.996617077806,6044.494070888887,6213.407332277778
2025-08-22,71774.18063115569,71774.18063115569,0.0,0.0,0.0,14760.719223395063,7828.24917,45955.21231827888,0.0,45955.21231827888,0.0,45955.21231827888,6213.407332277778,10800.0
2025-08-23,65188.58986778119,65188.58986778119,0.0,0.0,0.0,8965.345497942384,7261.929853333333,42020.8301256976,0.0,42020.8301256976,0.0,42020.8301256976,10800.0,10800.0
2025-08-24,63493.084973794124,63493.084973794124,0.0,0.0,388.88872602777565,16697.528853302472,17863.600566258334,42154.09917768058,0.0,42154.09917768058,2097.5082361227296,44251.607413803315,10800.0,5979.3308943518505
2025-08-25,90619.67332627572,90619.67332627572,0.0,0.0,35.803747499999794,20026.50332897462,16129.663487777778,57092.38186421595,0.0,57092.38186421595,241.69165235166525,57334.073516567616,5979.3308943518505,6081.335570675927
2025-08-26,69264.77894019888,69264.77894019888,0.0,0.0,453.0999120972275,20495.98137908779,16552.69891456944,44980.857464682646,0.0,44980.857464682646,2981.0599945977806,47961.91745928043,6081.335570675927,6135.831129000003
2025-08-27,70402.61128833333,70402.61128833333,0.0,0.0,1565.887697377778,19992.8548837037,16263.1761454,44991.436686095825,0.0,44991.436686095825,10745.957438212754,55737.39412430858,6135.831129000003,6059.204807222222
2025-08-28,69348.83359026062,69348.83359026062,0.0,0.0,5239.397245769442,17692.72415581619,14218.33193561945,43571.01497070598,0.0,43571.01497070598,35513.32181205864,79084.33678276461,6059.204807222222,6184.509952324074
2025-08-29,79902.1346157133,79902.1346157133,0.0,0.0,0.0,15361.337785483536,8288.742563333333,50354.104221311034,0.0,50354.104221311034,0.0,50354.104221311034,6184.509952324074,10800.0
2025-08-30,69925.53441554526,69925.53441554526,0.0,0.0,0.0,9569.315222222223,7751.14533,45860.50165667645,0.0,45860.50165667645,0.0,45860.50165667645,10800.0,10800.0
2025-08-31,63753.39556004321,63753.39556004321,0.0,0.0,2298.1739095944445,14256.670951718103,15556.217142183334,42313.15789803319,0.0,42313.15789803319,15664.411714863734,57977.56961289693,10800.0,6346.31814300926
2025-09-01,78485.96620840192,78485.96620840192,0.0,0.0,0.0,19506.71281349793,13078.113526666668,48801.871956965275,0.0,48801.871956965275,0.0,48801.871956965275,6346.31814300926,9371.122423305555
2025-09-02,65045.582997849655,65045.582997849655,0.0,0.0,0.0,18327.957444255826,14964.018419122218,41800.23144504412,0.0,41800.23144504412,0.0,41800.23144504412,9371.122423305555,9239.596990777778
2025-09-03,69240.6096645233,69240.6096645233,0.0,0.0,0.0,16065.318435109739,13174.302089722223,44506.2695234119,0.0,44506.2695234119,0.0,44506.2695234119,9239.596990777778,9060.270149351854
2025-09-04,66596.23154704046,66596.23154704046,0.0,0.0,0.0,18610.133223179004,15161.8193875,43597.93646428952,0.0,43597.93646428952,0.0,43597.93646428952,9060.270149351854,8962.924064101855
2025-09-05,60706.3112842,60706.3112842,0.0,0.0,0.0,10879.959697294229,7159.399012499999,40319.84201792943,0.0,40319.84201792943,0.0,40319.84201792943,8962.924064101855,10800.0
2025-09-06,60321.8333530111,60321.8333530111,0.0,0.0,0.0,8726.283966049383,7068.2900125,39941.72262923885,0.0,39941.72262923885,0.0,39941.72262923885,10800.0,10800.0
2025-09-07,60423.31618625171,60423.31618625171,0.0,0.0,0.0,16735.865091090534,15483.286506666665,39871.994516071485,0.0,39871.994516071485,0.0,39871.994516071485,10800.0,8658.626907907408
2025-09-08,67423.44323115225,67423.44323115225,0.0,0.0,0.0,17781.751246601503,15448.237023888887,42313.20375194324,0.0,42313.20375194324,0.0,42313.20375194324,8658.626907907408,7497.495225527774
2025-09-09,56624.60251899519,56624.60251899519,0.0,0.0,1302.7423012277843,18853.324691028807,16264.86426155,35892.572933838994,0.0,35892.572933838994,8963.423117777458,44855.99605161645,7497.495225527774,6393.416045731483
2025-09-10,67506.24484,67506.24484,0.0,0.0,704.9654004888945,21502.226598713984,17638.558177566665,41023.074794746586,0.0,41023.074794746586,4758.733351088215,45781.8081458348,6393.416045731483,6147.0220095
2025-09-11,66179.85398300411,66179.85398300411,0.0,0.0,6.071666666666715,20802.293309910838,16636.935190277778,41011.214968862536,0.0,41011.214968862536,40.92910500000033,41052.14407386254,6147.0220095,6383.602443666667
2025-09-12,58827.94550241769,58827.94550241769,0.0,0.0,0.0,15497.92697,8578.563044999999,36954.67434520974,0.0,36954.67434520974,0.0,36954.67434520974,6383.602443666667,10800.0
2025-09-13,53401.71707825102,53401.71707825102,0.0,0.0,0.0,10788.06379595336,8738.33167472222,34617.101523352336,0.0,34617.101523352336,0.0,34617.101523352336,10800.0,10800.0
2025-09-14,65412.35177362483,65412.35177362483,0.0,0.0,52.454280466666305,13431.27765424897,15238.611933700002,41586.955238774965,0.0,41586.955238774965,244.751672657465,41831.70691143243,10800.0,5956.358851379627
2025-09-15,58700.45643651235,58700.45643651235,0.0,0.0,1474.52177831064,21456.43068621742,17270.725505561106,36717.686306863165,0.0,36717.686306863165,8690.855402206638,45408.5417090698,5956.358851379627,6077.451462796295
2025-09-16,69935.67506604939,69935.67506604939,0.0,0.0,518.5960051833372,21191.12868695473,17364.574337316666,42627.05486973833,0.0,42627.05486973833,3535.3383004156103,46162.39317015394,6077.451462796295,5855.495795148148
2025-09-17,66030.36543238339,66030.36543238339,0.0,0.0,468.34556787221527,21816.366407938956,17638.185447405558,41101.55686443983,0.0,41101.55686443983,2343.1603118799935,43444.71717631982,5855.495795148148,5892.241731842593
2025-09-18,59417.515715610425,59417.515715610425,0.0,0.0,3647.9749214666626,19278.837916721535,15404.468852144451,37167.2795297782,0.0,37167.2795297782,22927.61916887771,60094.89869865591,5892.241731842593,6127.119354509259
2025-09-19,64581.937760024,64581.937760024,0.0,0.0,0.0,15310.288727500005,8195.741288333335,39960.52149928478,0.0,39960.52149928478,0.0,39960.52149928478,6127.119354509259,10800.0
2025-09-20,56877.92143825102,56877.92143825102,0.0,0.0,0.0,10784.844306584364,8735.723888333334,36843.60636276667,0.0,36843.60636276667,0.0,36843.60636276667,10800.0,10800.0
2025-09-21,60232.94606014403,60232.94606014403,0.0,0.0,179.4978737250014,15393.3683443107,16664.593940441668,38106.35123391867,0.0,38106.35123391867,1208.6050418974257,39314.9562758161,10800.0,6137.8160204999995
2025-09-22,69767.68183632716,69767.68183632716,0.0,0.0,422.3518437333333,21373.224370953365,17482.14677765556,43476.24449422743,0.0,43476.24449422743,2162.7573002609197,45639.00179448835,6137.8160204999995,5949.1104236296305
2025-09-23,68308.13924091219,68308.13924091219,0.0,0.0,424.7916163611006,22281.735087685178,17885.968176416674,42303.24453554166,0.0,42303.24453554166,2512.806134729517,44816.05067027117,5949.1104236296305,6129.37402875
2025-09-24,60276.58350083332,60276.58350083332,0.0,0.0,4366.281404772216,17913.705460555553,14590.363711616674,37827.929498384634,0.0,37827.929498384634,28636.95367753051,66464.88317591514,6129.37402875,6040.1937081203705
2025-09-25,64892.13792847736,64892.13792847736,0.0,0.0,176.0862741666655,22041.73082165295,17838.36919638889,40347.40822725424,0.0,40347.40822725424,853.326009723743,41200.73423697798,6040.1937081203705,6057.341229398146
2025-09-26,72980.39775424212,72980.39775424212,0.0,0.0,0.0,15030.032082561727,7905.93309333333,45289.30897639517,0.0,45289.30897639517,0.0,45289.30897639517,6057.341229398146,10800.0
2025-09-27,55432.455326892996,55432.455326892996,0.0,0.0,0.0,11326.211806584357,9174.231563333331,36050.3022260699,0.0,36050.3022260699,0.0,36050.3022260699,10800.0,10800.0
2025-09-28,59925.177736666665,59925.177736666665,0.0,0.0,2333.5331101666648,15288.39057946502,16726.470449833334,38173.02513103769,0.0,38173.02513103769,15153.129299283984,53326.15443032168,10800.0,5974.584355037038
2025-09-29,68862.11559481481,68862.11559481481,0.0,0.0,297.7337653999985,21938.98474205761,17736.850151266663,42981.6573667748,0.0,42981.6573667748,1604.9869217252262,44586.64428850003,5974.584355037038,6012.059343703703
2025-09-30,67413.69266229423,67413.69266229423,0.0,0.0,2577.514194075,21642.62237812757,17406.379107591663,42354.827036171446,0.0,42354.827036171446,14725.494151362022,57080.32118753347,6012.059343703703,6149.998253361113
2025-10-01,63432.50304824073,63432.50304824073,0.0,0.0,0.0,21620.75180536008,16046.534339999998,39422.261836711754,0.0,39422.261836711754,0.0,39422.261836711754,6149.998253361113,7779.192278185185
2025-10-02,68591.24578872084,68591.24578872084,0.0,0.0,0.0,19199.648462074758,15394.996627222223,42931.09849462718,0.0,42931.09849462718,0.0,42931.09849462718,7779.192278185185,7953.324086027779
2025-10-03,59395.53012554526,59395.53012554526,0.0,0.0,0.0,13014.65502169753,7979.862245,37033.47946248423,0.0,37033.47946248423,0.0,37033.47946248423,7953.324086027779,10800.0
2025-10-04,69105.28041587105,69105.28041587105,0.0,0.0,0.0,8837.133862139915,7158.078428333334,43805.74001688304,0.0,43805.74001688304,0.0,43805.74001688304,10800.0,10800.0
2025-10-05,64125.482719074076,64125.482719074076,0.0,0.0,0.0,15071.289824475294,15193.757049166665,40465.29603874177,0.0,40465.29603874177,0.0,40465.29603874177,10800.0,7482.208565175924
2025-10-06,58290.24734080247,58290.24734080247,0.0,0.0,2231.2028930826145,17960.404578106994,15457.487543975,36771.577203133704,0.0,36771.577203133704,14102.315713361853,50873.892916495555,7482.208565175924,6471.586525499999
2025-10-07,61842.56071666667,61842.56071666667,0.0,0.0,618.9844183333294,21701.03100023662,17586.509124444452,37997.36736017774,0.0,37997.36736017774,3133.302341524979,41130.66970170272,6471.586525499999,6461.948731885791
2025-10-08,59240.86933457133,59240.86933457133,0.0,0.0,1258.9403723277733,20583.511241042528,16750.69944711667,36445.26136321432,0.0,36445.26136321432,7556.949854909664,44002.21121812398,6461.948731885791,6375.22057425
2025-10-09,68868.118626286,68868.118626286,0.0,0.0,100.81721543888867,20646.569877630303,16779.426352338887,41986.92535978426,0.0,41986.92535978426,646.7914226250207,42633.71678240928,6375.22057425,6313.326405962964
2025-10-10,66393.61565759259,66393.61565759259,0.0,0.0,0.0,14510.071397695468,7715.1515975,40614.38535027872,0.0,40614.38535027872,0.0,40614.38535027872,6313.326405962964,10800.0
2025-10-11,62650.113298786004,62650.113298786004,0.0,0.0,0.0,9520.82818621399,7711.870830833334,39210.31409528748,0.0,39210.31409528748,0.0,39210.31409528748,10800.0,10800.0
2025-10-12,57205.93400499999,57205.93400499999,0.0,0.0,1045.4138612000045,15859.012142788059,17268.14997213333,35558.6420120033,0.0,35558.6420120033,7168.542118429964,42727.18413043326,10800.0,5886.27762613889
2025-10-13,64596.92736305554,64596.92736305554,0.0,0.0,1327.6091140749986,22025.992596508913,17660.01832231389,39047.83922425209,0.0,39047.83922425209,7319.055958846811,46366.8951830989,5886.27762613889,6087.428382648149
2025-10-14,67326.17396864198,67326.17396864198,0.0,0.0,1692.6982715999948,21403.353662695474,17490.962434233334,40917.51517827946,0.0,40917.51517827946,8952.803125178445,49870.3183034579,6087.428382648149,5916.043974370371
2025-10-15,70445.61052166665,70445.61052166665,0.0,0.0,609.5948113999978,22059.348528786002,17742.988721933332,42900.643623039905,0.0,42900.643623039905,3224.325155323761,46124.96877836367,5916.043974370371,6055.025737018518
2025-10-16,66441.75571859052,66441.75571859052,0.0,0.0,1526.8511321194403,22421.213984108363,18001.24864926945,40627.23943029658,0.0,40627.23943029658,8357.999217178083,48985.23864747466,6055.025737018518,6232.730934638887
2025-10-17,56950.92577179012,56950.92577179012,0.0,0.0,0.0,16055.354783871744,8894.29521611111,34776.568420515905,0.0,34776.568420515905,0.0,34776.568420515905,6232.730934638887,10800.0
2025-10-18,64742.45346645062,64742.45346645062,0.0,0.0,0.0,10544.807386145401,8541.293982777775,40377.56219894021,0.0,40377.56219894021,0.0,40377.56219894021,10800.0,10800.0
2025-10-19,62803.18365065842,62803.18365065842,0.0,0.0,750.5219957888837,17228.35317538066,18331.393128933338,39671.661341360115,0.0,39671.661341360115,4250.312773206873,43921.97411456699,10800.0,5937.303270138889
2025-10-20,72480.11769036694,72480.11769036694,0.0,0.0,180.70515994166664,22233.452176395745,18068.40401394722,44783.62341926417,0.0,44783.62341926417,1194.8819525068166,45978.50537177099,5937.303270138889,5871.405768953701
2025-10-21,71346.16538220164,71346.16538220164,0.0,0.0,1215.1656911194389,22477.99403166667,18224.38768249167,43605.64450671825,0.0,43605.64450671825,6076.582724601516,49682.22723131977,5871.405768953701,5852.28075024074
2025-10-22,68537.81027395061,68537.81027395061,0.0,0.0,1355.3794264611126,21883.448190061732,17635.909607149995,42254.237432639005,0.0,42254.237432639005,8297.784824893999,50552.022257533004,5852.28075024074,5951.929002240741
2025-10-23,79191.96055223249,79191.96055223249,0.0,0.0,547.2049900861139,19472.73635320302,15541.889324636113,48691.3162886517,0.0,48691.3162886517,3817.302010840731,52508.61829949243,5951.929002240741,6208.625803861111
2025-10-24,67434.87998808641,67434.87998808641,0.0,0.0,0.0,14866.276073899167,7909.446843333333,41462.67617700287,0.0,41462.67617700287,0.0,41462.67617700287,6208.625803861111,10800.0
2025-10-25,68232.19994691358,68232.19994691358,0.0,0.0,0.0,9169.362410150889,7427.183552222221,42810.70809226325,0.0,42810.70809226325,0.0,42810.70809226325,10800.0,10800.0
2025-10-26,67937.60287695473,67937.60287695473,0.0,0.0,255.38689855000703,15099.148868679695,16566.17570450555,42768.68980150731,0.0,42768.68980150731,1779.479724422349,44548.16952592966,10800.0,5982.372087916668
2025-10-27,66471.93524849793,66471.93524849793,0.0,0.0,1438.9147528055585,21454.6892630144,17463.73694025,41059.45588020095,0.0,41059.45588020095,9818.834251022838,50878.29013122379,5982.372087916668,5887.440268796297
2025-10-28,66620.45657576132,66620.45657576132,0.0,0.0,3368.631457792801,19737.23523300411,15885.42687611667,41186.3308345614,0.0,41186.3308345614,22858.65287160627,64044.983706167666,5887.440268796297,6000.477671703704
2025-10-29,74947.42686653757,74947.42686653757,0.0,0.0,726.3178888361108,23637.602874238684,19163.264614341668,45943.9846819144,0.0,45943.9846819144,4418.477106464484,50362.46178837888,6000.477671703704,5981.804020361112
2025-10-30,65954.53279153291,65954.53279153291,0.0,0.0,2963.004042286106,20219.332728981484,16265.552776325008,40759.2331467695,0.0,40759.2331467695,20029.1217238102,60788.3548705797,5981.804020361112,6106.367058305556
2025-10-31,75367.15576116597,75367.15576116597,0.0,0.0,0.0,14996.595490771597,7922.972699999998,46579.17915469466,0.0,46579.17915469466,0.0,46579.17915469466,6106.367058305556,10800.0
2025-11-01,65642.34070540467,65642.34070540467,0.0,0.0,0.0,9468.105226337446,7669.165233333333,41440.121621421014,0.0,41440.121621421014,0.0,41440.121621421014,10800.0,10800.0
2025-11-02,66563.3572222428,66563.3572222428,0.0,0.0,1641.4702722583338,17419.456836440324,18380.27960524166,42327.41324338207,0.0,42327.41324338207,8679.032825850416,51006.44606923249,10800.0,6054.9782580833335
2025-11-03,76830.50470696573,76830.50470696573,0.0,0.0,117.68718315833203,22500.93174743485,18302.807294897226,47171.383220078074,0.0,47171.383220078074,802.0359167517241,47973.4191368298,6054.9782580833335,5969.364280888889
2025-11-04,71008.80440596708,71008.80440596708,0.0,0.0,1081.9513870416695,22679.626709300413,18345.48488045833,43706.31873603939,0.0,43706.31873603939,7282.2915211070285,50988.61025714642,5969.364280888889,5997.156229861111
2025-11-05,79312.49193654663,79312.49193654663,0.0,0.0,42.69698099999892,23214.763160949922,18783.613249277776,49063.95102830701,0.0,49063.95102830701,233.2559792717425,49297.207007578756,5997.156229861111,6019.7616866296285
2025-11-06,74304.35211130658,74304.35211130658,0.0,0.0,1836.661904486101,22923.647468528805,18537.089979958342,45672.666921852244,0.0,45672.666921852244,9492.551556015658,55165.2184778679,6019.7616866296285,6054.2777639074075
2025-11-07,72512.68675526405,72512.68675526405,0.0,0.0,0.0,14968.631717743485,7853.441678888887,44912.69151398509,0.0,44912.69151398509,0.0,44912.69151398509,6054.2777639074075,10800.0
2025-11-08,71500.40968920781,71500.40968920781,0.0,0.0,0.0,8621.986543209878,6983.8090999999995,45427.58826963663,0.0,45427.58826963663,0.0,45427.58826963663,10800.0,10800.0
2025-11-09,70978.73948627221,70978.73948627221,0.0,0.0,651.9772970861166,18387.367257510283,19156.963069974994,44958.02415743257,0.0,44958.02415743257,4394.419787994416,49352.44394542699,10800.0,6063.1160095648165
2025-11-10,77104.35339479151,77104.35339479151,0.0,0.0,1452.8495773611126,23604.53335189986,19182.84304558055,47860.72685532637,0.0,47860.72685532637,7839.145745757154,55699.87260108352,6063.1160095648165,5992.925975629631
2025-11-11,79454.31821399207,79454.31821399207,0.0,0.0,81.89554739999872,21507.22693533264,17540.276354019443,49703.866219542135,0.0,49703.866219542135,571.3033386623911,50275.16955820453,5992.925975629631,5860.234268518517
2025-11-12,76235.57150576552,76235.57150576552,0.0,0.0,756.940465788889,24000.693958847733,19235.957875925003,47163.59858260624,0.0,47163.59858260624,4381.222845500295,51544.82142810653,5860.234268518517,6087.572302675926
2025-11-13,73795.0243605967,73795.0243605967,0.0,0.0,2879.8556484277633,20975.07131670782,16925.368462683346,45858.40566937075,0.0,45858.40566937075,19551.458125567675,65409.86379493843,6087.572302675926,6159.171529175926
2025-11-14,76071.64667429062,76071.64667429062,0.0,0.0,0.0,15106.812128367625,8059.772200236109,46960.42782234606,0.0,46960.42782234606,0.0,46960.42782234606,6159.171529175926,10800.0
2025-11-15,77092.17441276749,77092.17441276749,0.0,0.0,0.0,8205.204561042521,6646.215694444444,49493.722467618645,0.0,49493.722467618645,0.0,49493.722467618645,10800.0,10800.0
2025-11-16,71170.58732641631,71170.58732641631,0.0,0.0,2460.4792451611156,17625.566194039777,18642.62484317222,45263.48566581108,0.0,45263.48566581108,15536.591807481644,60800.077473292724,10800.0,5948.981971111111
2025-11-17,73317.0407880041,73317.0407880041,0.0,0.0,3561.146799086111,20826.92723078189,16786.282412025,45688.24773777656,0.0,45688.24773777656,22685.44297707157,68373.69071484813,5948.981971111111,6041.791576564815
2025-11-18,77307.7995922429,77307.7995922429,0.0,0.0,2111.42262447778,23127.63766484568,18779.03693229166,48000.372463547865,0.0,48000.372463547865,12592.894910843199,60593.267374391064,6041.791576564815,5991.068883490741
2025-11-19,76518.84031572417,76518.84031572417,0.0,0.0,3228.840120930561,22915.215685843614,18635.9139003,47480.62781612138,0.0,47480.62781612138,18475.212603193206,65955.84041931458,5991.068883490741,5908.192000416668
2025-11-20,76502.21374008425,76502.21374008425,0.0,0.0,3059.76282510278,23001.376663703704,18414.333856016667,47342.15102587761,0.0,47342.15102587761,19778.321426216735,67120.47245209434,5908.192000416668,6149.06004662037
2025-11-21,76307.84378329218,76307.84378329218,0.0,0.0,0.0,14457.15646774691,7524.450780833333,47409.39841397858,0.0,47409.39841397858,0.0,47409.39841397858,6149.06004662037,10800.0
2025-11-22,78342.17434371742,78342.17434371742,0.0,0.0,0.0,8086.078639574756,6549.7236980555535,50407.01690614186,0.0,50407.01690614186,0.0,50407.01690614186,10800.0,10800.0
2025-11-23,71465.69111796295,71465.69111796295,0.0,0.0,2853.5097812194344,17622.031470740738,18566.04493822501,45552.9819750041,0.0,45552.9819750041,15764.07137912279,61317.05335412689,10800.0,6030.889503416667
2025-11-24,75712.46321580246,75712.46321580246,0.0,0.0,2507.322945299999,22175.9191191358,18168.073624700002,47132.871872676915,0.0,47132.871872676915,16238.257313410339,63371.12918608725,6030.889503416667,5802.46823875
2025-11-25,87255.43499805556,87255.43499805556,0.0,0.0,11.17833504999956,22735.51576759601,18304.54065189444,55083.86481600764,0.0,55083.86481600764,43.394296664098285,55127.25911267174,5802.46823875,5926.053927481481
2025-11-26,82141.89252914266,82141.89252914266,0.0,0.0,789.4299556444427,24786.310568755143,20002.9656138,51208.017449185325,0.0,51208.017449185325,4088.8793177126045,55296.89676689793,5926.053927481481,6008.2160906944455
2025-11-27,79619.92983705671,79619.92983705671,0.0,0.0,1224.712315408326,24013.068186742108,19283.069743886117,49634.8443221129,0.0,49634.8443221129,8303.353351821548,57938.197673934446,6008.2160906944455,6194.34441
2025-11-28,79714.00760698889,79714.00760698889,0.0,0.0,0.0,14131.412383950614,7301.353999999999,49931.20906537885,0.0,49931.20906537885,0.0,49931.20906537885,6194.34441,10800.0
2025-11-29,85148.56723850823,85148.56723850823,0.0,0.0,0.0,8082.728712277094,6559.708506944444,54902.86294434921,0.0,54902.86294434921,0.0,54902.86294434921,10800.0,10785.890833333333
2025-11-30,77167.12763131686,77167.12763131686,0.0,0.0,2567.0040868914575,17838.72352665638,18842.991869291673,49241.78358694574,0.0,49241.78358694574,16762.04897568713,66003.83256263287,10785.890833333333,5904.084374777776
2025-12-01,86048.85416608024,86048.85416608024,0.0,0.0,4899.2526490527725,24291.967793580247,19812.86032789167,54512.97316700865,0.0,54512.97316700865,24946.927060226477,79459.90022723512,5904.084374777776,5752.566135787039
2025-12-02,89830.80606515432,89830.80606515432,0.0,0.0,5297.8278774611035,24770.523357500002,19959.03927281667,56678.23940720099,0.0,56678.23940720099,27120.77492465848,83799.01433185948,5752.566135787039,5869.326854407408
2025-12-03,80069.111362389,80069.111362389,0.0,0.0,10812.669033349997,19632.77785954732,15928.926947141666,50140.42559883456,0.0,50140.42559883456,64647.70272561369,114788.12832444825,5869.326854407408,5840.019208953704
2025-12-04,88256.45746556584,88256.45746556584,0.0,0.0,5644.165304194442,24799.274661255142,19892.06517275,55986.09430772825,0.0,55986.09430772825,28690.17593085353,84676.27023858178,5840.019208953704,6057.071767694445
2025-12-05,86930.868748107,86930.868748107,0.0,0.0,0.0,14938.252001601519,7831.348712222223,55046.59334493769,0.0,55046.59334493769,0.0,55046.59334493769,6057.071767694445,10800.0
2025-12-06,84250.32843999998,84250.32843999998,0.0,0.0,0.0,9664.586121742119,7830.785675277778,54660.76991567535,0.0,54660.76991567535,0.0,54660.76991567535,10800.0,10797.254537037037
2025-12-07,85815.31696910493,85815.31696910493,0.0,0.0,3195.1771518494847,19662.41873814472,20355.78127541389,55592.006354773184,0.0,55592.006354773184,16660.67047228342,72252.6768270566,10797.254537037037,5875.896650907407
2025-12-08,92606.17542469136,92606.17542469136,0.0,0.0,1387.3328772222198,25375.176116913575,20404.0469225,58804.4838275618,0.0,58804.4838275618,8096.39299086149,66900.87681842329,5875.896650907407,6042.391908907408
2025-12-09,93355.65897639917,93355.65897639917,0.0,0.0,770.0230300555561,25468.548976457463,20635.121577722224,59413.38501145087,0.0,59413.38501145087,5070.402607407283,64483.78761885815,6042.391908907408,6036.173123583334
2025-12-10,90255.68918629628,90255.68918629628,0.0,0.0,2675.5047749833325,23834.709472962953,19477.24797918334,57265.33426972866,0.0,57265.33426972866,15490.119682638055,72755.45395236672,6036.173123583334,5846.0250057129615
2025-12-11,94184.27115603909,94184.27115603909,0.0,0.0,112.45101803333318,24931.547283323045,19909.176338633333,59755.49379150048,0.0,59755.49379150048,754.0722006550723,60509.56599215555,5846.0250057129615,6163.110517777778
2025-12-12,93408.85543734222,93408.85543734222,0.0,0.0,0.0,14295.432205555548,7406.099552500001,59309.339228839,0.0,59309.339228839,0.0,59309.339228839,6163.110517777778,10800.0
2025-12-13,89201.74956666667,89201.74956666667,0.0,0.0,0.0,9216.581836419751,7471.141620833333,58224.58374064202,0.0,58224.58374064202,0.0,58224.58374064202,10800.0,10793.655185185185
2025-12-14,84506.03541090534,84506.03541090534,0.0,0.0,3666.8025463418744,18482.279316851847,19315.152239141666,54571.79034976145,0.0,54571.79034976145,22299.61671381196,76871.40706357341,10793.655185185185,5966.426304638888
2025-12-15,90096.28771679013,90096.28771679013,0.0,0.0,4038.4600849055587,23385.4458916358,18838.606438149996,56984.61278720319,0.0,56984.61278720319,24393.65751990059,81378.27030710378,5966.426304638888,6081.542675833332
2025-12-16,94878.94089010288,94878.94089010288,0.0,0.0,100.18342267500077,24856.39219671811,20299.652536491663,60790.53065956731,0.0,60790.53065956731,593.5727011726885,61384.10336074,6081.542675833332,5897.1261678888895
2025-12-17,95692.92632123455,95692.92632123455,0.0,0.0,0.0,24794.93503826132,19913.6010725,61009.812563136235,0.0,61009.812563136235,0.0,61009.812563136235,5897.1261678888895,6086.344288435186
2025-12-18,91051.73437609052,91051.73437609052,0.0,0.0,1241.363003133339,25003.00552914608,20172.678215199998,58091.08428088356,0.0,58091.08428088356,8251.905950029754,66342.99023091332,6086.344288435186,6174.962358888888
2025-12-19,90991.58991315844,90991.58991315844,0.0,0.0,0.0,14548.395269958835,7621.666291666663,57992.59485456532,0.0,57992.59485456532,0.0,57992.59485456532,6174.962358888888,10800.0
2025-12-20,88646.12017776747,88646.12017776747,0.0,0.0,0.0,9746.121995884769,7894.358816666665,57995.87163530072,0.0,57995.87163530072,0.0,57995.87163530072,10800.0,10800.0
2025-12-21,88398.69640328188,88398.69640328188,0.0,0.0,591.8546173111092,19592.537728353906,20145.857267133335,57417.41372056007,0.0,57417.41372056007,4118.842988570632,61536.2567091307,10800.0,6048.998103148148
2025-12-22,91697.92141172838,91697.92141172838,0.0,0.0,1903.928723408335,24006.325985895062,19481.878790758332,58580.03628939339,0.0,58580.03628939339,12455.797521557575,71035.83381095096,6048.998103148148,6008.159500722222
2025-12-23,93992.19445317899,93992.19445317899,0.0,0.0,200.88199963333506,24632.904312962957,19988.460090366665,59943.93061601118,0.0,59943.93061601118,1401.3528294421453,61345.28344545333,6008.159500722222,5968.373281981482
2025-12-24,92997.2161085288,92997.2161085288,0.0,0.0,97.16569166666795,25273.391688285312,20451.51575194444,59560.05048444551,0.0,59560.05048444551,636.9562974833423,60197.00678192885,5968.373281981482,5990.519410388888
2025-12-25,89596.32640700616,89596.32640700616,0.0,0.0,3098.217354791669,23740.117266172838,19021.453684374996,56703.7904298341,0.0,56703.7904298341,19789.93688017883,76493.72731001294,5990.519410388888,6221.67641175
2025-12-26,91268.29420951645,91268.29420951645,0.0,0.0,0.0,14650.542857657749,7746.44848527778,58111.12406149861,0.0,58111.12406149861,0.0,58111.12406149861,6221.67641175,10800.0
2025-12-27,87878.75367565843,87878.75367565843,0.0,0.0,0.0,9393.011891975311,7608.339632500001,57193.40249793728,0.0,57193.40249793728,0.0,57193.40249793728,10800.0,10800.0
2025-12-28,86753.80367637858,86753.80367637858,0.0,0.0,369.410077647227,19553.857401502057,20056.00067290833,56448.785220277045,0.0,56448.785220277045,2003.1436934875883,58451.928913764634,10800.0,6114.026469231481
2025-12-29,90767.48264557612,90767.48264557612,0.0,0.0,1401.5711548361126,24630.80955418724,20118.556896275,57371.082255995636,0.0,57371.082255995636,8458.669805473095,65829.75206146872,6114.026469231481,5927.802961027779
2025-12-30,92030.88909614198,92030.88909614198,0.0,0.0,742.5343075249959,24708.101717849786,19997.457231641667,58450.27761952179,0.0,58450.27761952179,3570.4744052143396,62020.752024736124,5927.802961027779,5945.697583046295
2025-12-31,93895.9536230041,93895.9536230041,0.0,0.0,524.6290759444428,25353.24226467421,20647.36684461112,59631.15648115262,0.0,59631.15648115262,3381.782735094405,63012.939216247025,5945.697583046295,5822.096905018519
