date,plan_kwh,adjustment_kwh,emergency_kwh,charge_kwh,discharge_kwh,plan_cost_yuan,adjustment_cost_yuan,emergency_cost_yuan,total_cost_yuan,baseline_risk_no_storage_cost_yuan,baseline_point_no_storage_cost_yuan,day_type,soc_start_kwh,soc_end_kwh,reserve_requirement_kwh,reserve_shortfall_kwh
2025-02-01,41669.914510279545,0.0,0.0,19933.890765963875,15835.661807913815,21591.248949333003,0.0,0.0,21591.248949333003,39243.51345452158,36877.27368931338,holiday,6136.061667928964,6481.38357072555,8695.926069786778,0.0
2025-02-02,87507.8717529794,0.0,0.0,22398.812386087695,18265.683679402257,55082.487765601014,0.0,0.0,55082.487765601014,73093.40423254746,67641.5840467117,holiday,6481.38357072555,6345.1106299797475,8586.72287848127,0.0
2025-02-03,87004.97705753936,0.0,0.0,22998.408096063715,18675.659904284854,54697.07157180937,0.0,0.0,54697.07157180937,71348.58546097035,68960.49998380132,holiday,6345.1106299797475,6292.944689453922,6828.6354856393355,0.0
2025-02-04,86679.71489973276,0.0,410.9180505110829,24290.566031841998,19785.694218935965,54410.532585202585,0.0,2866.5643203653144,57277.0969055679,70831.07215726849,72162.14989129103,holiday,6292.944689453922,6170.349430405093,2814.9935283490295,0.0
2025-02-05,86428.74232585769,0.0,189.42969734546256,24527.072441450968,19640.880788527767,54213.627961231665,0.0,910.2339029236012,55123.86186415527,70832.70266660137,69888.54723059315,workday,6170.349430405093,6421.51375156901,5606.5894785438195,0.0
2025-02-06,86229.22907791878,0.0,28.49742925806337,23628.052288904473,19271.756561922735,54122.35254664334,0.0,166.2220624454611,54288.5746090888,70612.05645795312,70372.24421287769,workday,6421.51375156901,6273.697965002227,5438.000577796011,0.0
2025-02-07,41208.27053211467,0.0,0.0,19796.904238470557,15893.677425606515,21297.796904548748,0.0,0.0,21297.796904548748,37432.63354604032,36813.013173657804,workday,6273.697965002227,6431.270195618489,5255.304535210228,0.0
2025-02-08,38784.24340843265,0.0,0.0,18795.491893489954,15192.286831452893,20114.241401317817,0.0,0.0,20114.241401317817,37150.18269424167,35063.042956668054,makeup_workday,6431.270195618489,6466.894198145126,6235.732987365263,0.0
2025-02-09,84255.95752282225,0.0,53.610518223108485,22350.82754993364,18614.786072318533,53703.22574131565,0.0,232.96606850909922,53936.19180982475,98427.08407692448,70698.62114026559,weekend,6466.894198145126,5899.543357175926,41095.30230777778,0.0
2025-02-10,84590.68554588295,0.0,0.0,21671.569845930535,17298.469490479773,52700.14632161451,0.0,0.0,52700.14632161451,67802.08175747168,64958.46372282231,workday,5899.543357175926,6183.434562424769,4952.2626984825565,0.0
2025-02-11,82834.67203494011,0.0,40.88344237630367,22526.287051413747,18318.373599611932,51536.1564283467,0.0,220.97231704357623,51757.12874539028,66434.72465788419,64151.881994048235,workday,6183.434562424769,6103.344464683883,4729.427627417132,0.0
2025-02-12,82793.43037119767,0.0,304.2965364820948,22553.614856208915,18237.002443156824,51417.635693454,0.0,2122.7726384990933,53540.4083319531,67101.00580846885,66872.75586410885,workday,6103.344464683883,6138.261787319879,4494.833656690249,0.0
2025-02-13,82022.61824041448,0.0,0.0,20390.249574218,16422.428215720745,51069.72309241902,0.0,0.0,51069.72309241902,65761.74979076619,63836.24479206869,workday,6138.261787319879,6242.3439422041365,4345.863483445274,0.0
2025-02-14,37576.170680805364,0.0,0.0,18499.366822251144,14946.135168368412,19434.022167963805,0.0,0.0,19434.022167963805,35034.046750359776,34022.44810629017,workday,6242.3439422041365,6284.957228487493,4118.378700104542,0.0
2025-02-15,36818.51587877227,0.0,0.0,17846.363215016765,14639.384294713296,19172.809645323094,0.0,0.0,19172.809645323094,55675.81497965225,34418.86020944244,weekend,6284.957228487493,6080.701572321146,38351.412498888894,0.0
2025-02-16,79172.11839083058,0.0,608.0645420963007,22171.644187801387,18126.647213421693,49566.54488477428,0.0,4079.4579701044363,53646.002854878716,89780.68725951893,67989.6849544554,weekend,6080.701572321146,5894.462215318286,35607.52269,0.0
2025-02-17,79854.32950077795,0.0,34.7879199887637,21414.73020135975,17217.768960898273,49291.47863928914,0.0,192.9025840146998,49484.38122330384,63772.00072372491,62511.54381458772,workday,5894.462215318286,6036.8649955439805,4038.70450620835,0.0
2025-02-18,78080.8628137059,0.0,98.80126774311815,22776.43368318695,18405.601723987587,48056.383340221284,0.0,606.2351671093256,48662.61850733061,63589.15957021218,64038.119122046824,workday,6036.8649955439805,6084.986728203806,3882.093301882089,0.0
2025-02-19,78844.23674787297,0.0,61.39377148180196,23911.303959682155,19458.21568580605,48615.26246827914,0.0,256.3531208923552,48871.615589171495,64169.27158867784,65086.95308656451,workday,6084.986728203806,5984.920641022136,3830.463937881308,0.0
2025-02-20,77552.3833050822,0.0,14.471188962941033,22725.295702933094,18300.931088715,47751.29916379286,0.0,66.40029749830512,47817.699461291166,63338.137307418896,63785.17682945179,workday,5984.920641022136,6103.318897311921,3791.3401160870403,0.0
2025-02-21,35450.02960670202,0.0,0.0,18189.39199923768,14583.103628694489,18296.98875159438,0.0,0.0,18296.98875159438,33492.082520553966,33312.24521823094,workday,6103.318897311921,6270.323220298625,3725.057262619387,0.0
2025-02-22,35554.154376860235,0.0,0.0,17451.427274446927,14241.270338062981,18398.48172305938,0.0,0.0,18398.48172305938,50270.0551059026,33349.28916927644,weekend,6270.323220298625,6152.974058341997,32863.63288111111,0.0
2025-02-23,76826.89690700863,0.0,34.783910516884845,22044.378184162433,18062.584667897467,47661.77523929336,0.0,135.03114062654694,47796.806379919915,83606.81389880204,63417.90555055799,weekend,6152.974058341997,5923.375904202113,30119.74307222222,0.0
2025-02-24,75621.6069390565,0.0,318.52551853270273,21812.425440425395,17539.80723695811,46218.16238149482,0.0,2043.0407329455159,48261.20311444033,61817.17532417159,61515.11022393589,workday,5923.375904202113,6065.884092853734,3626.6218965803764,0.0
2025-02-25,74872.33427984963,0.0,50.36833333333334,21307.56739212482,17305.03006616321,45778.79850406399,0.0,229.15073250000003,46007.949236563996,60855.39752605168,60316.0333088397,workday,6065.884092853734,6014.883561140282,3521.6275162052757,0.0
2025-02-26,74634.84229838378,0.0,438.3086888205292,21956.957584734817,17649.18236200506,45693.93543273611,0.0,3040.684271351009,48734.61970408712,61425.63249786566,62178.98551055341,workday,6014.883561140282,6165.942762951558,3394.75917196662,0.0
2025-02-27,73259.5226492449,0.0,572.9737517341648,23160.378460871783,18804.91485075162,44754.800562820856,0.0,2993.4255706153144,47748.22613343617,61416.64540215179,63132.44743637617,workday,6165.942762951558,6115.933543567709,3419.0581260562144,0.0
2025-02-28,34396.75522685261,0.0,0.0,17430.10842463146,14003.22105740277,17650.963284873076,0.0,0.0,17650.963284873076,32505.412813458315,32321.67699364916,workday,6115.933543567709,6243.896617510726,3307.2668921191857,0.0
2025-03-01,33634.195021894164,0.0,0.0,16300.593887418156,13432.28280230064,17331.292183620593,0.0,0.0,17331.292183620593,43306.400025695875,32467.04989381253,weekend,6243.896617510726,5989.672446964129,25431.465441156943,0.0
2025-03-02,72104.0392376479,0.0,4396.87029576179,18654.13869995175,15306.463561476683,44437.06801713654,0.0,29502.618527579438,73939.68654471598,76325.35431433657,72472.74687389094,weekend,5989.672446964129,5771.215541946615,25466.28481132428,0.0
2025-03-03,71907.62015181214,0.0,4775.6628525118485,20912.57986211599,16784.89462787841,43734.303980127625,0.0,29042.00309560532,72776.30707573294,70242.11130096568,74761.81224252634,workday,5771.215541946615,5942.654497986111,3519.189278568103,0.0
2025-03-04,72576.19542057729,0.0,1030.8705535228682,22418.451829901154,18264.256545724493,44254.80270718058,0.0,6919.4967819700305,51174.29948915061,60019.08640628276,62442.96659078516,workday,5942.654497986111,5825.642760758825,3813.307186532179,0.0
2025-03-05,72938.06566204238,0.0,82.38864352403971,22173.259725212483,17803.71738061794,44413.069316640365,0.0,564.9623450363313,44978.031661676694,59586.09535851957,59729.60591552698,workday,5825.642760758825,5999.668312763456,3756.256247944255,0.0
2025-03-06,71104.62201437156,0.0,804.3208390523318,20992.025597837972,17218.620164888733,43401.47653398476,0.0,5513.529846425873,48915.00638041063,59841.62511122549,61253.80955110231,workday,5999.668312763456,5760.69116760793,3700.529574739638,0.0
2025-03-07,32457.510592457544,0.0,7.68243000044537,16239.922034922216,12963.976415186866,16585.75571351479,0.0,29.823193261728925,16615.578906776518,30815.152370934426,31194.717703716957,workday,5760.69116760793,5972.202759941405,3662.8575737745914,0.0
2025-03-08,32049.929087933386,0.0,0.0,16085.471418625215,12963.109359832137,16485.178096850115,0.0,0.0,16485.178096850115,31648.335398671617,30294.88500357797,weekend,5972.202759941405,6045.672192446169,9243.416229447732,0.0
2025-03-09,69421.66679714428,0.0,304.4888904043954,22202.952427764256,18093.34052914113,42012.20362821217,0.0,1457.4654174300413,43469.66904564221,61026.19891238787,59118.57045874737,weekend,6045.672192446169,5924.617678388308,8806.685145183053,0.0
2025-03-10,68968.20267786518,0.0,2763.861765121504,19498.940015952387,15846.031044840702,41860.25555758447,0.0,17785.78226012996,59646.03781771443,59454.19164508837,61976.233935962075,workday,5924.617678388308,5866.962531811343,3838.853673296444,0.0
2025-03-11,69192.09732414973,0.0,833.4528916590216,20801.041309126886,16674.55778287768,41854.415227541154,0.0,5651.4176019632305,47505.83282950439,58277.26740036128,59508.50051852183,workday,5866.962531811343,6060.613284605904,4036.325511675015,0.0
2025-03-12,68502.20152767765,0.0,306.7735745382774,20851.016520671896,17164.060346641247,41442.74686025715,0.0,2127.897830471566,43570.64469072872,57157.20161162461,57312.49669068474,workday,6060.613284605904,5755.349990275886,3977.897199355645,0.0
2025-03-13,67920.61453282405,0.0,3365.0575624428147,19186.56219679899,15493.223279017324,41165.77396951202,0.0,22055.35345288867,63221.12742240069,62443.94919476168,63443.31395059776,workday,5755.349990275886,5808.563435153499,3918.8845339915024,0.0
2025-03-14,30727.120413576635,0.0,6.469955509066655,16041.541723831122,12787.593621018183,15729.466144602631,0.0,31.93246541499848,15761.39861001763,29825.328536853165,30426.720116184806,workday,5808.563435153499,6037.513629914642,4160.106628443952,0.0
2025-03-15,30615.859334602243,0.0,208.18189677174092,16360.933559679961,13455.956198648064,15747.452091078138,0.0,1075.5196814551578,16822.971772533296,30876.373067639423,31892.94947791345,weekend,6037.513629914642,5811.291390684317,4454.8263307618745,0.0
2025-03-16,67177.34258032595,0.0,1218.4470593172455,21807.76848462966,17653.506449719305,40269.928711729204,0.0,7114.08812853946,47384.01684026866,59802.10332151802,60866.030854337754,weekend,5811.291390684317,5823.275860496238,5299.735096142079,0.0
2025-03-17,67377.62352550434,0.0,128.700618421155,20420.657102176257,16325.226414150504,40424.76471041128,0.0,851.8961676548047,41276.660878066075,55946.911974703835,55148.81573356028,workday,5823.275860496238,6062.726792287648,4243.631006061438,0.0
2025-03-18,65437.04233516621,0.0,961.3149453915016,21809.76925247179,17825.985097676265,39291.669681047526,0.0,4822.675834319644,44114.345515367175,58093.09906440483,59598.76991702768,workday,6062.726792287648,5884.869010983073,3607.2160175495437,0.0
2025-03-19,65065.39873039797,0.0,566.7365186126162,22160.015694817448,17790.253965362986,39074.68155353356,0.0,2802.428361764442,41877.10991529801,56341.959807041036,57855.215221905615,workday,5884.869010983073,6061.93428591546,3349.626563295581,0.0
2025-03-20,64325.56436284415,0.0,1995.2993384403194,20820.076015460567,16955.068541152974,38672.36321681399,0.0,12522.5070046733,51194.87022148729,56672.13986091178,59085.16856123371,workday,6061.93428591546,5961.037654104455,3101.8823240470724,0.0
2025-03-21,29600.626360252692,0.0,138.4492463711323,16059.594345680405,13064.606342706207,15070.97314599722,0.0,742.2247160897232,15813.197862086945,29630.407711068634,30161.168485315895,workday,5961.037654104455,5898.4432955432585,3014.5444110493245,0.0
2025-03-22,30099.715759926155,0.0,0.0,15829.184373524671,12567.878323474988,15339.093388283192,0.0,0.0,15339.093388283192,29102.98943114765,28781.113823727792,weekend,5898.4432955432585,6180.399983409924,3901.6398462843626,0.0
2025-03-23,62297.95493471792,0.0,1498.2161951588112,21261.618651352077,17429.579245869845,37307.798748645146,0.0,7904.953400475791,45212.75214912093,56754.46038752816,58997.07625457596,weekend,6180.399983409924,5949.657607549189,4183.084694780832,0.0
2025-03-24,62342.165652017145,0.0,947.8534852741365,21643.703241580442,17681.730078471173,37297.447373046394,0.0,5544.304121350978,42841.75149439737,55692.23063069167,57573.230413878,workday,5949.657607549189,5782.623771114728,2978.832501826861,0.0
2025-03-25,62290.424068374836,0.0,2671.350581511584,20621.329540429506,16640.80003494412,37294.70665521631,0.0,15859.403230269112,53154.10988548542,57313.0090929268,59464.91019918672,workday,5782.623771114728,5852.042540896702,3061.5633972846595,0.0
2025-03-26,62205.84272139221,0.0,216.93471169049147,21679.570083209477,17511.706175140953,37266.02445008066,0.0,1134.2725605546607,38400.297010635324,53594.740841494124,54180.52300197804,workday,5852.042540896702,5906.2043100730625,3221.2323654450065,0.0
2025-03-27,61656.31685030303,0.0,1645.4314982714882,20802.3975484525,16870.48295947765,36915.97386788906,0.0,10077.405085744795,46993.37895363385,54336.07716723294,55922.881839949034,workday,5906.2043100730625,5883.38103759404,3201.6398421559925,0.0
2025-03-28,29052.151934170837,0.0,0.0,16271.592958442532,13090.64893399791,14631.974412083406,0.0,0.0,14631.974412083406,29258.841102048515,29724.777526994112,workday,5883.38103759404,5982.649217972419,3257.8292551581635,0.0
2025-03-29,29338.315100175067,0.0,128.32650666423447,15735.535659409943,12698.901471901692,14779.80405569068,0.0,781.8369704480698,15561.64102613875,29369.308394452288,29367.71979688111,weekend,5982.649217972419,6034.740787106159,4391.519022906253,0.0
2025-03-30,58528.8799076252,0.0,1073.3508496552645,20957.477696643644,17092.837807919208,35132.42373335246,0.0,6929.78338577314,42062.2071191256,54577.78717383149,56066.73069421712,weekend,6034.740787106159,5904.428705286312,4224.058743526162,0.0
2025-03-31,58384.55815037126,0.0,2313.8920847719596,18769.050393747944,15064.480347146386,35067.24724719338,0.0,15635.949383369214,50703.19663056259,54290.380542318315,55219.55768732986,workday,5904.428705286312,6058.262562830149,3243.8076888500655,0.0
2025-04-01,59037.798444320644,0.0,4386.256075457113,16541.189686362522,13424.542963980593,35373.00815566842,0.0,29566.477523196714,64939.48567886514,53838.42716221341,55786.19324232066,workday,6058.262562830149,6029.174431689093,3400.0178910706545,0.0
2025-04-02,59541.765373888426,0.0,4491.338397047896,18649.780613871255,15130.916026658891,35630.807367860696,0.0,26831.02403489069,62461.831402751384,61336.047273730415,63499.72511636119,workday,6029.174431689093,6001.848065663339,3704.3375731319184,0.0
2025-04-03,60609.99511932731,0.0,945.6494101431449,21481.375985045503,17477.344839964775,36086.66309827001,0.0,5303.346483970717,41390.009582240724,53623.56724766906,56178.88319225631,workday,6001.848065663339,5915.814407798985,3924.9795424613285,0.0
2025-04-04,28481.60848507055,0.0,0.0,16196.069512241593,12865.146112686283,14283.64593324739,0.0,0.0,14283.64593324739,28086.811804334764,28091.98066839558,holiday,5915.814407798985,6197.670176942774,5278.445805134455,0.0
2025-04-05,26710.35090841888,0.0,1029.052642533851,16025.186164624747,13300.9850212241,13164.52145040176,0.0,4683.98136291359,17848.50281331535,28652.730804428305,30384.635843870994,holiday,6197.670176942774,5841.465479300491,5167.369277505265,0.0
2025-04-06,54849.19028725079,0.0,3418.246632712795,19692.40715530112,15919.096054478152,32800.04074526634,0.0,21291.80935320457,54091.85009847092,54191.27211259943,59196.663717037474,holiday,5841.465479300491,5876.747414095776,5593.663688304719,0.0
2025-04-07,57905.24542336561,0.0,0.0,20785.872161933803,16717.811065099228,34598.45411617611,0.0,0.0,34598.45411617611,50609.92513713479,51024.087910804796,workday,5876.747414095776,6008.686731948178,4120.20943259541,0.0
2025-04-08,58068.16936363324,0.0,949.4901358206031,21427.248466232813,17468.361053062355,34675.63658911006,0.0,5796.366149962468,40472.00273907252,54234.737539224065,56906.730637831446,workday,6008.686731948178,5883.920292599537,4284.927976584897,0.0
2025-04-09,57685.54845713243,0.0,4794.923461816383,17250.212139908777,13962.170910868821,34504.716179900206,0.0,31829.03796462386,66333.75414452406,54228.89397387086,56692.50613132348,workday,5883.920292599537,5895.587984218749,4400.055644701543,0.0
2025-04-10,57916.961546136336,0.0,1251.6266475467212,20909.64532716318,16782.08844071572,34626.62196512499,0.0,8399.394996659636,43026.016961784626,53908.663823770585,55589.95438369269,workday,5895.587984218749,6067.503844537037,4782.0662853795375,0.0
2025-04-11,27240.90462494349,0.0,66.43956266277254,16166.227430552808,13277.14328278077,13488.05541723424,0.0,266.81331653357773,13754.868733767818,27745.448829793237,28477.542366156413,workday,6067.503844537037,5864.727106722599,4940.712948714679,0.0
2025-04-12,27570.46150240825,0.0,0.0,15751.184517465601,12645.532438166007,13614.8897190541,0.0,0.0,13614.8897190541,27317.032592960168,27362.054224527645,weekend,5864.727106722599,5990.20157447941,4437.428472688943,0.0
2025-04-13,56183.83697664063,0.0,1960.4197321446823,19654.84622637638,15883.26116102642,33587.82017524048,0.0,13174.703931100752,46762.524106341225,51444.7295174489,54138.97940045987,weekend,5990.20157447941,6031.495221522134,4795.9249512440865,0.0
2025-04-14,55925.27527223078,0.0,603.0618505642207,20846.391883088134,16980.963412866622,33331.105871565946,0.0,4113.472080074642,37444.57795164059,51047.65545289129,52595.69076959341,workday,6031.495221522134,5925.510790894097,4878.570944082193,0.0
2025-04-15,56629.35480409263,0.0,340.5361588546208,20149.524094103315,16205.47430229335,33747.56532006562,0.0,2219.810454392147,35967.375774457774,49833.894784110686,50958.88769045284,workday,5925.510790894097,6053.999917483363,4992.658275384285,0.0
2025-04-16,55825.9249009621,0.0,3211.773468400367,17649.26943537153,14488.213188576075,33297.23609626283,0.0,21644.477811684086,54941.71390794692,50661.359571424786,53091.14620435178,workday,6053.999917483363,5840.327755344328,5065.704195427477,0.0
2025-04-17,55499.19803922788,0.0,1483.053004159283,19637.68240384267,15678.903472855669,33215.27877453973,0.0,10158.749765253093,43374.028539792824,50006.53633964267,51886.685396049135,workday,5840.327755344328,6093.238060074219,5283.474167592608,0.0
2025-04-18,26541.61209365554,0.0,152.96844852294566,16279.357966458494,13065.404313890911,13023.087416004437,0.0,629.5968649117813,13652.684280916217,26225.173019409838,26328.689928021693,workday,6093.238060074219,6227.544325563628,5317.868005849383,0.0
2025-04-19,26438.736996208823,0.0,4.65429082697419,16368.896358915286,13397.48860904108,12960.375971095367,0.0,17.788699540695355,12978.164670636063,26605.867525972222,26925.891683712773,weekend,6227.544325563628,6073.452594097297,4956.601031944985,0.0
2025-04-20,54634.51086713572,0.0,1065.9955638046536,19945.502333931392,16284.167885868615,32634.076228719412,0.0,7351.709914913097,39985.78614363251,50783.24478338744,53326.18200797815,weekend,6073.452594097297,5930.884821448207,5115.45971658607,0.0
2025-04-21,54400.15290489838,0.0,140.84152572845244,19978.43069050186,16222.544328998827,32352.4763638991,0.0,793.0613555187356,33145.537719417836,49322.440426594214,49956.66233558175,workday,5930.884821448207,5886.4231884567425,5352.539962730596,0.0
2025-04-22,53901.23865579978,0.0,1850.2343934156015,18599.378667613582,15062.821123252419,32261.52531670068,0.0,12452.612930907251,44714.13824760793,50082.54445017688,51191.061392954696,workday,5886.4231884567425,5889.396074584058,5384.611641070553,0.0
2025-04-23,54143.270595825175,0.0,1041.3662436479883,18907.993574656593,15213.964713048008,32286.831685871326,0.0,7029.979999356905,39316.81168522823,49060.8869556203,49597.996136650894,workday,5889.396074584058,6002.185055054976,5517.130707645993,0.0
2025-04-24,53214.53800407054,0.0,164.41593541177684,19481.6978601821,15828.455751015077,31832.28055393563,0.0,1017.6889683940648,32849.969522329695,48454.415481157055,48604.998926017855,workday,6002.185055054976,5948.540072535445,5601.235709449031,0.0
2025-04-25,25799.60996086001,0.0,21.936064683032175,15983.2794157795,12971.44280548335,12423.814362929503,0.0,108.2654472431053,12532.079810172609,25565.264309797505,25851.71286630655,workday,5948.540072535445,5920.777318422164,5624.601686194324,0.0
2025-04-26,25934.010875312117,0.0,232.78749601051314,15848.570923559038,12849.647139169285,12492.241952732187,0.0,1139.4692502772511,13631.711203009438,26358.742582886673,27128.353639352816,weekend,5920.777318422164,5907.10543943721,5385.559388185841,0.0
2025-04-27,50682.18684544157,0.0,2019.7101585517307,19318.11767421965,15679.337149457107,30462.862191283788,0.0,12445.673238675641,42908.535429959426,50780.41962710368,55253.587805697716,makeup_workday,5907.10543943721,5871.925624615886,6095.945769721054,0.0
2025-04-28,51179.29489118506,0.0,8005.18452554163,12476.386864773916,9980.814526481847,30825.85502395154,0.0,51741.089080821366,82566.9441047729,55062.927858664625,58164.27432341921,workday,5871.925624615886,6010.879884599247,5590.962452340507,0.0
2025-04-29,52330.20446703902,0.0,1013.9567644268991,18340.584813272588,14738.7113618965,31369.60532787248,0.0,7006.980516535555,38376.58584440804,49243.14359094391,50533.09248415257,workday,6010.879884599247,6141.0602588818,5761.781887819457,0.0
2025-04-30,52565.50000568444,0.0,90.00797829185855,18525.421678176917,15200.062064583333,31510.73122802588,0.0,415.69117853287815,31926.42240655876,48130.74543574585,48188.21877449987,workday,6141.0602588818,5924.981919703993,5713.896617594697,0.0
2025-05-01,49910.60029341533,0.0,4742.054651833327,18037.952398316836,15407.434655319448,30018.206424124473,0.0,28944.219860874375,58962.42628499885,63261.86342269278,70362.33966552347,holiday,5924.981919703993,5039.767238945312,5899.293055616084,0.0
2025-05-02,26181.28885450663,0.0,3357.126979529112,15919.343940994726,12531.693311776691,12473.314557543297,0.0,19075.89842386095,31549.212981404246,38031.242015854434,42671.05112804802,holiday,5039.767238945312,5443.073106088687,6109.937026210265,0.0
2025-05-03,25835.59731324983,0.0,2579.5920677484805,15924.813845317323,12797.364047652345,12347.705950209112,0.0,14370.72816609303,26718.43411630214,34962.07744847274,39289.83343184305,holiday,5443.073106088687,5556.112180593894,6806.080549119417,0.0
2025-05-04,50797.63581785805,0.0,3864.497778745768,16943.654145050252,14016.187881779768,30287.83339948341,0.0,24792.51131448078,55080.34471396419,58270.94105363023,62603.584218709264,holiday,5556.112180593894,5231.858820272714,6846.773939750414,0.0
2025-05-05,52540.84035381051,0.0,5828.155311510598,17465.141935047435,14172.15306972632,31316.14996524992,0.0,36490.52263944372,67806.67260469364,56934.408437704726,70417.865865245,holiday,5231.858820272714,5203.649817675059,11448.31638161173,0.0
2025-05-06,53530.52465994797,0.0,3251.7518227756486,19681.518310894146,15840.825745005906,31985.08273727073,0.0,19481.34937348013,51466.432110750866,60609.337449555205,65610.6918178451,workday,5203.649817675059,5316.098803028791,5817.879426528878,0.0
2025-05-07,53164.443692554196,0.0,5493.162885509888,17834.469032179575,14339.891216496448,31704.288243842893,0.0,35695.54051066151,67399.8287545044,61911.911371885115,68254.46992504556,workday,5316.098803028791,5433.908469216579,5947.187663654633,0.0
2025-05-08,54179.419334351966,0.0,4954.569663864583,16161.05458978731,12892.161642311701,32788.63654159877,0.0,32948.84811059434,65737.4846521931,55870.54523214754,59758.66243876693,workday,5433.908469216579,5654.233553012153,6144.952554810421,0.0
2025-05-09,27205.74195970257,0.0,1414.121878668157,16346.202061270207,12784.86742381832,13421.260979453855,0.0,7977.74271991085,21399.003699364705,31068.813655665614,33620.7051783452,workday,5654.233553012153,6160.4071594683155,6243.268463534589,0.0
2025-05-10,26849.736013957212,0.0,884.8715449819987,16059.14786516579,13464.130905133246,13419.476608973575,0.0,5231.438712862815,18650.91532183639,31013.565813546786,32548.021447837797,weekend,6160.4071594683155,5653.494787969474,5384.481527750534,0.0
2025-05-11,55267.348118883114,0.0,3566.217645490704,17116.053383423146,13895.192790632645,33239.82916370961,0.0,23948.23933539337,57188.068499102985,55612.532251061355,57900.42318919746,weekend,5653.494787969474,5618.839732347366,5833.33035315029,0.0
2025-05-12,55607.0477904372,0.0,1367.6807299380446,17778.972681741896,14187.36401820117,33166.54754035621,0.0,9027.090962805676,42193.638503161885,53698.86825073568,55339.67863179892,workday,5618.839732347366,5856.177347913772,6392.272306406518,0.0
2025-05-13,54550.47328514602,0.0,2201.1788491230327,17886.013858526887,14436.764111500535,32746.971303749946,0.0,14495.246375608063,47242.21767935801,51460.62448047957,54816.554901212854,workday,5856.177347913772,5912.740807809606,6584.574771714273,0.0
2025-05-14,54696.74444437571,0.0,1673.1260268043397,18355.585541480687,15110.710631989978,32800.692416138845,0.0,10968.864785670305,43769.55720180915,52641.045558236205,55099.51784717728,workday,5912.740807809606,5643.089315153357,6574.161029676478,0.0
2025-05-15,55575.98899510784,0.0,1249.5138816078452,19498.33349932198,15577.584188547802,33637.89463748232,0.0,8287.615733165485,41925.51037064781,52283.89486109485,55552.1223096805,workday,5643.089315153357,5883.162588378907,6666.80008985574,0.0
2025-05-16,27017.242221726858,0.0,354.7685020864636,15707.218775573614,12900.407578575303,13606.522408045159,0.0,1810.9236461712999,15417.44605421646,28696.682562270318,30187.680145026283,workday,5883.162588378907,5685.873287978153,6708.909923700579,0.0
2025-05-17,27426.75924009754,0.0,733.9244296759173,15997.064437819725,12828.435719432808,13875.973090777085,0.0,4739.712694738648,18615.685785515732,29826.6708185768,31953.624110687873,weekend,5685.873287978153,5829.413815979457,6222.840450728132,0.0
2025-05-18,54975.252165391066,0.0,2110.7398183940836,17482.774217338232,14145.699460050477,33466.904334583734,0.0,14280.35944341814,47747.26377800187,52745.582704757784,55119.77684402237,weekend,5829.413815979457,5846.466767083333,6664.737035445636,0.0
2025-05-19,53915.1882958204,0.0,584.7525207986654,18659.91880345996,15130.09003368148,32487.14182337343,0.0,3784.625340391818,36271.767163765246,50385.43370516289,52281.3285516078,workday,5846.466767083333,5829.182541662329,6733.795162321516,0.0
2025-05-20,53651.30816695056,0.0,3755.8162792429553,15551.17731288807,12715.72011376486,32358.483739090614,0.0,25304.291175310584,57662.7749144012,50990.225968458784,55000.13119207274,workday,5829.182541662329,5696.664219078414,6714.497055505801,0.0
2025-05-21,54492.02186952012,0.0,1833.17543677308,17790.035019006715,14428.922468732037,32816.1738617603,0.0,12006.501525290505,44822.675387050804,52210.55827807376,56112.26279336917,workday,5696.664219078414,5675.559659815538,6693.886957028362,0.0
2025-05-22,53533.231670900655,0.0,1212.2922602775952,18442.992899002216,14585.031647641666,32380.655735085664,0.0,8321.945757492118,40702.601492577785,50029.59311046598,52672.52892639427,workday,5675.559659815538,6068.662549315683,6859.098875509507,0.0
2025-05-23,26347.36540701571,0.0,690.4774969337018,16332.94078860779,13228.416753213065,13141.540331028706,0.0,3838.524371972742,16980.064703001448,28194.12225318946,29973.49822841775,workday,6068.662549315683,6070.068422159288,6860.394626478799,0.0
2025-05-24,26668.14701970383,0.0,248.497320382039,16130.500912887417,13250.144282411464,13468.475776499148,0.0,1125.3910801299976,14593.866856629147,27760.0580446065,28254.99070683522,weekend,6070.068422159288,5865.136707745225,6989.304424172075,0.0
2025-05-25,53097.98082210116,0.0,847.670180959206,17913.749853650104,14375.51661488172,32215.96741398455,0.0,5342.400348840914,37558.36776282546,51383.47775750479,52472.32211034502,weekend,5865.136707745225,6014.715337272859,7267.31225857227,0.0
2025-05-26,51084.33517345185,0.0,5964.2901759073475,13455.700321780287,11023.414939001406,31152.130077601083,0.0,38709.28537427862,69861.4154518797,52579.42711253878,58350.29010384205,workday,6014.715337272859,5876.6068057624425,6945.56957275622,0.0
2025-05-27,52978.26614487054,0.0,481.8701549605447,18311.48808758053,14942.185357433069,32031.478443496708,0.0,3165.200716118147,35196.679159614854,48785.24114722505,51832.4551940219,workday,5876.6068057624425,5754.517909659288,7157.619410980231,0.0
2025-05-28,52224.60264626298,0.0,3280.7424441461308,16326.938468027045,13161.574721262714,31650.488579726894,0.0,21616.47043834128,53266.95901806818,51774.9400604758,55932.112876038125,workday,5754.517909659288,5824.790618369501,6896.456985180863,0.0
2025-05-29,52427.90502172923,0.0,4970.840688656035,15956.026294133344,12845.907882380823,31578.651530585805,0.0,32708.240052843266,64286.89158342907,54349.3962823196,61852.28133669431,workday,5824.790618369501,5911.983302666377,6931.624638120088,0.0
2025-05-30,26063.419590020763,0.0,983.2623381547508,16189.78363605947,13158.475388352706,12908.29937750895,0.0,6159.86844878698,19068.167826295932,29327.861083201904,31619.226195157473,workday,5911.983302666377,5862.260365839121,7211.291636898431,0.0
2025-05-31,25919.126312513406,0.0,998.9617776752656,16155.821844892469,13324.02632193191,12841.04875690482,0.0,4858.741019560174,17699.789776464993,29496.864324904334,31543.227965651604,holiday,5862.260365839121,5598.026335206885,12484.202056566124,0.0
2025-06-01,53526.530671385444,0.0,18458.973562052797,9144.81690460232,8384.138971164077,32424.98379852509,0.0,107041.0178487448,139466.00164726988,78236.43198361539,103618.63779749958,holiday,5598.026335206885,4512.651581388888,12102.250696557334,0.0
2025-06-02,57472.82016807631,0.0,14089.257068525965,15375.10675478377,12453.836968181493,34556.6216896366,0.0,88244.59943608813,122801.22112572474,73723.91258150952,103586.84413161664,holiday,4512.651581388888,4512.65102938151,15233.708479108242,0.0
2025-06-03,61025.9742119669,0.0,10792.623108678483,16740.60702042325,13114.376533111194,36537.54619986065,0.0,68042.34624388903,104579.89244374968,76198.52012378688,90522.31117827324,workday,4512.65102938151,5007.667866527776,7396.752738219701,0.0
2025-06-04,62088.95232886605,0.0,10367.250234615547,15051.797365442528,12240.85561862759,37169.069284371675,0.0,68037.08607515012,105206.1553595218,70343.32877937036,84046.55815267915,workday,5007.667866527776,4953.334808062066,7940.974332017574,0.0
2025-06-05,62795.58904200502,0.0,11296.303287529952,16126.463877219476,13183.889564351162,37616.385776946416,0.0,72638.6032996623,110254.98907660872,75775.87278723445,92622.66357070926,workday,4953.334808062066,4818.386114947192,8132.921936357019,0.0
2025-06-06,29100.680349205784,0.0,7047.016972141926,15547.066408350778,12420.783820336399,14563.695750297658,0.0,42372.09842557267,56935.79417587033,50788.82343030194,61295.81799438859,workday,4818.386114947192,5009.8749709780095,8639.148599383903,0.0
2025-06-07,31052.239082543434,0.0,4149.653689892742,15719.930459923164,12365.029220820314,16336.29346745126,0.0,24410.10390019445,40746.39736764571,42109.698828822635,48452.5053625411,weekend,5009.8749709780095,5418.891028441841,7225.151737921866,0.0
2025-06-08,70105.83518542745,0.0,1823.6531632902193,19524.752606763293,15879.10710810587,42419.26015626417,0.0,11781.892143680796,54201.152299944966,64176.56847954478,67610.68827132003,weekend,5418.891028441841,5347.716032188948,8792.609406232568,0.0
2025-06-09,69256.05910260437,0.0,5741.1636530228525,19995.58251079141,16083.554771186362,41956.468093238516,0.0,37648.28437333901,79604.75246657753,66407.49714808587,78971.07076146276,workday,5347.716032188948,5473.123879471933,9261.97203826515,0.0
2025-06-10,69928.33446803984,0.0,5376.589699600143,19785.259417567922,16117.926327336785,42400.556331017244,0.0,34570.930510098166,76971.4868411154,64362.3014879837,76893.85462971253,workday,5473.123879471933,5371.050324908853,9501.68406321914,0.0
2025-06-11,70209.45830767551,0.0,9765.887724062575,19401.295424933112,15613.375044896991,42429.8897305533,0.0,60293.2938851038,102723.1836156571,75047.52521251865,95502.00250862824,workday,5371.050324908853,5484.021713018662,9724.323262612696,0.0
2025-06-12,72294.58702568978,0.0,4511.853647164195,21076.914753590838,16876.20858404074,43944.360015573555,0.0,29877.131275254553,73821.49129082811,64586.53175053209,75924.9580884686,workday,5484.021713018662,5701.90212009404,10065.952285339168,0.0
2025-06-13,32298.292764779144,0.0,2189.511447648852,16061.67639962223,13015.217626183594,17575.68278218787,0.0,13388.245225136552,30963.928007324423,34963.291870237386,42317.77088347886,workday,5701.90212009404,5696.05796177228,10181.536606620048,0.0
2025-06-14,33123.940397786464,0.0,1285.4903713321808,15962.105757542618,13080.71437123648,18332.109025429094,0.0,7908.253637459001,26240.362662888092,34549.99622829447,38848.708278072954,weekend,5696.05796177228,5527.826064408998,9105.046689359848,0.0
2025-06-15,74356.38999526149,0.0,1356.8603121554254,22682.099045792464,18066.41886637055,45307.05213087093,0.0,9219.266643376084,54526.31877424701,63848.72705742313,67527.31778331225,weekend,5527.826064408998,5867.916465210504,9392.699181524173,0.0
2025-06-16,74293.8285884065,0.0,3231.0481736033785,21785.06157901824,17428.54138594683,45490.29497455691,0.0,20015.889067046242,65506.184041603155,65400.352788972355,71122.21487547692,workday,5867.916465210504,6109.425901941551,10460.845001967087,0.0
2025-06-17,74486.62058460599,0.0,4042.0525105533957,21316.743563094136,17545.878635783327,45615.46975960919,0.0,27207.514250331224,72822.98400994041,68877.12763954073,76346.95054824497,workday,6109.425901941551,5799.074402300347,10489.061513990771,0.0
2025-06-18,75671.33390909832,0.0,509.06536721832924,22179.164680430335,17843.239416442844,46339.128765041,0.0,3525.3142808036587,49864.44304584466,65464.47936305148,64602.15697968723,workday,5799.074402300347,5934.501040862268,10539.208960101696,0.0
2025-06-19,74994.788968843,0.0,429.51933413193393,22568.505471090575,18220.38617331514,46031.636351964844,0.0,2611.5987360189242,48643.23508798377,65691.22623435067,65679.0327568441,workday,5934.501040862268,6001.282438938079,10531.69953295396,0.0
2025-06-20,33823.67468615728,0.0,0.0,15858.026402667534,12971.162183920062,19204.71396724513,0.0,0.0,19204.71396724513,35275.55181646448,34117.17122438789,workday,6001.282438938079,5861.103774761012,10591.700040572086,0.0
2025-06-21,33927.34464270298,0.0,180.7009954325249,16530.673938478434,13078.078069303525,18922.299251060256,0.0,741.354978983998,19663.654230044252,35053.349673317985,34600.441693868794,weekend,5861.103774761012,6207.512464609906,9342.951839061512,0.0
2025-06-22,72226.27531154786,0.0,895.6973485307834,20664.022189427214,16942.3645286403,44272.86514071257,0.0,6126.821311629849,50399.68645234242,63599.1938014516,64942.74926869614,weekend,6207.512464609906,5980.282958827401,9356.117017703518,0.0
2025-06-23,71720.85623241599,0.0,1449.0337918073087,21571.92015471507,17623.760339593948,43874.948119763125,0.0,9667.469062257283,53542.417182020414,63072.56734366332,65952.10392538477,workday,5980.282958827401,5813.055165188802,10605.928220777543,0.0
2025-06-24,71926.3438017931,0.0,8348.767693592084,19242.53843382559,15436.935074443001,44051.47361239282,0.0,50420.20641943076,94471.68003182358,73845.12944484354,87732.07759361895,workday,5813.055165188802,5979.1896729173895,10197.201181077753,0.0
2025-06-25,72968.1293233404,0.0,1805.5445488043244,21476.33425178425,17495.327841958926,44644.7885794882,0.0,11707.806965461084,56352.59554494929,65363.538329137366,67200.56800786858,workday,5979.1896729173895,5868.637341791087,10543.658373138654,0.0
2025-06-26,72359.2095589015,0.0,737.7008728733169,22514.375975030154,18338.373647840835,44293.29357152155,0.0,4109.2033447186905,48402.49691624024,63287.85348820372,65775.97820181759,workday,5868.637341791087,5755.604999495082,10593.67934322928,0.0
2025-06-27,32789.16956449789,0.0,273.388030185023,16537.15606133508,13176.131923234674,18299.32857626475,0.0,1450.4998060900703,19749.828382354823,34083.90500903613,33810.55820476471,workday,5755.604999495082,5998.898873324799,10484.370389771057,0.0
2025-06-28,32409.37328794751,0.0,318.7157722393598,16554.638911627055,13506.833890242266,17676.269353660446,0.0,1703.9221356036342,19380.191489264078,33477.23499442362,34424.24532516835,weekend,5998.898873324799,5890.480682408855,9037.124905883287,0.0
2025-06-29,71490.06720523501,0.0,2220.709758598302,20806.489904769263,16655.54860446858,43619.89955651755,0.0,14147.049395795426,57766.948952312974,63370.989668440154,65172.61034569222,weekend,5890.480682408855,6110.156480625001,8850.369859909464,0.0
2025-06-30,70762.07559313976,0.0,2716.7865837570766,20588.82832459471,17244.19069091846,43274.60312916367,0.0,16902.136469140692,60176.73959830436,64719.22172834262,69172.06679222138,workday,6110.156480625001,5479.89009396195,10358.69013043716,0.0
2025-07-01,73505.57652901881,0.0,8510.102160609355,19949.36003985438,16984.16498098582,44890.55923333475,0.0,50848.34580564449,95738.90503897924,77475.56838766627,91844.32513630268,workday,5479.89009396195,4563.019706513309,10321.056112675788,0.0
2025-07-02,78846.37494580928,0.0,2105.201404203003,21830.21665727394,17541.33375661911,48855.263417930415,0.0,13162.64711134104,62017.91052927146,73863.23776243425,78118.32291998576,workday,4563.019706513309,4719.843857371961,10454.933052184191,0.0
2025-07-03,77768.36745124927,0.0,6479.747706371226,20989.858385818432,16802.391702716704,48158.76192986575,0.0,38721.282891246025,86880.04482111178,75148.38916919145,86983.66974408316,workday,4719.843857371961,4941.392290478878,10469.020501282941,0.0
2025-07-04,34397.82145823629,0.0,7014.6834150621735,15294.318615979453,12523.670742680988,18892.897153005313,0.0,34237.84648098733,53130.74363399265,47156.6366854327,61821.36453582306,workday,4941.392290478878,4791.089330770399,10524.689175197214,0.0
2025-07-05,40398.237477677925,0.0,2651.6145904104337,16195.610752383936,12370.66563579297,22888.88665049664,0.0,15385.882138014123,38274.76878851076,42175.79897726177,48270.632409062455,weekend,4791.089330770399,5621.954968145978,8897.472459127868,0.0
2025-07-06,71052.03853523845,0.0,11008.251498087257,18253.9178783425,16112.477225808338,44287.090136050814,0.0,68825.42032854991,113112.51046460072,85854.4887835034,101612.38167705674,weekend,5621.954968145978,4147.728585533856,8369.580469132236,0.0
2025-07-07,75698.8397764228,0.0,3003.8170080172313,22015.472901815923,17228.786963329625,46912.1015684625,0.0,17733.651969610863,64645.75353807337,72309.24247225215,76648.56223258564,workday,4147.728585533856,4818.557571246382,10867.557320312835,0.0
2025-07-08,78645.97360540694,0.0,3444.301525377585,22599.065761973463,17367.956196360617,49118.00842469804,0.0,21677.43936833732,70795.44779303536,70275.27613563574,78623.11192925347,workday,4818.557571246382,5859.987649955149,10915.644654617237,0.0
2025-07-09,78633.62880564235,0.0,198.86663981195696,22464.82907549679,18097.352240165023,49430.19277931927,0.0,1302.7243132192698,50732.91709253855,69011.30747458556,69254.08662738201,workday,5859.987649955149,5970.164662163339,10982.11965468299,0.0
2025-07-10,77508.05194932727,0.0,637.1642660449679,22463.995119199557,18275.5139422101,48904.06852230464,0.0,4365.394609343181,53269.46313164782,68920.51647131925,70604.75766503892,workday,5970.164662163339,5881.633666987269,10959.247553357922,0.0
2025-07-11,39222.641367738994,0.0,2420.5144136517233,15987.630379040176,13198.11231096135,22609.22877103486,0.0,11983.029655886246,34592.25842692111,40383.088060912836,46429.96704873026,workday,5881.633666987269,5605.931773721934,11022.872315932547,0.0
2025-07-12,41977.9153810519,0.0,809.7520425698101,16337.44137277355,13116.73029593342,24392.087021482897,0.0,5136.02417820416,29528.111199687057,40971.007212890865,44040.43939138931,weekend,5605.931773721934,5735.4842359587665,9113.854349816338,0.0
2025-07-13,75562.73125010703,0.0,1083.6544704353948,21358.332112517604,17477.32274601426,47130.55655291369,0.0,7326.084305027201,54456.64085794089,66188.84344069993,69857.66066450349,weekend,5735.4842359587665,5538.735641653211,8796.328389728393,0.0
2025-07-14,75875.67455434828,0.0,694.5180082157345,20968.357799338322,16539.919069052707,47862.65442183439,0.0,4844.957625312964,52707.612047147355,67523.2036628589,67724.16009181837,workday,5538.735641653211,6032.5698065546885,11447.315638310196,0.0
2025-07-15,77369.8890484796,0.0,192.09782285127045,20142.675749970804,16016.919102660726,48908.6374845775,0.0,1340.0744122104627,50248.71189678796,68658.07262094898,66002.59749850385,workday,6032.5698065546885,6364.40120079427,11463.648171976552,0.0
2025-07-16,76959.4999429396,0.0,739.1020776462991,20259.682382444116,16515.39891216802,48601.33954427878,0.0,5147.65776568301,53748.99730996179,69293.61130629276,69879.1027411904,workday,6364.40120079427,6247.6721092517355,11438.801090910405,0.0
2025-07-17,75911.38536274212,0.0,1601.7696124847555,20939.767896650726,17244.713199099984,47784.01259845725,0.0,10839.136933450689,58623.14953190794,69707.53603136895,75126.33789649305,workday,6247.6721092517355,5932.670772792969,11398.022466778655,0.0
2025-07-18,41982.56676287265,0.0,78.78094940710116,16019.341557516176,12850.123037160683,24508.135667291237,0.0,549.5759030639377,25057.711570355175,41129.45774649791,40737.98545480559,workday,5932.670772792969,6072.163688823434,11483.237871419791,0.0
2025-07-19,41538.420453501145,0.0,663.4910663534741,15984.505358419094,13186.55789885821,24312.638354931154,0.0,4272.413762016735,28585.05211694789,40687.71971441708,42053.39648021927,weekend,6072.163688823434,5806.48751266927,8520.787169801428,0.0
2025-07-20,76184.40969717827,0.0,451.951247898288,20459.28663477643,16338.712917485547,48253.79397467546,0.0,3152.811905338457,51406.605880013914,66774.94175725442,66864.57659581777,weekend,5806.48751266927,6065.72002009523,8598.922720064602,0.0
2025-07-21,76641.98572019362,0.0,1959.6352094544877,20438.005796258425,16462.12404918029,48198.7785540477,0.0,13373.06182229783,61571.84037634553,68268.38577250142,71262.0142606969,workday,6065.72002009523,6168.676293194156,11577.538563229153,0.0
2025-07-22,76629.05666918846,0.0,1537.4145576180458,19898.968834155068,16172.89958020389,48305.322928214104,0.0,10532.922933328433,58838.245861542535,69390.70534539172,70291.31637683926,workday,6168.676293194156,6107.8598214849535,11427.767742158947,0.0
2025-07-23,77404.20355855724,0.0,1816.6601695343722,21250.804941557933,17200.65568502131,48534.87426997986,0.0,12318.38471122688,60853.25898120674,68549.94232918236,72560.70530333804,workday,6107.8598214849535,6121.744618863426,11474.835090365883,0.0
2025-07-24,77859.2292149597,0.0,1374.9095651277876,20220.163110444224,16182.690487673235,49013.93575781216,0.0,9442.152889692,58456.08864750416,69978.15640171761,71590.30955609777,workday,6121.744618863426,6339.124209737413,11384.627145422568,0.0
2025-07-25,41010.68857829479,0.0,284.40127021801766,16165.270349731276,13392.013501437845,23825.1754742711,0.0,1983.9832610408912,25809.15873531199,40968.25231162243,40342.21688144992,workday,6339.124209737413,6007.852522897957,11387.876750138183,0.0
2025-07-26,41092.81698647197,0.0,290.20543372474083,16719.0976631935,13614.710155682267,23963.158069927595,0.0,1790.7331023503805,25753.891172277974,40202.81321245136,40713.93530536135,weekend,6007.852522897957,5927.584691236257,8815.893778774302,0.0
2025-07-27,76560.48270337011,0.0,2398.829507306311,21171.969223138058,17000.488955768513,48254.36278045151,0.0,14628.487777460003,62882.850557911515,70936.01373960708,76221.45058127934,weekend,5927.584691236257,6092.924818984374,8650.796891538528,0.0
2025-07-28,76584.9670446444,0.0,5129.396223007213,18233.600357302977,14879.01060653129,48062.860280067915,0.0,33667.35787297315,81730.21815304106,70432.14949963067,77442.6322222025,workday,6092.924818984374,5970.931133300059,11328.742998783253,0.0
2025-07-29,78643.74079489578,0.0,2129.289436011195,20660.608678988778,16387.852187798362,49180.980703774505,0.0,14501.041354026487,63682.02205780099,69802.14190557899,70254.81614762831,workday,5970.931133300059,6356.754291280671,11422.522921324738,0.0
2025-07-30,78965.6804770526,0.0,635.2741673689064,21931.464036711044,17910.75292875313,49524.65861767436,0.0,4083.481522467157,53608.14014014151,69134.85157251348,71836.05087655655,workday,6356.754291280671,6194.235336817129,11023.917601708747,0.0
2025-07-31,78885.53058549757,0.0,1183.4183975788694,21920.683614941718,17744.20800240474,49260.98110323389,0.0,8165.694912715092,57426.67601594898,68326.70009174552,71155.19143616718,workday,6194.235336817129,6207.06392092607,10543.271989733312,0.0
2025-08-01,39802.747089782126,0.0,385.0518699449828,15859.765234648072,13127.346699971318,23050.907665436924,0.0,2669.846467981447,25720.754133418373,39744.875476196336,39979.03367002404,workday,6207.06392092607,5894.911854363426,9962.893797870547,0.0
2025-08-02,40696.29607625453,0.0,170.6821785839028,15943.392129203316,12757.558207202866,23642.434511721352,0.0,1098.2656166283243,24740.700128349676,39060.440403123655,38424.00016036662,weekend,5894.911854363426,6068.9000959765635,8539.009545848841,0.0
2025-08-03,75130.76807427291,0.0,298.16361988446977,18493.319466213048,15222.995848222414,47376.9936943673,0.0,1652.8933368979156,49029.88703126522,64739.37341596975,64357.08137307456,weekend,6068.9000959765635,5798.44778421007,7011.543383868333,0.0
2025-08-04,72215.48520323931,0.0,35.759933331226115,19108.459169055503,15416.678454718809,45720.30037237569,0.0,249.46129491863337,45969.761667294326,63540.122067422104,62643.9387369895,workday,5798.44778421007,5866.418308894677,9340.873047266308,0.0
2025-08-05,72198.7596873666,0.0,0.0,19709.634304415307,15672.536906367504,45652.02607104383,0.0,0.0,45652.02607104383,63366.95278529105,61203.143314876106,workday,5866.418308894677,6191.159286904553,9043.645416299332,0.0
2025-08-06,70175.08414702247,0.0,1899.687403643914,19196.982031729378,15863.19004746437,44466.74952801284,0.0,12811.253331304046,57278.00285931689,66084.93241098744,69721.14912825814,workday,6191.159286904553,5842.676396056135,8760.93189965102,0.0
2025-08-07,70406.19631330861,0.0,50.93465520343807,20843.224721640498,16717.015601142353,44710.22616135457,0.0,354.8136009161761,45065.039762270746,63057.67586356138,63575.31084217124,workday,5842.676396056135,6027.116866485531,8408.756596874742,0.0
2025-08-08,39555.90855082477,0.0,144.9607025524787,16161.767541173525,13122.583307383891,22762.012504846316,0.0,802.6209772552448,23564.63348210156,38203.10529178745,38557.20255439049,workday,6027.116866485531,5992.05953422627,8228.209138218104,0.0
2025-08-09,39105.66178724157,0.0,287.88620156157725,16350.03314964706,13301.26661662779,22573.866615476527,0.0,1521.2488631482697,24095.115478624797,38455.23659163897,39619.06547726797,weekend,5992.05953422627,5927.904239322193,6771.008116519,0.0
2025-08-10,68757.0629139782,0.0,382.4616069035631,19052.731740451498,15436.973749127035,43926.282454847744,0.0,2647.7659172686963,46574.048372116435,61124.11861793736,60774.62231796582,weekend,5927.904239322193,5923.16975114294,6683.8368651585115,0.0
2025-08-11,67771.48106328511,0.0,739.9433822882097,20268.44037785135,16390.932830523783,43298.73263326458,0.0,5159.612441867942,48458.34507513253,63208.608879930136,65478.33511725919,workday,5923.16975114294,5952.618501738282,7923.549186632636,0.0
2025-08-12,68573.4996776205,0.0,2783.8222641863613,17425.91865452419,13971.401947092332,43878.25729653441,0.0,18939.02518243796,62817.28247897237,63064.49565406677,65979.19984908175,workday,5952.618501738282,6112.165349596354,7908.8257565711665,0.0
2025-08-13,68701.2763032001,0.0,1162.0124267925876,18331.362588642955,14826.698492036468,44064.75180493303,0.0,7928.339981908616,51993.09178684164,62231.30720596381,61846.13279609772,workday,6112.165349596354,6136.2822437789355,7869.063359961453,0.0
2025-08-14,68181.51586623095,0.0,1627.7554249941866,20135.480238221273,16466.34647113983,43580.7871456307,0.0,11077.260316049278,54658.04746167998,65404.84120143986,69616.91971842176,workday,6136.2822437789355,5962.2739346893795,7954.017289453089,0.0
2025-08-15,39131.81123318402,0.0,193.68701017815206,16692.723472740134,13723.28569623566,22524.100106181348,0.0,916.5519725766296,23440.65207875798,38411.407708371684,39819.55696715924,workday,5962.2739346893795,5737.629842115885,7986.600074077001,0.0
2025-08-16,39210.21737092024,0.0,360.3210845104151,16514.87954063956,13092.158462287836,22571.61775299179,0.0,2470.1467602935736,25041.764513285365,38252.88142336813,39544.320074455805,weekend,5737.629842115885,6054.178692816117,6595.621270822045,0.0
2025-08-17,68148.01771009283,0.0,145.87749967575078,20635.695966958156,16707.907781766706,43716.65821529388,0.0,1003.7910054426924,44720.44922073657,62334.98253166942,64515.73666973804,weekend,6054.178692816117,6061.963083337673,6627.888209609632,0.0
2025-08-18,67305.27515223615,0.0,1190.7699513879977,20094.13876877319,16284.511845758365,43217.65562584386,0.0,7724.70997408614,50942.365599929995,63699.856722165954,66784.9812172154,workday,6061.963083337673,6052.785924390914,8000.319323768532,0.0
2025-08-19,67948.5959493389,0.0,213.24736406358588,19787.211462772706,16155.309538896674,43612.2084222288,0.0,1374.6988940276383,44986.90731625644,62793.65643917337,63280.69533318915,workday,6052.785924390914,5910.932308778934,8058.287247673041,0.0
2025-08-20,67507.89067525177,0.0,6409.95546690557,16276.880767378256,13124.586607773008,43306.28105797138,0.0,40713.69273989732,84019.9737978687,70303.26712680118,75899.58667740933,workday,5910.932308778934,5977.250990782697,7677.312017730954,0.0
2025-08-21,69501.48715756784,0.0,275.99139651726955,19630.71353056039,15788.627139496111,44341.53971536954,0.0,1922.9097671858524,46264.44948255539,62494.75660611457,61695.701228322854,workday,5977.250990782697,6101.974124402488,7962.413394865873,0.0
2025-08-22,38957.15751457648,0.0,1119.5725989395114,16454.179593407258,13499.52902773605,22388.664275349034,0.0,7445.2194342554785,29833.883709604514,39518.22322778247,43414.04870449392,workday,6101.974124402488,5911.25906098452,7969.769545403943,0.0
2025-08-23,39636.75846836301,0.0,380.5325747137932,16095.054059222284,13060.828852048822,22897.523281491336,0.0,2406.6025894709214,25304.125870962256,38000.73384613479,38557.510119455714,weekend,5911.25906098452,5884.775656452547,6328.35073629606,0.0
2025-08-24,69939.03522796903,0.0,695.4154138111079,20944.646977766537,16937.9139399323,44561.47303058706,0.0,4771.897326871542,49333.3703574586,62412.99689524189,67374.60988014581,weekend,5884.775656452547,5915.053558739873,6294.683244431095,0.0
2025-08-25,69475.33490386704,0.0,4922.851041905922,17480.8977846508,14027.493045388243,44415.2095795511,0.0,33362.12337625916,77777.33295581026,64740.28653377264,70549.64804558743,workday,5915.053558739873,6061.758181160881,8102.727487546225,0.0
2025-08-26,71506.49180998563,0.0,0.0,20886.038005305636,16831.641609739156,45541.09869700576,0.0,0.0,45541.09869700576,63069.11528843103,63503.27663384582,workday,6061.758181160881,6157.368375114679,8136.963523240709,0.0
2025-08-27,70133.93884632777,0.0,1996.0306875719948,20178.77822844776,16419.33370020449,44912.375541100584,0.0,13626.453432784892,58538.82897388547,65114.96068874628,69574.74866642267,workday,6157.368375114679,6074.564669379341,7740.215538278812,0.0
2025-08-28,70856.99315105085,0.0,3797.8737560164923,18258.962963441118,14745.93526401569,45300.90915303044,0.0,24532.188838506758,69833.0979915372,66659.12844940933,68950.86221233121,workday,6074.564669379341,6123.258820903356,7614.917356579701,0.0
2025-08-29,40379.645705659095,0.0,99.83091415098048,16999.949142157788,13760.467923836612,23544.573587953637,0.0,643.3375367939105,24187.91112474755,40317.345233236694,41282.82996746191,workday,6123.258820903356,6133.804244582467,7518.658170522276,0.0
2025-08-30,39885.40094528296,0.0,296.6555286624184,15843.887268927785,13144.057278582028,23242.652838304446,0.0,2032.1433880981194,25274.796226402566,39388.67659401592,40682.25509822167,weekend,6133.804244582467,5788.79469930411,5950.266421249945,0.0
2025-08-31,71417.53002216895,0.0,523.3279394005716,21490.18080477093,16866.819308748567,45510.48971100645,0.0,3617.776930746864,49128.26664175331,63391.97770758223,64571.85600057178,weekend,5788.79469930411,6389.0470805439845,5822.383239536497,0.0
2025-09-01,69924.80767584419,0.0,0.0,20023.636798106698,13681.19308604052,44609.27046059694,0.0,0.0,44609.27046059694,61805.34986456057,58156.33209087473,workday,6389.0470805439845,9208.99454768388,7231.434699814764,0.0
2025-09-02,62296.71670376747,0.0,0.0,18674.14001003049,15824.00395870425,40177.57987787277,0.0,0.0,40177.57987787277,58936.46898133822,59539.021264743176,workday,9208.99454768388,8433.49393592882,7067.950773559352,0.0
2025-09-03,62103.92035049646,0.0,0.0,17665.56270684469,14772.110619518493,39715.01905718912,0.0,0.0,39715.01905718912,58091.81789205217,57222.08752961799,workday,8433.49393592882,7919.044128179596,6940.406761524829,0.0
2025-09-04,62405.99060872053,0.0,0.0,19829.061711421433,15997.419412087207,39932.73770061032,0.0,0.0,39932.73770061032,58108.853401600565,58896.78717185701,workday,7919.044128179596,7990.289210584215,6866.028628313643,0.0
2025-09-05,36663.112663053915,0.0,0.0,16718.972832208092,12795.162638112797,21470.2000107343,0.0,0.0,21470.2000107343,36503.212532749516,34717.31372031868,workday,7990.289210584215,8820.51738389061,6787.59841715201,0.0
2025-09-06,36046.99491981505,0.0,0.0,17115.807856007446,13598.75999738794,21201.95578031682,0.0,0.0,21201.95578031682,36545.02866507908,35432.860281942296,weekend,8820.51738389061,9115.01112386627,4963.464056527326,0.0
2025-09-07,59270.9801800317,0.0,0.0,18118.31393798994,16111.624495382423,37784.69489534698,0.0,0.0,37784.69489534698,56966.38033488835,55896.06529454644,weekend,9115.01112386627,7519.688673187862,4626.134571177947,0.0
2025-09-08,57563.97799970199,0.0,3854.76331480236,16377.430623638922,14576.470494486133,36279.59388245253,0.0,26164.138097862575,62443.731980315104,59612.32536000218,62710.688687307884,workday,7519.688673187862,6063.2979072560765,6333.551280569189,0.0
2025-09-09,61115.0250284098,0.0,467.4072939118617,20390.028415675693,16279.50328205825,38152.01333799092,0.0,3260.089827879147,41412.10316587006,55353.77058310576,56728.062857890334,workday,6063.2979072560765,6325.986501299479,6411.069961870821,0.0
2025-09-10,59480.49357568288,0.0,5245.226430280648,16648.586250916553,13614.391770870972,37447.8283528155,0.0,33328.13193106642,70775.96028388193,61347.15188537502,66087.96421730629,workday,6325.986501299479,6182.612159489969,6282.833704162524,0.0
2025-09-11,61643.25949694668,0.0,2.153301432291755,21632.395322116863,17213.4080250662,38410.56880968147,0.0,14.515404955078722,38425.084214636554,56445.37909875209,57301.96665557948,workday,6182.612159489969,6525.7590326549325,6469.784662236343,0.0
2025-09-12,33883.98291799338,0.0,0.0,17250.28930196434,12842.177821121597,19241.027308733155,0.0,0.0,19241.027308733155,33976.2310497343,33788.07601631754,workday,6525.7590326549325,7781.932936509954,6336.053274288517,0.0
2025-09-13,31739.60383425402,0.0,0.0,16786.334950047483,14534.063819297542,17666.14886232163,0.0,0.0,17666.14886232163,33143.825077905756,33832.302900791845,weekend,7781.932936509954,6740.674592333197,4560.020214135111,0.0
2025-09-14,58937.424569875024,0.0,4094.500608173078,16997.2158415457,14381.512326301377,36869.26321046852,0.0,26941.964449886273,63811.22766035479,57243.06538477799,60516.20391644747,weekend,6740.674592333197,6058.7107093894665,4456.373158752065,0.0
2025-09-15,60784.730576136666,0.0,1107.954732042525,21810.660423232443,17655.820905754033,37637.156211496804,0.0,6643.396297528652,44280.55250902546,57017.78377487193,60044.069653213824,workday,6058.7107093894665,6070.726306127521,6053.298569254451,0.0
2025-09-16,60072.9897788523,0.0,2860.1260799591946,19098.597537332626,15689.413834966439,37395.452876060124,0.0,18883.743642644178,56279.1965187043,56891.32610217622,59364.67015845364,workday,6070.726306127521,5826.78205087529,5907.101181898973,0.0
2025-09-17,61451.1310791873,0.0,2830.7090862426785,19904.0750419442,16041.937340223896,38079.12691517605,0.0,17533.04475414074,55612.17166931679,57655.31459454337,60831.089641657505,workday,5826.78205087529,5916.074766154081,5979.016389635414,0.0
2025-09-18,61462.33441010061,0.0,1848.5281790335987,20875.525194221216,16793.911918171012,38061.59456031858,0.0,11601.665258202254,49663.25981852083,57343.09397090976,60087.4539478074,workday,5916.074766154081,6044.145309652055,6081.884838011802,0.0
2025-09-19,31782.50361946092,0.0,534.3482933753685,16480.88120407533,13283.08396636925,17489.891406117356,0.0,2503.8446378690755,19993.73604398643,32842.622529535736,35059.34727597939,workday,6044.145309652055,6117.956208465132,6017.717794155081,0.0
2025-09-20,31641.17029140705,0.0,1075.871034644505,16714.14162226355,13317.612822904703,17145.72421160455,0.0,5873.539672803,23019.263884407548,33728.06038240923,36614.338502549945,weekend,6117.956208465132,6363.336087497107,5107.786048288818,0.0
2025-09-21,62611.1147856347,0.0,515.3636229556437,20124.74306433228,16564.57799911436,38829.504588689786,0.0,3437.675821519474,42267.180410209265,57769.32113736103,58523.86384873385,weekend,6363.336087497107,6070.518179713542,5196.886949072762,0.0
2025-09-22,62885.837703702324,0.0,1678.1605593954625,20967.87045704157,17141.027870469305,38894.127124200735,0.0,10644.404904161804,49538.53202836254,58051.33282244272,61317.854987448336,workday,6070.518179713542,5896.015068307292,6093.944563291059,0.0
2025-09-23,64422.051598746264,0.0,2462.767648921193,20819.046649171538,16622.733315945487,39891.37870576825,0.0,16248.174393756002,56139.55309952425,59469.50928364136,63560.66796935131,workday,5896.015068307292,6163.453368177808,5883.33053104654,0.0
2025-09-24,63929.731490156395,0.0,1496.4298792748102,21574.21632619481,17502.021614854264,39673.00936896407,0.0,7835.057282791207,47508.06665175528,58294.860376751465,62436.04221297465,workday,6163.453368177808,6133.557378581742,5826.257290558516,0.0
2025-09-25,64046.958451380335,0.0,749.8911532825691,21601.819123390287,17754.530606677257,39666.739685155684,0.0,4474.931993008839,44141.67167816452,58864.09709152915,61052.04175212817,workday,6133.557378581742,5847.938359991608,5883.254774615708,0.0
2025-09-26,32733.915749606167,0.0,0.0,16873.39698636617,12991.627017349521,18041.918490884753,0.0,0.0,18041.918490884753,32767.668089439067,33160.43349970082,workday,5847.938359991608,6598.854517332809,5867.129136586726,0.0
2025-09-27,31671.840889576146,0.0,1397.706392106865,16328.739698351785,13917.89192506721,17234.23388245643,0.0,8123.088569491877,25357.322451948305,35495.186270130034,38538.7799643137,weekend,6598.854517332809,5830.395884663628,5200.951762855776,0.0
2025-09-28,65669.05765994174,0.0,2222.5149538565774,21078.031729126735,16921.824378472862,40709.264245776154,0.0,13244.082444382526,53953.34669015868,59316.85458929119,62651.806408755925,makeup_workday,5830.395884663628,5998.597353685618,5522.786081377523,0.0
2025-09-29,66150.01346033947,0.0,1301.0849064638062,21764.356443531975,17700.480872498538,40754.282593765914,0.0,7727.486774122165,48481.76936788808,59622.599364039685,62107.76604689182,workday,5998.597353685618,5919.317183421585,5991.292529025575,0.0
2025-09-30,66772.51755740435,0.0,3333.2338383536553,20751.50588908896,16617.236061430274,41402.28055542584,0.0,20608.627001613124,62010.90755703897,60713.4278185292,67680.08330552602,workday,5919.317183421585,6132.07685979022,6053.779392680581,0.0
2025-10-01,67324.77148617186,0.0,0.0,20705.790361215026,14716.516515774669,42077.21579321098,0.0,0.0,42077.21579321098,58897.32023570826,56413.93323132319,holiday,6132.07685979022,8415.60316735634,5981.987580723897,0.0
2025-10-02,61853.016833296264,0.0,0.0,20007.647831416252,16013.353638438053,39470.07007992579,0.0,0.0,39470.07007992579,58188.57383167668,56223.19713093918,holiday,8415.60316735634,8629.87106181091,5968.139643333869,0.0
2025-10-03,29446.79271149799,0.0,0.0,16743.281205596773,14280.54016568597,16168.90525780197,0.0,0.0,16168.90525780197,31334.12344382946,30456.76852829487,holiday,8629.87106181091,7831.557296085811,5980.161384730707,0.0
2025-10-04,29975.30835225113,0.0,633.9681849849792,16587.4816084212,13782.288303291445,16383.198502967758,0.0,2465.199652199226,18848.398155166982,32095.505881179684,32571.558489347473,holiday,7831.557296085811,7446.637073341065,5987.055030410841,0.0
2025-10-05,60742.87286559621,0.0,191.9720505418362,20546.09388734842,16459.13454947767,38081.71769846984,0.0,981.3739488817114,39063.091647351546,56738.28755157712,55822.42638098714,holiday,7446.637073341065,7650.1942947572325,5971.447578061718,0.0
2025-10-06,60428.22692676393,0.0,228.18617053502055,19625.53197139251,16904.49087240085,38144.73508216665,0.0,1155.3332269891857,39300.06830915583,56764.66119313104,57117.3530791839,holiday,7650.1942947572325,6530.4054330095505,5936.167878266526,0.0
2025-10-07,61510.697053910015,0.0,1263.4984703788732,21350.932751355536,16691.299298536356,38501.51542295459,0.0,6525.65566717853,45027.17109013312,56934.203833891515,60532.25336911037,holiday,6530.4054330095505,7200.356799744688,5658.853439175248,0.0
2025-10-08,59390.16341291739,0.0,776.6665212084603,20675.45354381915,17426.414675102966,36338.187026057756,0.0,4081.6563634536255,40419.843389511385,55118.41597654322,56755.38722046607,holiday,7200.356799744688,6445.582016845298,2795.2407304544927,0.0
2025-10-09,59169.948998417894,0.0,1722.5932054177254,21111.169996372948,17409.730845136273,35653.0884507241,0.0,10498.63869707731,46151.727147801415,56453.31707203333,60134.469032594214,workday,6445.582016845298,6101.489630096209,6034.801163855975,0.0
2025-10-10,29797.20132707274,0.0,835.4959716852071,16129.28888780157,13226.610958509767,15366.691635196776,0.0,3691.2219781053304,19057.913613302106,30648.506902549518,32966.62406719058,workday,6101.489630096209,5921.615230773439,5910.451544648587,0.0
2025-10-11,30471.680874503574,0.0,608.3363175297247,16432.783135883867,13181.701930113588,15705.358634312635,0.0,2909.9232142026503,18615.281848515286,30496.144794899712,32590.768745266083,makeup_workday,5921.615230773439,6064.78457516493,5511.186587719309,0.0
2025-10-12,59302.6460158166,0.0,2913.087627260076,19762.78402640611,16225.373664958614,35661.22115783521,0.0,19109.72758627256,54770.948744107765,58918.40082427755,61364.759512928875,weekend,6064.78457516493,5823.097237865306,5627.638618863749,0.0
2025-10-13,60658.759927084946,0.0,1128.8416545487123,22163.484604668756,17659.956586081826,36704.00707707187,0.0,6993.143081455595,43697.15015852746,56493.506043405534,59024.738582671256,workday,5823.097237865306,6148.059397531831,5920.125440948335,0.0
2025-10-14,60176.74650927394,0.0,4408.495899654749,19542.48672215225,15992.23725234958,36494.784432671935,0.0,27118.055001595534,63612.839434267466,58379.57925973349,66181.81372647162,workday,6148.059397531831,5967.144944858218,5885.3533616204,0.0
2025-10-15,60545.47250563285,0.0,5102.07515260148,18504.746879975133,14899.958534240794,36230.9790428982,0.0,32641.091147053634,68872.07018995183,59892.11582954088,64967.16596270999,workday,5967.144944858218,6065.907654346063,6108.561050732353,0.0
2025-10-16,61209.51508607536,0.0,5669.71192503716,20140.063892884064,16351.414187208098,36680.696710124495,0.0,35778.79963663761,72459.4963467621,64552.44202974691,73689.65810649443,workday,6065.907654346063,6023.727172154948,5987.751771969351,0.0
2025-10-17,30301.883811444204,0.0,468.6283781562608,16109.012696759572,13268.825649086184,15671.076950670173,0.0,2065.4651797559945,17736.542130426165,30872.274477468603,32229.362924138735,workday,6023.727172154948,5778.698989142796,6163.660320485567,0.0
2025-10-18,31206.582899824807,0.0,242.83210427880923,16314.015973616228,13062.26007315844,16097.022901046787,0.0,1397.488104459706,17494.511005506494,31637.85265610792,32049.731940210313,weekend,5778.698989142796,5947.691061888021,6078.46307016772,0.0
2025-10-19,62787.944816637726,0.0,5451.197939504656,20906.568800980873,16892.227838794508,37265.73837777971,0.0,34156.35601947071,71422.09439725042,66302.8940623281,75263.39927892853,weekend,5947.691061888021,5994.4609396658,5871.199834316489,0.0
2025-10-20,64176.81635888678,0.0,4188.911562319741,20555.073883479618,16774.065625666015,38535.08380126575,0.0,24714.206489403074,63249.29029066882,64136.488142947994,70480.99195213093,workday,5994.4609396658,5856.1767396129935,6113.14102092682,0.0
2025-10-21,65172.601512599074,0.0,5109.0441936851175,19337.358089208272,15658.493620944908,39092.40542745573,0.0,31617.185761062137,70709.59118851786,60469.50003326419,68816.96483827103,workday,5856.1767396129935,5861.472774406105,6047.9727470156195,0.0
2025-10-22,66045.35661915892,0.0,3779.3489272876327,21649.12254282112,17480.991800736545,39577.42886330918,0.0,21664.49424856191,61241.92311187109,64106.72459111983,73206.10059808368,workday,5861.472774406105,5922.358839904513,6469.523724713309,0.0
2025-10-23,66239.28577369863,0.0,1825.434362688927,21995.51740360863,17956.35987932078,39948.88062774141,0.0,11127.208016517048,51076.08864425846,60216.524568643545,65158.621316530014,workday,5922.358839904513,5766.813526129195,6564.085168537412,0.0
2025-10-24,31201.60342969921,0.0,1361.163611771213,16254.111211241003,13091.834139171622,16205.791124325908,0.0,6712.76725809472,22918.558382420626,32356.828416948818,35905.750653899835,workday,5766.813526129195,5849.031239388744,6453.93996976348,0.0
2025-10-25,32046.58867025558,0.0,360.7682052928225,16654.962938180004,13424.213462110047,16618.167325814866,0.0,2009.6418107660593,18627.809136580923,32312.912857322834,33086.25809845289,weekend,5849.031239388744,5922.705148072918,6354.659471668174,0.0
2025-10-26,66334.16357333996,0.0,2531.321429133471,21368.86039440424,17263.431890503893,39775.91385316648,0.0,15934.225387050057,55710.13924021654,62389.67983474754,65875.06860410624,weekend,5922.705148072918,5973.0885135879635,6386.541322653427,0.0
2025-10-27,66982.56025270204,0.0,2603.576722275424,21936.253396003405,17853.33379429856,40338.35315882149,0.0,16949.118724768356,57287.47188358985,61903.551145587866,69710.59057331482,workday,5973.0885135879635,5878.679020770398,6432.743625442236,0.0
2025-10-28,66967.9428625297,0.0,3339.4144088496078,21118.252589074553,17002.227161998046,40403.7203462731,0.0,20496.647293443533,60900.36763971663,60730.41461943531,68344.43076890933,workday,5878.679020770398,5993.742837606337,6598.8981731522435,0.0
2025-10-29,67035.760839283,0.0,6011.557750888839,19268.12162166579,15652.72653885072,40551.193265698676,0.0,37158.177430684766,77709.37069638344,62837.379170581,74473.89589781627,workday,5993.742837606337,5943.133920604746,6727.600210574314,0.0
2025-10-30,67969.15345645748,0.0,1726.1130172351452,22236.97299526209,18083.7636195692,41154.80252213348,0.0,10869.803281675304,52024.60580380879,60579.140165013785,66537.0613643286,workday,5943.133920604746,5863.33892793041,7006.957109177872,0.0
2025-10-31,32132.796475830648,0.0,1012.833031690565,16874.935948213348,13595.994500067138,16781.271497991856,0.0,5208.153413519474,21989.42491151133,33110.2254874725,35404.938851745894,workday,5863.33892793041,5944.120725692274,7066.585308686541,0.0
2025-11-01,32598.583909657096,0.0,265.4583367073983,17039.161158428833,13854.363384264861,17016.86875084041,0.0,1404.877261307072,18421.746012147483,33117.787620462695,33529.30996826982,weekend,5944.120725692274,5885.628674650607,6619.495573283184,0.0
2025-11-02,70224.95410178244,0.0,3005.768356416074,21761.439896898544,17582.79308959524,42807.87472987204,0.0,17778.915767671562,60586.7904975436,63051.175444254295,68827.25838766235,weekend,5885.628674650607,5934.487815642361,6229.670580549847,0.0
2025-11-03,71498.66505602546,0.0,2065.159476468001,21163.285379639332,17148.342578135453,43901.85064049361,0.0,13250.027715241535,57151.87835573515,61915.24599614157,62680.58447243344,workday,5934.487815642361,5927.730681611691,7305.451591986563,0.0
2025-11-04,72029.35911825146,0.0,824.8022441098634,22807.328853441028,18478.89878464062,44178.979754341264,0.0,5109.850063782585,49288.82981812385,61964.12567066942,63664.600421590905,workday,5927.730681611691,5922.216888996818,7187.705161241864,0.0
2025-11-05,71873.04761426231,0.0,2046.348805010388,22053.069834208713,17833.191061509322,44278.97956678922,0.0,11987.173494211149,56266.15306100037,62286.28977082409,66166.84049147012,workday,5922.216888996818,5955.323004774307,7188.345123044437,0.0
2025-11-06,72075.25448539226,0.0,3433.08367581204,21600.455491760902,17603.4958564663,44289.49995590682,0.0,18760.795792199686,63050.2957481065,64559.869620653226,71696.79191116626,workday,5955.323004774307,5836.293106841001,6953.688030935439,0.0
2025-11-07,33298.211462400606,0.0,957.027646401793,17473.293685085355,14033.26251043138,17492.86579421345,0.0,4893.928604844353,22386.794399057802,34388.193247114155,36296.10778251896,workday,5836.293106841001,5969.743522938511,7088.011436245617,0.0
2025-11-08,33367.26152584083,0.0,91.96671449148576,17517.25069917379,14188.236243799654,17437.099218970456,0.0,503.520937342582,17940.620156313038,33648.67533566822,33390.55757381186,weekend,5969.743522938511,5970.562214639758,6371.720220812645,0.0
2025-11-09,72646.8560068414,0.0,3189.0997657286307,22074.919594406343,17915.265649429424,44545.234191289426,0.0,20246.3255171802,64791.55970846963,63992.13415624766,70690.13797286847,weekend,5970.562214639758,5932.1391280172165,6349.087694214935,0.0
2025-11-10,73755.23878696765,0.0,4271.941734518533,21324.658394074755,17230.678755075547,45413.87298223727,0.0,26392.74835468107,71806.62133691834,64584.60893283695,73114.78638461129,workday,5932.1391280172165,5979.1330659338855,7155.366380170043,0.0
2025-11-11,75007.22832090232,0.0,1308.8512126239184,23068.920895057166,18820.563915666877,46346.051088134176,0.0,7800.20653578884,54146.25762392301,63717.155461374816,65523.281792755384,workday,5979.1330659338855,5829.424187411024,7252.995713134516,0.0
2025-11-12,74936.33277493567,0.0,1498.585893426591,23377.662128479413,18797.37532480465,46228.88684436965,0.0,8956.088447778006,55184.975292147654,63736.477911287875,66888.20919638878,workday,5829.424187411024,5983.347519926217,7134.48289774784,0.0
2025-11-13,74705.10539061905,0.0,2066.69258218976,22098.48112311875,17922.771185666945,46229.7270259729,0.0,13975.934410371661,60205.66143634456,64538.887614366366,68201.05870257884,workday,5983.347519926217,5957.790324436488,6980.267545085837,0.0
2025-11-14,33661.302347148994,0.0,660.0969840258805,17716.34353749867,14320.909829631088,17710.567052106482,0.0,3892.6985871436464,21603.26563925013,34101.335102376004,34861.57593054178,workday,5957.790324436488,5990.377475261862,7032.869180644307,0.0
2025-11-15,33767.16478226387,0.0,810.0718231173463,17575.93396148201,14280.381011546524,17767.516501132457,0.0,4307.774161170364,22075.29066230282,34783.39296247772,35926.41934399147,weekend,5990.377475261862,5941.628027766203,6167.506474234651,0.0
2025-11-16,76060.23607063942,0.0,3051.6935410414167,23034.936031998823,18809.372126010843,46902.89544307151,0.0,18107.33933857187,65010.23478164338,67171.28279053743,73500.83811802858,weekend,5941.628027766203,5773.768094330875,6107.784415202041,0.0
2025-11-17,77148.48188267589,0.0,775.947419769121,23937.620579155784,19212.636784827784,47838.79122513699,0.0,3992.656297060842,51831.44752219783,65231.77288198295,66510.0568970617,workday,5773.768094330875,5970.252410206887,6975.5877232185685,0.0
2025-11-18,76818.27888983664,0.0,2393.9505183737706,22143.650225283625,17964.69660153117,47657.42401450191,0.0,16078.002478978591,63735.426493480496,66037.1169484447,68570.66033080376,workday,5970.252410206887,5938.763611260852,6928.793614463491,0.0
2025-11-19,77452.52940157494,0.0,2511.6273245368425,23101.608952747312,18820.041898645242,48039.61237236914,0.0,14227.154573357353,62266.7669457265,65835.61885400997,71621.25259825427,workday,5938.763611260852,5819.05400357205,6899.959425001697,0.0
2025-11-20,77785.88714946316,0.0,1741.4841300639093,23017.04639976734,18576.779499053733,48374.38647039897,0.0,11641.47127617278,60015.857746571746,66202.48453296915,69271.56795890894,workday,5819.05400357205,5893.529653302951,6876.95319101021,0.0
2025-11-21,34415.66172206441,0.0,743.3440130305569,18024.478321596853,14544.765017632128,18184.223354096477,0.0,3750.0844038851433,21934.307757981624,35108.66409738515,35882.97844799249,workday,5893.529653302951,5954.710123148871,6883.587268707598,0.0
2025-11-22,34609.393351880724,0.0,990.3482244494161,18110.195758925634,14716.992015399033,18220.075937979174,0.0,5503.521503551098,23723.59744153027,35266.52159388441,37257.86777205119,weekend,5954.710123148871,5901.6729557385715,6278.202861667965,0.0
2025-11-23,78147.29786244321,0.0,2142.679973359184,23631.72197671263,19137.636292796742,48425.2054029088,0.0,11370.847605593994,59796.05300850279,67872.46879328514,74247.18057527994,weekend,5901.6729557385715,5906.182409450233,6031.2642898179365,0.0
2025-11-24,78492.08939281755,0.0,927.1061032326297,23064.996536922692,18830.501975165847,48823.44844464323,0.0,6198.149530281673,55021.5979749249,66403.55578306824,68666.91932921793,workday,5906.182409450233,5741.89932027416,6773.651233438003,0.0
2025-11-25,78805.54712035757,0.0,2083.5483286004173,23127.291992470717,18587.87420619881,48982.45786738269,0.0,12760.068705022364,61742.526572405055,66488.58519680149,70433.81880198863,workday,5741.89932027416,5903.268551054687,6784.062760660935,0.0
2025-11-26,79065.6414661095,0.0,2344.124413010975,22868.552807505206,18499.751145419774,49271.17061421788,0.0,15016.315442789553,64287.48605700744,66752.55745678852,71136.95662756737,workday,5903.268551054687,5929.687027342962,6739.759144416156,0.0
2025-11-27,79254.07614997993,0.0,1211.7492040092452,23376.78321979494,18877.416265450513,49478.687471026285,0.0,8186.433930271807,57665.12140129809,66878.44863857537,69584.45455742138,workday,5929.687027342962,5993.88496354673,6700.432730899198,0.0
2025-11-28,34933.33463248765,0.0,952.7060975532438,18410.40917440315,14858.520772031528,18518.93178018923,0.0,5487.920784355177,24006.852564544402,35530.413678809215,37806.972942040265,workday,5993.88496354673,6053.785696030092,6636.442239001598,0.0
2025-11-29,35177.78410614119,0.0,2612.5823457297756,16056.881214877358,13256.08009952983,18610.886024126972,0.0,16765.424465496002,35376.31048962297,36053.738864077284,37425.67447682695,weekend,6053.785696030092,5776.000901053241,6175.035511819486,0.0
2025-11-30,80696.37630492517,0.0,3962.585926590338,22771.88705210608,18419.422403575718,50160.47517982332,0.0,25110.81247076067,75271.287650584,69168.45542835408,79824.4098556532,weekend,5776.000901053241,5804.674355086805,6407.53629228313,0.0
2025-12-01,82717.30959113872,0.0,8011.208748889158,23003.132754954982,18701.638501811067,51840.518340284434,0.0,44472.243004632175,96312.76134491661,82547.32149299109,95573.03323659411,workday,5804.674355086805,5727.895499200666,6596.115594561726,0.0
2025-12-02,86276.81468704954,0.0,6901.987586144261,23268.779161676586,18758.088102545273,54419.0090280015,0.0,38129.333936037925,92548.34296403943,79088.11381094216,93960.00812025748,workday,5727.895499200666,5827.476630770399,6775.028622253718,0.0
2025-12-03,87545.0557254558,0.0,4176.573395396829,23465.925984093017,19055.567870383577,55468.874192261566,0.0,24008.693979137686,79477.56817139925,76495.25337678689,84290.8966215943,workday,5827.476630770399,5773.956827139033,6902.997319090877,0.0
2025-12-04,87651.29028350084,0.0,4185.66645392228,24902.871686713414,20148.439613536688,55498.55941592716,0.0,21853.96798952313,77352.5274054503,77378.22600862717,84736.33592089853,workday,5773.956827139033,5799.386219029224,6951.326407247915,0.0
2025-12-05,38993.014780841426,0.0,5687.93994781439,17076.30415233808,13794.756567497365,20458.467411935253,0.0,33567.47098461732,54025.93839655258,42620.744520513625,49602.101661096,workday,5799.386219029224,5840.552658914207,7055.840716335762,0.0
2025-12-06,43107.2054121553,0.0,4124.377023958105,18563.454552286177,15032.320633034751,22262.925611126037,0.0,25569.695065482734,47832.62067660877,41244.51334456459,45934.15523636744,weekend,5840.552658914207,5845.083274822047,6512.2147028956115,0.0
2025-12-07,88821.04214848016,0.0,3439.1999283136915,24066.853803343834,19543.637866267094,56500.85705936053,0.0,20018.256935180274,76519.1139945408,77605.74119683982,83561.95721411056,weekend,5845.083274822047,5790.098513090277,6708.945897675747,0.0
2025-12-08,91032.55912079463,0.0,1909.143774098771,24823.400204622427,19931.118390186224,57741.43592093975,0.0,11834.239779232441,69575.6757001722,76068.69004866025,79109.77870514189,workday,5790.098513090277,5985.471597043549,7194.762387404171,0.0
2025-12-09,91221.24198737163,0.0,1651.4990113495285,25032.823081891827,20294.623324003078,57946.29378503987,0.0,9848.448120808347,67794.74190584822,76181.05813991906,80430.50159448113,workday,5985.471597043549,5965.430899631654,7228.175475821166,0.0
2025-12-10,91019.11367258312,0.0,1875.3790632633722,24342.283347805133,19886.97018447685,57891.804529623674,0.0,11652.965806225206,69544.77033584888,76342.72954908949,79740.62728283268,workday,5965.430899631654,5776.852374348669,7105.7136244708245,0.0
2025-12-11,91782.97954068502,0.0,279.2796144028418,25337.00678536957,20370.690737969406,58341.87754763002,0.0,1435.4964398886314,59777.37398751865,75893.11139446557,75569.96812028265,workday,5776.852374348669,5946.057661215278,7038.609535792356,0.0
2025-12-12,43501.614446318,0.0,3818.0907458262527,17940.617246228652,14501.751095490647,22648.2965776659,0.0,24088.37459102961,46736.67116869551,40264.319623395146,43523.838678482316,workday,5946.057661215278,5979.556410053675,6917.063329988746,0.0
2025-12-13,45186.75068857135,0.0,2405.8571278681266,18915.786054458364,15286.219504541747,23437.43126705314,0.0,15319.738071712472,38757.16933876561,40463.62115462832,43260.37185080875,weekend,5979.556410053675,6019.075520686489,6524.15723303922,0.0
2025-12-14,91596.00011881879,0.0,1873.319256788683,24477.30882367191,19910.170607775166,58315.00424988187,0.0,10807.758737539647,69122.76298742152,75969.50237014386,79653.39272437083,weekend,6019.075520686489,5926.241675574363,6570.592301822679,0.0
2025-12-15,92535.77036506604,0.0,1761.298659357296,24625.837181990857,19928.778705581226,58791.79689772888,0.0,9853.932542875475,68645.72944060435,76924.4839106002,79662.17111948029,workday,5926.241675574363,5946.407688720342,6998.746663657457,0.0
2025-12-16,92955.92544624253,0.0,1325.5672692402047,24744.149982279512,20141.470129997975,59136.22879264221,0.0,7069.315908100773,66205.54470074298,76165.05435208367,79367.8220922446,workday,5946.407688720342,5836.731417218606,6854.285466552447,0.0
2025-12-17,93358.34026579517,0.0,186.20626371911803,25517.847839500995,20556.58572710974,59314.1265923356,0.0,1106.2702142889295,60420.39680662452,76232.8339332816,76290.37909991547,workday,5836.731417218606,5962.143664869792,6606.921570897684,0.0
2025-12-18,92794.74485381259,0.0,995.5283971036299,25356.55168605525,20549.464495133143,59058.68261083069,0.0,4834.551618259693,63893.23422909038,76244.07540049101,77193.60194842568,workday,5962.143664869792,5950.301854393808,6489.895572225412,0.0
2025-12-19,45780.92544437623,0.0,1176.5119768112063,20883.55824854142,17001.134511955534,23733.823761520154,0.0,7397.75836614226,31131.582127662412,40098.47828882527,42867.44285854487,workday,5950.301854393808,5855.35482035272,6468.570888365153,0.0
2025-12-20,46272.21580646663,0.0,915.7271887056498,21163.166825301912,17110.064072401194,23975.76772901141,0.0,4811.346864613087,28787.114593624498,40261.20577762253,42471.84790761778,weekend,5855.35482035272,5891.022660456453,6257.096366407147,0.0
2025-12-21,92617.22272560644,0.0,1462.3952487078252,24588.113347214465,19837.145313939676,58980.78608421235,0.0,8870.036355170323,67850.82243938267,77059.2292589704,79481.55294056,weekend,5891.022660456453,5979.052101905382,6211.373754063941,0.0
2025-12-22,92443.91660570324,0.0,1506.07660044976,25074.190122543318,20342.28438866569,58755.988689528116,0.0,8469.25471551515,67225.24340504326,75976.02652916677,78620.21229686918,workday,5979.052101905382,5943.285002565829,6439.351231500055,0.0
2025-12-23,92835.10882988808,0.0,74.58478823811924,25389.10328500941,20609.742255483285,59086.96620922465,0.0,520.3034827491199,59607.26969197377,75624.82257313971,74252.71247612595,workday,5943.285002565829,5893.76434187066,6388.179969369592,0.0
2025-12-24,92436.05879489373,0.0,1116.4901237989322,25398.694727215297,20460.77357689257,58733.11439105425,0.0,6887.999663463746,65621.114054518,75461.17191519805,77841.62987381744,workday,5893.76434187066,6018.396733150464,6314.474080924223,0.0
2025-12-25,92285.02065023482,0.0,629.020172647956,24954.97535784314,20259.411530571047,58782.31849498155,0.0,4191.447552148295,62973.766047129844,75899.08296251837,76403.54150576485,workday,6018.396733150464,5967.417299019243,6121.510892015776,0.0
2025-12-26,45249.671760324396,0.0,1731.8800603635918,20022.938851327686,16210.944008541961,23502.342372714655,0.0,10701.338352420677,34203.68072513533,39426.76108768487,42695.863536951045,workday,5967.417299019243,5975.90225572309,6119.675460313349,0.0
2025-12-27,46125.24667332665,0.0,1346.370666724716,20157.161335381785,16297.73639397865,23850.911718590443,0.0,8904.914147483181,32755.825866073625,39991.63008004206,41145.56202246661,weekend,5975.90225572309,6008.751464257089,6102.465872018166,0.0
2025-12-28,92393.86714703792,0.0,517.7660412293278,24498.086413274068,19789.002289155644,58820.010812592525,0.0,2633.9774041295605,61453.988216722086,76116.64374276633,76473.07620262797,weekend,6008.751464257089,6069.2489149197045,6107.902894899211,0.0
2025-12-29,91702.38336084891,0.0,509.1375286723935,24778.067543056528,20215.318025423963,58246.700986625416,0.0,3438.2280151681393,61684.92900179356,75055.4068612156,75919.742300401,workday,6069.2489149197045,5908.045230977286,5998.252469759708,0.0
2025-12-30,91892.14875259937,0.0,752.1982670566789,24813.115820337574,20043.472155372525,58324.01687168191,0.0,3616.0825408001806,61940.099412482086,74693.07512427053,76061.81587110816,workday,5908.045230977286,5969.3248522005215,5890.9889388584215,0.0
2025-12-31,91636.65669850302,0.0,1816.8881966889187,24977.44883603602,20379.105652898812,58186.79808048237,0.0,10537.84858919457,68724.64666967693,75712.96928899075,80151.08270633526,workday,5969.3248522005215,5805.578079189815,5852.134090040499,0.0
