date,issued_at,history_through_date,history_days,quantile,initial_soc_kwh,planned_terminal_soc_kwh,milp_gap
2025-01-01,2025-01-01 00:00,,0,0.8,6000.0,6000.0,0.0
2025-01-02,2025-01-02 00:00,2025-01-01,1,0.8,6000.0,6000.0,0.0
2025-01-03,2025-01-03 00:00,2025-01-02,2,0.8,6049.00903722222,6000.0,0.0
2025-01-04,2025-01-04 00:00,2025-01-03,3,0.8,10800.0,6000.0,0.0
2025-01-05,2025-01-05 00:00,2025-01-04,4,0.8,10761.142222222223,6000.0,0.0
2025-01-06,2025-01-06 00:00,2025-01-05,5,0.8,6002.752853444444,6000.0,0.0
2025-01-07,2025-01-07 00:00,2025-01-06,6,0.8,6172.35845511111,6000.0,0.0
2025-01-08,2025-01-08 00:00,2025-01-07,7,0.8,6252.932365925926,6000.0,0.0
2025-01-09,2025-01-09 00:00,2025-01-08,8,0.8,6417.768063888892,6000.0,1.1572688182079843e-16
2025-01-10,2025-01-10 00:00,2025-01-09,9,0.8,6438.6398496296315,6000.0,0.0
2025-01-11,2025-01-11 00:00,2025-01-10,10,0.8,10800.0,6000.0,0.0
2025-01-12,2025-01-12 00:00,2025-01-11,11,0.8,10795.473333333333,6000.0,0.0
2025-01-13,2025-01-13 00:00,2025-01-12,12,0.8,6345.1288207407415,6000.0,0.0
2025-01-14,2025-01-14 00:00,2025-01-13,13,0.8,6095.333797259262,6000.0,0.0
2025-01-15,2025-01-15 00:00,2025-01-14,14,0.8,6096.4874847407455,6000.0,0.0
2025-01-16,2025-01-16 00:00,2025-01-15,14,0.8,6224.740279703704,6000.0,0.0
2025-01-17,2025-01-17 00:00,2025-01-16,14,0.8,6357.4541698148105,6000.0,0.0
2025-01-18,2025-01-18 00:00,2025-01-17,14,0.8,10800.0,6000.0,0.0
2025-01-19,2025-01-19 00:00,2025-01-18,14,0.8,10768.765185185186,6000.0,1.2156021906868196e-16
2025-01-20,2025-01-20 00:00,2025-01-19,14,0.8,6323.126555629627,6000.0,0.0
2025-01-21,2025-01-21 00:00,2025-01-20,14,0.8,6342.532607407411,6000.0,0.0
2025-01-22,2025-01-22 00:00,2025-01-21,14,0.8,6490.321519444445,6000.0,0.0
2025-01-23,2025-01-23 00:00,2025-01-22,14,0.8,6076.104506555555,6000.0,0.0
2025-01-24,2025-01-24 00:00,2025-01-23,14,0.8,6506.677675592592,6000.0,0.0
2025-01-25,2025-01-25 00:00,2025-01-24,14,0.8,10800.0,6000.0,0.0
2025-01-26,2025-01-26 00:00,2025-01-25,14,0.8,10800.0,6000.0,0.0
2025-01-27,2025-01-27 00:00,2025-01-26,14,0.8,6450.047193925923,6000.0,0.0
2025-01-28,2025-01-28 00:00,2025-01-27,14,0.8,6310.393267814816,6000.0,0.0
2025-01-29,2025-01-29 00:00,2025-01-28,14,0.8,6297.6322393703695,6000.0,0.0
2025-01-30,2025-01-30 00:00,2025-01-29,14,0.8,6489.276230888889,6000.0,0.0
2025-01-31,2025-01-31 00:00,2025-01-30,14,0.8,6310.087274111111,6000.0,0.0
2025-02-01,2025-02-01 00:00,2025-01-31,14,0.65,10800.0,6000.0,0.0
2025-02-02,2025-02-02 00:00,2025-02-01,14,0.65,10800.0,6000.0,0.0
2025-02-03,2025-02-03 00:00,2025-02-02,14,0.65,6518.197787638887,6000.0,0.0
2025-02-04,2025-02-04 00:00,2025-02-03,14,0.65,6337.29460721296,6000.0,0.0
2025-02-05,2025-02-05 00:00,2025-02-04,14,0.65,6455.504456703703,6000.0,0.0
2025-02-06,2025-02-06 00:00,2025-02-05,14,0.65,6348.069663018519,6000.0,0.0
2025-02-07,2025-02-07 00:00,2025-02-06,14,0.65,6288.475063824075,6000.0,0.0
2025-02-08,2025-02-08 00:00,2025-02-07,14,0.65,10800.0,6000.0,0.0
2025-02-09,2025-02-09 00:00,2025-02-08,14,0.65,10800.0,6000.0,0.0
2025-02-10,2025-02-10 00:00,2025-02-09,14,0.65,6175.636762416665,6000.0,0.0
2025-02-11,2025-02-11 00:00,2025-02-10,14,0.65,5936.507714768518,6000.0,0.0
2025-02-12,2025-02-12 00:00,2025-02-11,14,0.65,6066.609228749998,6000.0,1.387250952791632e-16
2025-02-13,2025-02-13 00:00,2025-02-12,14,0.65,6010.721189361112,6000.0,0.0
2025-02-14,2025-02-14 00:00,2025-02-13,14,0.65,6164.0745831388895,6000.0,1.4235071132267774e-16
2025-02-15,2025-02-15 00:00,2025-02-14,14,0.65,10800.0,6000.0,0.0
2025-02-16,2025-02-16 00:00,2025-02-15,14,0.65,10800.0,6000.0,0.0
2025-02-17,2025-02-17 00:00,2025-02-16,14,0.65,6037.458550990741,6000.0,0.0
2025-02-18,2025-02-18 00:00,2025-02-17,14,0.65,5888.686578583332,6000.0,0.0
2025-02-19,2025-02-19 00:00,2025-02-18,14,0.65,6106.127204787038,6000.0,0.0
2025-02-20,2025-02-20 00:00,2025-02-19,14,0.65,5793.6209389722235,6000.0,1.4910586539514832e-16
2025-02-21,2025-02-21 00:00,2025-02-20,14,0.65,6154.046675499999,6000.0,0.0
2025-02-22,2025-02-22 00:00,2025-02-21,14,0.65,10800.0,6000.0,0.0
2025-02-23,2025-02-23 00:00,2025-02-22,14,0.65,10762.41398148148,6000.0,0.0
2025-02-24,2025-02-24 00:00,2025-02-23,14,0.65,5994.030011305555,6000.0,0.0
2025-02-25,2025-02-25 00:00,2025-02-24,14,0.65,5949.254231342592,6000.0,0.0
2025-02-26,2025-02-26 00:00,2025-02-25,14,0.65,5937.439477175926,6000.0,0.0
2025-02-27,2025-02-27 00:00,2025-02-26,14,0.65,5996.134756888889,6000.0,0.0
2025-02-28,2025-02-28 00:00,2025-02-27,14,0.65,6253.993675259258,6000.0,0.0
2025-03-01,2025-03-01 00:00,2025-02-28,14,0.65,10800.0,6000.0,0.0
2025-03-02,2025-03-02 00:00,2025-03-01,14,0.65,10800.0,6000.0,0.0
2025-03-03,2025-03-03 00:00,2025-03-02,14,0.65,5965.78358775,6000.0,0.0
2025-03-04,2025-03-04 00:00,2025-03-03,14,0.65,5931.032192351851,6000.0,0.0
2025-03-05,2025-03-05 00:00,2025-03-04,14,0.65,5905.287862722223,6000.0,0.0
2025-03-06,2025-03-06 00:00,2025-03-05,14,0.65,6026.877881185185,6000.0,0.0
2025-03-07,2025-03-07 00:00,2025-03-06,14,0.65,6100.71526436111,6000.0,0.0
2025-03-08,2025-03-08 00:00,2025-03-07,14,0.65,10800.0,6000.0,0.0
2025-03-09,2025-03-09 00:00,2025-03-08,14,0.65,10800.0,6000.0,1.7295546657459186e-16
2025-03-10,2025-03-10 00:00,2025-03-09,14,0.65,6016.866658638889,6000.0,0.0
2025-03-11,2025-03-11 00:00,2025-03-10,14,0.65,5884.0370793703705,6000.0,0.0
2025-03-12,2025-03-12 00:00,2025-03-11,14,0.65,6137.328417740741,6000.0,0.0
2025-03-13,2025-03-13 00:00,2025-03-12,14,0.65,5894.215009768518,6000.0,0.0
2025-03-14,2025-03-14 00:00,2025-03-13,14,0.65,6107.0619595092585,6000.0,0.0
2025-03-15,2025-03-15 00:00,2025-03-14,14,0.65,10800.0,6000.0,0.0
2025-03-16,2025-03-16 00:00,2025-03-15,14,0.65,10789.697314814815,6000.0,0.0
2025-03-17,2025-03-17 00:00,2025-03-16,14,0.65,6128.26389126852,6000.0,0.0
2025-03-18,2025-03-18 00:00,2025-03-17,14,0.65,6111.501687925926,6000.0,0.0
2025-03-19,2025-03-19 00:00,2025-03-18,14,0.65,6095.264509259258,6000.0,0.0
2025-03-20,2025-03-20 00:00,2025-03-19,14,0.65,6117.750632444447,6000.0,0.0
2025-03-21,2025-03-21 00:00,2025-03-20,14,0.65,6159.3798865,6000.0,0.0
2025-03-22,2025-03-22 00:00,2025-03-21,14,0.65,10800.0,6000.0,0.0
2025-03-23,2025-03-23 00:00,2025-03-22,14,0.65,10785.954074074074,6000.0,0.0
2025-03-24,2025-03-24 00:00,2025-03-23,14,0.65,6012.593359120369,6000.0,0.0
2025-03-25,2025-03-25 00:00,2025-03-24,14,0.65,5984.036603212964,6000.0,0.0
2025-03-26,2025-03-26 00:00,2025-03-25,14,0.65,5924.898242648148,6000.0,0.0
2025-03-27,2025-03-27 00:00,2025-03-26,14,0.65,5933.982965972224,6000.0,0.0
2025-03-28,2025-03-28 00:00,2025-03-27,14,0.65,6075.363464175926,6000.0,0.0
2025-03-29,2025-03-29 00:00,2025-03-28,14,0.65,10800.0,6000.0,0.0
2025-03-30,2025-03-30 00:00,2025-03-29,14,0.65,10800.0,6000.0,0.0
2025-03-31,2025-03-31 00:00,2025-03-30,14,0.65,5960.6875804629635,6000.0,0.0
2025-04-01,2025-04-01 00:00,2025-03-31,14,0.65,6064.07398875,6000.0,0.0
2025-04-02,2025-04-02 00:00,2025-04-01,14,0.65,6002.083873388889,6000.0,0.0
2025-04-03,2025-04-03 00:00,2025-04-02,14,0.65,5959.61818324074,6000.0,0.0
2025-04-04,2025-04-04 00:00,2025-04-03,14,0.65,6002.5395430555545,6000.0,0.0
2025-04-05,2025-04-05 00:00,2025-04-04,14,0.65,10800.0,6000.0,0.0
2025-04-06,2025-04-06 00:00,2025-04-05,14,0.65,10800.0,6000.0,0.0
2025-04-07,2025-04-07 00:00,2025-04-06,14,0.65,6004.364228157407,6000.0,0.0
2025-04-08,2025-04-08 00:00,2025-04-07,14,0.65,6037.336950870371,6000.0,0.0
2025-04-09,2025-04-09 00:00,2025-04-08,14,0.65,5856.08726676852,6000.0,0.0
2025-04-10,2025-04-10 00:00,2025-04-09,14,0.65,5882.949996759261,6000.0,0.0
2025-04-11,2025-04-11 00:00,2025-04-10,14,0.65,6195.913593296296,6000.0,0.0
2025-04-12,2025-04-12 00:00,2025-04-11,14,0.65,10800.0,6000.0,0.0
2025-04-13,2025-04-13 00:00,2025-04-12,14,0.65,10794.235092592593,6000.0,0.0
2025-04-14,2025-04-14 00:00,2025-04-13,14,0.65,6066.400070777778,6000.0,0.0
2025-04-15,2025-04-15 00:00,2025-04-14,14,0.65,5972.140299129628,6000.0,0.0
2025-04-16,2025-04-16 00:00,2025-04-15,14,0.65,6060.961132425926,6000.0,0.0
2025-04-17,2025-04-17 00:00,2025-04-16,14,0.65,5870.684373314815,6000.0,0.0
2025-04-18,2025-04-18 00:00,2025-04-17,14,0.65,6269.036940037038,6000.0,0.0
2025-04-19,2025-04-19 00:00,2025-04-18,14,0.65,10800.0,6000.0,0.0
2025-04-20,2025-04-20 00:00,2025-04-19,14,0.65,10785.003425925926,6000.0,0.0
2025-04-21,2025-04-21 00:00,2025-04-20,14,0.65,6282.236320333333,6000.0,0.0
2025-04-22,2025-04-22 00:00,2025-04-21,14,0.65,5939.022225046296,6000.0,0.0
2025-04-23,2025-04-23 00:00,2025-04-22,14,0.65,5903.880841027778,6000.0,0.0
2025-04-24,2025-04-24 00:00,2025-04-23,14,0.65,6056.500155388891,6000.0,0.0
2025-04-25,2025-04-25 00:00,2025-04-24,14,0.65,6203.792595666667,6000.0,0.0
2025-04-26,2025-04-26 00:00,2025-04-25,14,0.65,10800.0,6000.0,0.0
2025-04-27,2025-04-27 00:00,2025-04-26,14,0.65,10800.0,6000.0,0.0
2025-04-28,2025-04-28 00:00,2025-04-27,14,0.65,6003.072050472221,6000.0,0.0
2025-04-29,2025-04-29 00:00,2025-04-28,14,0.65,6040.29436600926,6000.0,0.0
2025-04-30,2025-04-30 00:00,2025-04-29,14,0.65,6140.088724833335,6000.0,0.0
2025-05-01,2025-05-01 00:00,2025-04-30,14,0.65,5929.922296564814,6000.0,0.0
2025-05-02,2025-05-02 00:00,2025-05-01,14,0.65,5403.745268611111,6000.0,0.0
2025-05-03,2025-05-03 00:00,2025-05-02,14,0.65,10688.362122648146,6000.0,0.0
2025-05-04,2025-05-04 00:00,2025-05-03,14,0.65,10304.820222833336,6000.0,0.0
2025-05-05,2025-05-05 00:00,2025-05-04,14,0.65,5425.315477527778,6000.0,0.0
2025-05-06,2025-05-06 00:00,2025-05-05,14,0.65,5439.127397092593,6000.0,0.0
2025-05-07,2025-05-07 00:00,2025-05-06,14,0.65,5290.932871074075,6000.0,0.0
2025-05-08,2025-05-08 00:00,2025-05-07,14,0.65,5455.705265685186,6000.0,0.0
2025-05-09,2025-05-09 00:00,2025-05-08,14,0.65,5829.939493342593,6000.0,0.0
2025-05-10,2025-05-10 00:00,2025-05-09,14,0.65,10800.0,6000.0,0.0
2025-05-11,2025-05-11 00:00,2025-05-10,14,0.65,10800.0,6000.0,0.0
2025-05-12,2025-05-12 00:00,2025-05-11,14,0.65,5721.335043814815,6000.0,0.0
2025-05-13,2025-05-13 00:00,2025-05-12,14,0.65,6089.372122768518,6000.0,0.0
2025-05-14,2025-05-14 00:00,2025-05-13,14,0.65,6081.913761250001,6000.0,0.0
2025-05-15,2025-05-15 00:00,2025-05-14,14,0.65,5853.436375064816,6000.0,0.0
2025-05-16,2025-05-16 00:00,2025-05-15,14,0.65,6174.641590509258,6000.0,0.0
2025-05-17,2025-05-17 00:00,2025-05-16,14,0.65,10800.0,6000.0,0.0
2025-05-18,2025-05-18 00:00,2025-05-17,14,0.65,10781.810925925925,6000.0,0.0
2025-05-19,2025-05-19 00:00,2025-05-18,14,0.65,5903.513489203704,6000.0,0.0
2025-05-20,2025-05-20 00:00,2025-05-19,14,0.65,6006.670932787037,6000.0,0.0
2025-05-21,2025-05-21 00:00,2025-05-20,14,0.65,5903.544557314815,6000.0,0.0
2025-05-22,2025-05-22 00:00,2025-05-21,14,0.65,5790.926285425926,6000.0,0.0
2025-05-23,2025-05-23 00:00,2025-05-22,14,0.65,6368.470046694444,6000.0,0.0
2025-05-24,2025-05-24 00:00,2025-05-23,14,0.65,10800.0,6000.0,0.0
2025-05-25,2025-05-25 00:00,2025-05-24,14,0.65,10800.0,6000.0,0.0
2025-05-26,2025-05-26 00:00,2025-05-25,14,0.65,6056.3317033518515,6000.0,0.0
2025-05-27,2025-05-27 00:00,2025-05-26,14,0.65,6037.896107990741,6000.0,0.0
2025-05-28,2025-05-28 00:00,2025-05-27,14,0.65,5943.378761111112,6000.0,0.0
2025-05-29,2025-05-29 00:00,2025-05-28,14,0.65,5974.135148037038,6000.0,0.0
2025-05-30,2025-05-30 00:00,2025-05-29,14,0.65,6267.524161694446,6000.0,0.0
2025-05-31,2025-05-31 00:00,2025-05-30,14,0.65,10800.0,6000.0,0.0
2025-06-01,2025-06-01 00:00,2025-05-31,14,0.65,10682.396944444445,6000.0,0.0
2025-06-02,2025-06-02 00:00,2025-06-01,14,0.65,4744.333243722224,6000.0,0.0
2025-06-03,2025-06-03 00:00,2025-06-02,14,0.65,4725.702918981482,6000.0,0.0
2025-06-04,2025-06-04 00:00,2025-06-03,14,0.65,4888.512571259261,6000.0,0.0
2025-06-05,2025-06-05 00:00,2025-06-04,14,0.65,4820.478432805557,6000.0,0.0
2025-06-06,2025-06-06 00:00,2025-06-05,14,0.65,5055.223260166667,6000.0,0.0
2025-06-07,2025-06-07 00:00,2025-06-06,14,0.65,10764.058548083338,6000.0,0.0
2025-06-08,2025-06-08 00:00,2025-06-07,14,0.65,10604.775456601854,6000.0,0.0
2025-06-09,2025-06-09 00:00,2025-06-08,14,0.65,5284.236831157408,6000.0,0.0
2025-06-10,2025-06-10 00:00,2025-06-09,14,0.65,5728.492120564815,6000.0,0.0
2025-06-11,2025-06-11 00:00,2025-06-10,14,0.65,5709.560334388888,6000.0,0.0
2025-06-12,2025-06-12 00:00,2025-06-11,14,0.65,5865.804930092592,6000.0,1.6157589011076483e-16
2025-06-13,2025-06-13 00:00,2025-06-12,14,0.65,6216.494955990741,6000.0,9.531826051753012e-16
2025-06-14,2025-06-14 00:00,2025-06-13,14,0.65,10800.0,6000.0,0.0
2025-06-15,2025-06-15 00:00,2025-06-14,14,0.65,10800.0,6000.0,0.0
2025-06-16,2025-06-16 00:00,2025-06-15,14,0.65,5962.889491861111,6000.0,0.0
2025-06-17,2025-06-17 00:00,2025-06-16,14,0.65,6210.233934231483,6000.0,0.0
2025-06-18,2025-06-18 00:00,2025-06-17,14,0.65,5886.663478509259,6000.0,1.557542432388727e-16
2025-06-19,2025-06-19 00:00,2025-06-18,14,0.65,6066.561981111112,6000.0,0.0
2025-06-20,2025-06-20 00:00,2025-06-19,14,0.65,6271.088999638889,6000.0,0.0
2025-06-21,2025-06-21 00:00,2025-06-20,14,0.65,10800.0,6000.0,0.0
2025-06-22,2025-06-22 00:00,2025-06-21,14,0.65,10800.0,6000.0,0.0
2025-06-23,2025-06-23 00:00,2025-06-22,14,0.65,6089.626631342592,6000.0,0.0
2025-06-24,2025-06-24 00:00,2025-06-23,14,0.65,6101.6735205925925,6000.0,0.0
2025-06-25,2025-06-25 00:00,2025-06-24,14,0.65,5958.113708231482,6000.0,1.5531485594505092e-16
2025-06-26,2025-06-26 00:00,2025-06-25,14,0.65,6100.142409129631,6000.0,0.0
2025-06-27,2025-06-27 00:00,2025-06-26,14,0.65,6143.713687111112,6000.0,0.0
2025-06-28,2025-06-28 00:00,2025-06-27,14,0.65,10800.0,6000.0,1.6611717788445241e-16
2025-06-29,2025-06-29 00:00,2025-06-28,14,0.65,10767.707037037037,6000.0,0.0
2025-06-30,2025-06-30 00:00,2025-06-29,14,0.65,6209.590983962964,6000.0,0.0
2025-07-01,2025-07-01 00:00,2025-06-30,14,0.65,5978.266914796298,6000.0,0.0
2025-07-02,2025-07-02 00:00,2025-07-01,14,0.65,4511.632461453704,6000.0,0.0
2025-07-03,2025-07-03 00:00,2025-07-02,14,0.65,4496.747378305555,6000.0,0.0
2025-07-04,2025-07-04 00:00,2025-07-03,14,0.65,4844.195091175926,6000.0,0.0
2025-07-05,2025-07-05 00:00,2025-07-04,14,0.65,9339.443762944447,6000.0,0.0
2025-07-06,2025-07-06 00:00,2025-07-05,14,0.65,9415.207761462963,6000.0,0.0
2025-07-07,2025-07-07 00:00,2025-07-06,14,0.65,4779.689161592594,6000.0,0.0
2025-07-08,2025-07-08 00:00,2025-07-07,14,0.65,4882.802908555556,6000.0,0.0
2025-07-09,2025-07-09 00:00,2025-07-08,14,0.65,5317.878178583333,6000.0,0.0
2025-07-10,2025-07-10 00:00,2025-07-09,14,0.65,5738.196424722222,6000.0,0.0
2025-07-11,2025-07-11 00:00,2025-07-10,14,0.65,5943.300186185185,6000.0,0.0
2025-07-12,2025-07-12 00:00,2025-07-11,14,0.65,10800.0,6000.0,0.0
2025-07-13,2025-07-13 00:00,2025-07-12,14,0.65,10800.0,6000.0,0.0
2025-07-14,2025-07-14 00:00,2025-07-13,14,0.65,5911.8086668796295,6000.0,0.0
2025-07-15,2025-07-15 00:00,2025-07-14,14,0.65,6001.674199277778,6000.0,0.0
2025-07-16,2025-07-16 00:00,2025-07-15,14,0.65,6128.243557907408,6000.0,0.0
2025-07-17,2025-07-17 00:00,2025-07-16,14,0.65,6177.886810805554,6000.0,0.0
2025-07-18,2025-07-18 00:00,2025-07-17,14,0.65,6043.196209444444,6000.0,0.0
2025-07-19,2025-07-19 00:00,2025-07-18,14,0.65,10800.0,6000.0,1.565888852669925e-16
2025-07-20,2025-07-20 00:00,2025-07-19,14,0.65,10753.673888888889,6000.0,1.5651987227574344e-16
2025-07-21,2025-07-21 00:00,2025-07-20,14,0.65,6270.233116212963,6000.0,0.0
2025-07-22,2025-07-22 00:00,2025-07-21,14,0.65,6070.578446166667,6000.0,1.5091716405923366e-16
2025-07-23,2025-07-23 00:00,2025-07-22,14,0.65,6102.129257944445,6000.0,0.0
2025-07-24,2025-07-24 00:00,2025-07-23,14,0.65,6033.659363574074,6000.0,1.5140975702300014e-16
2025-07-25,2025-07-25 00:00,2025-07-24,14,0.65,6319.833110666665,6000.0,0.0
2025-07-26,2025-07-26 00:00,2025-07-25,14,0.65,10800.0,6000.0,0.0
2025-07-27,2025-07-27 00:00,2025-07-26,14,0.65,10787.280648148148,6000.0,0.0
2025-07-28,2025-07-28 00:00,2025-07-27,14,0.65,6127.600439342593,6000.0,0.0
2025-07-29,2025-07-29 00:00,2025-07-28,14,0.65,5972.198118546297,6000.0,0.0
2025-07-30,2025-07-30 00:00,2025-07-29,14,0.65,6144.918502759258,6000.0,1.496047097704941e-16
2025-07-31,2025-07-31 00:00,2025-07-30,14,0.65,6165.61925688889,6000.0,0.0
2025-08-01,2025-08-01 00:00,2025-07-31,14,0.65,6254.5218422407415,6000.0,0.0
2025-08-02,2025-08-02 00:00,2025-08-01,14,0.65,10800.0,6000.0,1.551493230776797e-16
2025-08-03,2025-08-03 00:00,2025-08-02,14,0.65,10750.041574074074,6000.0,0.0
2025-08-04,2025-08-04 00:00,2025-08-03,14,0.65,5898.899895898149,6000.0,2.97069655433014e-16
2025-08-05,2025-08-05 00:00,2025-08-04,14,0.65,6032.4578617870375,6000.0,0.0
2025-08-06,2025-08-06 00:00,2025-08-05,14,0.65,6175.49390491667,6000.0,0.0
2025-08-07,2025-08-07 00:00,2025-08-06,14,0.65,5935.05781775,6000.0,0.0
2025-08-08,2025-08-08 00:00,2025-08-07,14,0.65,6257.164601722221,6000.0,0.0
2025-08-09,2025-08-09 00:00,2025-08-08,14,0.65,10800.0,6000.0,0.0
2025-08-10,2025-08-10 00:00,2025-08-09,14,0.65,10800.0,6000.0,0.0
2025-08-11,2025-08-11 00:00,2025-08-10,14,0.65,5949.491124046296,6000.0,1.6029689874664485e-16
2025-08-12,2025-08-12 00:00,2025-08-11,14,0.65,5987.714078000002,6000.0,0.0
2025-08-13,2025-08-13 00:00,2025-08-12,14,0.65,6147.718398750001,6000.0,0.0
2025-08-14,2025-08-14 00:00,2025-08-13,14,0.65,6206.542239842593,6000.0,0.0
2025-08-15,2025-08-15 00:00,2025-08-14,14,0.65,6191.0881222222215,6000.0,0.0
2025-08-16,2025-08-16 00:00,2025-08-15,14,0.65,10800.0,6000.0,0.0
2025-08-17,2025-08-17 00:00,2025-08-16,14,0.65,10800.0,6000.0,0.0
2025-08-18,2025-08-18 00:00,2025-08-17,14,0.65,6058.473984490741,6000.0,0.0
2025-08-19,2025-08-19 00:00,2025-08-18,14,0.65,6108.487160546297,6000.0,0.0
2025-08-20,2025-08-20 00:00,2025-08-19,14,0.65,6026.918245472223,6000.0,0.0
2025-08-21,2025-08-21 00:00,2025-08-20,14,0.65,6038.835812129628,6000.0,0.0
2025-08-22,2025-08-22 00:00,2025-08-21,14,0.65,6211.868370101852,6000.0,0.0
2025-08-23,2025-08-23 00:00,2025-08-22,14,0.65,10800.0,6000.0,0.0
2025-08-24,2025-08-24 00:00,2025-08-23,14,0.65,10800.0,6000.0,0.0
2025-08-25,2025-08-25 00:00,2025-08-24,14,0.65,5969.425470592591,6000.0,0.0
2025-08-26,2025-08-26 00:00,2025-08-25,14,0.65,5994.018659425927,6000.0,0.0
2025-08-27,2025-08-27 00:00,2025-08-26,14,0.65,6135.831129,6000.0,0.0
2025-08-28,2025-08-28 00:00,2025-08-27,14,0.65,6056.5410594722225,6000.0,0.0
2025-08-29,2025-08-29 00:00,2025-08-28,14,0.65,6181.264680898149,6000.0,0.0
2025-08-30,2025-08-30 00:00,2025-08-29,14,0.65,10800.0,6000.0,0.0
2025-08-31,2025-08-31 00:00,2025-08-30,14,0.65,10800.0,6000.0,0.0
2025-09-01,2025-09-01 00:00,2025-08-31,14,0.65,6346.31814300926,6000.0,0.0
2025-09-02,2025-09-02 00:00,2025-09-01,14,0.65,9371.075213120368,6000.0,1.6868312548181323e-16
2025-09-03,2025-09-03 00:00,2025-09-02,14,0.65,9239.542461148149,6000.0,0.0
2025-09-04,2025-09-04 00:00,2025-09-03,14,0.65,9060.22977064815,6000.0,0.0
2025-09-05,2025-09-05 00:00,2025-09-04,14,0.65,8962.890427990742,6000.0,0.0
2025-09-06,2025-09-06 00:00,2025-09-05,14,0.65,10800.0,6000.0,0.0
2025-09-07,2025-09-07 00:00,2025-09-06,14,0.65,10800.0,6000.0,0.0
2025-09-08,2025-09-08 00:00,2025-09-07,14,0.65,8658.581397722224,6000.0,0.0
2025-09-09,2025-09-09 00:00,2025-09-08,14,0.65,6537.6297400185185,6000.0,0.0
2025-09-10,2025-09-10 00:00,2025-09-09,14,0.65,6567.021834361114,6000.0,0.0
2025-09-11,2025-09-11 00:00,2025-09-10,14,0.65,6147.0220095,6000.0,0.0
2025-09-12,2025-09-12 00:00,2025-09-11,14,0.65,6331.54501075,6000.0,0.0
2025-09-13,2025-09-13 00:00,2025-09-12,14,0.65,10800.0,6000.0,0.0
2025-09-14,2025-09-14 00:00,2025-09-13,14,0.65,10800.0,6000.0,0.0
2025-09-15,2025-09-15 00:00,2025-09-14,14,0.65,5950.328157787034,6000.0,0.0
2025-09-16,2025-09-16 00:00,2025-09-15,14,0.65,6077.451462796295,6000.0,0.0
2025-09-17,2025-09-17 00:00,2025-09-16,14,0.65,5855.495795148148,6000.0,0.0
2025-09-18,2025-09-18 00:00,2025-09-17,14,0.65,5894.69805025926,6000.0,0.0
2025-09-19,2025-09-19 00:00,2025-09-18,14,0.65,6118.64439975926,6000.0,0.0
2025-09-20,2025-09-20 00:00,2025-09-19,14,0.65,10800.0,6000.0,0.0
2025-09-21,2025-09-21 00:00,2025-09-20,14,0.65,10800.0,6000.0,0.0
2025-09-22,2025-09-22 00:00,2025-09-21,14,0.65,6137.8160204999995,6000.0,0.0
2025-09-23,2025-09-23 00:00,2025-09-22,14,0.65,5949.1104236296305,6000.0,0.0
2025-09-24,2025-09-24 00:00,2025-09-23,14,0.65,6125.545951148149,6000.0,0.0
2025-09-25,2025-09-25 00:00,2025-09-24,14,0.65,6040.1937081203705,6000.0,0.0
2025-09-26,2025-09-26 00:00,2025-09-25,14,0.65,6060.234529694443,6000.0,0.0
2025-09-27,2025-09-27 00:00,2025-09-26,14,0.65,10800.0,6000.0,0.0
2025-09-28,2025-09-28 00:00,2025-09-27,14,0.65,10800.0,6000.0,0.0
2025-09-29,2025-09-29 00:00,2025-09-28,14,0.65,5971.491729083335,6000.0,0.0
2025-09-30,2025-09-30 00:00,2025-09-29,14,0.65,6012.059343703703,6000.0,0.0
2025-10-01,2025-10-01 00:00,2025-09-30,14,0.65,6149.716801435186,6000.0,0.0
2025-10-02,2025-10-02 00:00,2025-10-01,14,0.65,7779.189402259258,6000.0,0.0
2025-10-03,2025-10-03 00:00,2025-10-02,14,0.65,7953.320673064815,6000.0,0.0
2025-10-04,2025-10-04 00:00,2025-10-03,14,0.65,10800.0,6000.0,0.0
2025-10-05,2025-10-05 00:00,2025-10-04,14,0.65,10800.0,6000.0,0.0
2025-10-06,2025-10-06 00:00,2025-10-05,14,0.65,7482.20608462037,6000.0,0.0
2025-10-07,2025-10-07 00:00,2025-10-06,14,0.65,7118.17154401852,6000.0,0.0
2025-10-08,2025-10-08 00:00,2025-10-07,14,0.65,7193.989234333333,6000.0,0.0
2025-10-09,2025-10-09 00:00,2025-10-08,14,0.65,6760.6446288796315,6000.0,0.0
2025-10-10,2025-10-10 00:00,2025-10-09,14,0.65,6313.326405962964,6000.0,0.0
2025-10-11,2025-10-11 00:00,2025-10-10,14,0.65,10800.0,6000.0,0.0
2025-10-12,2025-10-12 00:00,2025-10-11,14,0.65,10800.0,6000.0,0.0
2025-10-13,2025-10-13 00:00,2025-10-12,14,0.65,5886.647107351852,6000.0,0.0
2025-10-14,2025-10-14 00:00,2025-10-13,14,0.65,6087.428382648149,6000.0,0.0
2025-10-15,2025-10-15 00:00,2025-10-14,14,0.65,5911.436866861111,6000.0,0.0
2025-10-16,2025-10-16 00:00,2025-10-15,14,0.65,6053.8435944907405,6000.0,0.0
2025-10-17,2025-10-17 00:00,2025-10-16,14,0.65,6232.730934638887,6000.0,0.0
2025-10-18,2025-10-18 00:00,2025-10-17,14,0.65,10800.0,6000.0,0.0
2025-10-19,2025-10-19 00:00,2025-10-18,14,0.65,10800.0,6000.0,0.0
2025-10-20,2025-10-20 00:00,2025-10-19,14,0.65,5933.612820092593,6000.0,0.0
2025-10-21,2025-10-21 00:00,2025-10-20,14,0.65,5871.405768953701,6000.0,0.0
2025-10-22,2025-10-22 00:00,2025-10-21,14,0.65,5852.28075024074,6000.0,0.0
2025-10-23,2025-10-23 00:00,2025-10-22,14,0.65,5957.10072975926,6000.0,0.0
2025-10-24,2025-10-24 00:00,2025-10-23,14,0.65,6208.625803861112,6000.0,0.0
2025-10-25,2025-10-25 00:00,2025-10-24,14,0.65,10800.0,6000.0,0.0
2025-10-26,2025-10-26 00:00,2025-10-25,14,0.65,10800.0,6000.0,0.0
2025-10-27,2025-10-27 00:00,2025-10-26,14,0.65,5978.360429851852,6000.0,0.0
2025-10-28,2025-10-28 00:00,2025-10-27,14,0.65,5882.423378083334,6000.0,0.0
2025-10-29,2025-10-29 00:00,2025-10-28,14,0.65,6000.477671703704,6000.0,0.0
2025-10-30,2025-10-30 00:00,2025-10-29,14,0.65,5981.804020361112,6000.0,0.0
2025-10-31,2025-10-31 00:00,2025-10-30,14,0.65,6104.641386824075,6000.0,0.0
2025-11-01,2025-11-01 00:00,2025-10-31,14,0.65,10800.0,6000.0,0.0
2025-11-02,2025-11-02 00:00,2025-11-01,14,0.65,10800.0,6000.0,0.0
2025-11-03,2025-11-03 00:00,2025-11-02,14,0.65,6057.921422472222,6000.0,0.0
2025-11-04,2025-11-04 00:00,2025-11-03,14,0.65,5977.046580972222,6000.0,0.0
2025-11-05,2025-11-05 00:00,2025-11-04,14,0.65,5997.156229861111,6000.0,0.0
2025-11-06,2025-11-06 00:00,2025-11-05,14,0.65,6019.7616866296285,6000.0,0.0
2025-11-07,2025-11-07 00:00,2025-11-06,14,0.65,6054.2777639074075,6000.0,0.0
2025-11-08,2025-11-08 00:00,2025-11-07,14,0.65,10800.0,6000.0,0.0
2025-11-09,2025-11-09 00:00,2025-11-08,14,0.65,10800.0,6000.0,0.0
2025-11-10,2025-11-10 00:00,2025-11-09,14,0.65,6063.116009564816,6000.0,0.0
2025-11-11,2025-11-11 00:00,2025-11-10,14,0.65,5992.92597562963,6000.0,0.0
2025-11-12,2025-11-12 00:00,2025-11-11,14,0.65,5860.234268518517,6000.0,0.0
2025-11-13,2025-11-13 00:00,2025-11-12,14,0.65,6088.724297305555,6000.0,0.0
2025-11-14,2025-11-14 00:00,2025-11-13,14,0.65,6159.171529175926,6000.0,0.0
2025-11-15,2025-11-15 00:00,2025-11-14,14,0.65,10800.0,6000.0,0.0
2025-11-16,2025-11-16 00:00,2025-11-15,14,0.65,10800.0,6000.0,0.0
2025-11-17,2025-11-17 00:00,2025-11-16,14,0.65,5951.39087713889,6000.0,0.0
2025-11-18,2025-11-18 00:00,2025-11-17,14,0.65,6044.359005574073,6000.0,0.0
2025-11-19,2025-11-19 00:00,2025-11-18,14,0.65,5985.4746177870375,6000.0,0.0
2025-11-20,2025-11-20 00:00,2025-11-19,14,0.65,5908.192000416668,6000.0,0.0
2025-11-21,2025-11-21 00:00,2025-11-20,14,0.65,6149.06004662037,6000.0,0.0
2025-11-22,2025-11-22 00:00,2025-11-21,14,0.65,10800.0,6000.0,0.0
2025-11-23,2025-11-23 00:00,2025-11-22,14,0.65,10800.0,6000.0,0.0
2025-11-24,2025-11-24 00:00,2025-11-23,14,0.65,6030.889503416667,6000.0,0.0
2025-11-25,2025-11-25 00:00,2025-11-24,14,0.65,5806.938872777777,6000.0,0.0
2025-11-26,2025-11-26 00:00,2025-11-25,14,0.65,5926.053927481481,6000.0,0.0
2025-11-27,2025-11-27 00:00,2025-11-26,14,0.65,6000.880664638889,6000.0,0.0
2025-11-28,2025-11-28 00:00,2025-11-27,14,0.65,6194.34441,6000.0,0.0
2025-11-29,2025-11-29 00:00,2025-11-28,14,0.65,10800.0,6000.0,0.0
2025-11-30,2025-11-30 00:00,2025-11-29,14,0.65,10785.890833333333,6000.0,0.0
2025-12-01,2025-12-01 00:00,2025-11-30,14,0.65,5904.084374777776,6000.0,0.0
2025-12-02,2025-12-02 00:00,2025-12-01,14,0.65,5752.566135787038,6000.0,0.0
2025-12-03,2025-12-03 00:00,2025-12-02,14,0.65,5869.326854407408,6000.0,0.0
2025-12-04,2025-12-04 00:00,2025-12-03,14,0.65,5841.433586018518,6000.0,0.0
2025-12-05,2025-12-05 00:00,2025-12-04,14,0.65,6057.071767694445,6000.0,0.0
2025-12-06,2025-12-06 00:00,2025-12-05,14,0.65,10800.0,6000.0,0.0
2025-12-07,2025-12-07 00:00,2025-12-06,14,0.65,10797.254537037037,6000.0,0.0
2025-12-08,2025-12-08 00:00,2025-12-07,14,0.65,5875.896650907407,6000.0,1.328902502044189e-16
2025-12-09,2025-12-09 00:00,2025-12-08,14,0.65,6041.049586351853,6000.0,0.0
2025-12-10,2025-12-10 00:00,2025-12-09,14,0.65,6036.173123583334,6000.0,0.0
2025-12-11,2025-12-11 00:00,2025-12-10,14,0.65,5846.0250057129615,6000.0,0.0
2025-12-12,2025-12-12 00:00,2025-12-11,14,0.65,6163.110517777778,6000.0,0.0
2025-12-13,2025-12-13 00:00,2025-12-12,14,0.65,10800.0,6000.0,0.0
2025-12-14,2025-12-14 00:00,2025-12-13,14,0.65,10793.655185185185,6000.0,0.0
2025-12-15,2025-12-15 00:00,2025-12-14,14,0.65,5968.522331509259,6000.0,0.0
2025-12-16,2025-12-16 00:00,2025-12-15,14,0.65,6081.542675833332,6000.0,0.0
2025-12-17,2025-12-17 00:00,2025-12-16,14,0.65,5900.526068879631,6000.0,0.0
2025-12-18,2025-12-18 00:00,2025-12-17,14,0.65,5995.364762574075,6000.0,1.23290403305984e-16
2025-12-19,2025-12-19 00:00,2025-12-18,14,0.65,6229.562717222221,6000.0,0.0
2025-12-20,2025-12-20 00:00,2025-12-19,14,0.65,10800.0,6000.0,0.0
2025-12-21,2025-12-21 00:00,2025-12-20,14,0.65,10800.0,6000.0,0.0
2025-12-22,2025-12-22 00:00,2025-12-21,14,0.65,6048.097678194445,6000.0,1.2321532518446397e-16
2025-12-23,2025-12-23 00:00,2025-12-22,14,0.65,6010.506233824074,6000.0,0.0
2025-12-24,2025-12-24 00:00,2025-12-23,14,0.65,5968.373281981482,6000.0,1.2314507090970112e-16
2025-12-25,2025-12-25 00:00,2025-12-24,14,0.65,5990.519410388888,6000.0,0.0
2025-12-26,2025-12-26 00:00,2025-12-25,14,0.65,6221.67641175,6000.0,0.0
2025-12-27,2025-12-27 00:00,2025-12-26,14,0.65,10800.0,6000.0,0.0
2025-12-28,2025-12-28 00:00,2025-12-27,14,0.65,10800.0,6000.0,0.0
2025-12-29,2025-12-29 00:00,2025-12-28,14,0.65,6114.026469231481,6000.0,0.0
2025-12-30,2025-12-30 00:00,2025-12-29,14,0.65,5927.802961027779,6000.0,0.0
2025-12-31,2025-12-31 00:00,2025-12-30,14,0.65,5945.697583046295,6000.0,0.0
