slot,time_end,price_yuan_per_kwh,load_kw,pv_forecast_kw,purchase_kw,charge_kw,discharge_kw,curtailed_kw,soc_start_kwh,soc_end_kwh,purchase_kwh,charge_kwh,discharge_kwh,slot_cost_yuan
0,00:10,0.4248,3439.8466,0.0,8439.8466,5000.0,0.0,9.094947017729282e-13,6000.0,6750.0,1406.6411,833.3333333333333,0.0,597.54113928
1,00:20,0.4245,3437.9792,0.0,8437.9792,5000.0,0.0,0.0,6750.0,7500.0,1406.3298666666665,833.3333333333333,0.0,596.9870283999999
2,00:30,0.4269,3444.3031,0.0,8444.303100000001,5000.0,0.0,9.094947017729282e-13,7500.0,8250.0,1407.3838500000002,833.3333333333333,0.0,600.812165565
3,00:40,0.4272,3454.4437,0.0,8454.4437,5000.0,0.0,0.0,8250.0,9000.0,1409.07395,833.3333333333333,0.0,601.95639144
4,00:50,0.4271,3458.8273,0.0,8458.8273,5000.0,0.0,9.094947017729282e-13,9000.0,9750.0,1409.80455,833.3333333333333,0.0,602.1275233050001
5,01:00,0.4285,3459.8401,0.0,3459.8401,0.0,0.0,0.0,9750.0,9750.0,576.6400166666666,0.0,0.0,247.09024714166665
6,01:10,0.4311,3467.1582,0.0,3467.1582,0.0,0.0,0.0,9750.0,9750.0,577.8597,0.0,0.0,249.11531666999997
7,01:20,0.4302,3467.9632,0.0,3467.9632,0.0,0.0,0.0,9750.0,9750.0,577.9938666666667,0.0,0.0,248.65296144
8,01:30,0.4279,3466.9683,0.0,5466.9683,2000.0,0.0,4.547473508864641e-13,9750.0,10050.0,911.1613833333333,333.3333333333333,0.0,389.8859559283333
9,01:40,0.4312,3482.4927,0.0,3482.4927,0.0,0.0,0.0,10050.0,10050.0,580.41545,0.0,0.0,250.27514204
10,01:50,0.4333,3495.0841,0.0,3495.0841,0.0,0.0,0.0,10050.0,10050.0,582.5140166666666,0.0,0.0,252.40332342166667
11,02:00,0.4311,3498.4443,0.0,3498.4443,0.0,0.0,0.0,10050.0,10050.0,583.0740499999999,0.0,0.0,251.363222955
12,02:10,0.4293,3505.2295,0.0,3505.2295,0.0,0.0,0.0,10050.0,10050.0,584.2049166666666,0.0,0.0,250.79917072499998
13,02:20,0.4324,3512.6387,0.0,3512.6387,0.0,0.0,0.0,10050.0,10050.0,585.4397833333333,0.0,0.0,253.1441623133333
14,02:30,0.4367,3516.8685,0.0,3516.8685,0.0,0.0,0.0,10050.0,10050.0,586.1447499999999,0.0,0.0,255.969412325
15,02:40,0.4348,3517.9246,0.0,3517.9246,0.0,0.0,0.0,10050.0,10050.0,586.3207666666666,0.0,0.0,254.93226934666666
16,02:50,0.4335,3518.5518,0.0,3518.5518,0.0,0.0,0.0,10050.0,10050.0,586.4253,0.0,0.0,254.21536755
17,03:00,0.4357,3521.0976,0.0,3521.0976,0.0,0.0,0.0,10050.0,10050.0,586.8496,0.0,0.0,255.69037071999998
18,03:10,0.4374,3526.9261,0.0,3526.9261,0.0,0.0,0.0,10050.0,10050.0,587.8210166666667,0.0,0.0,257.11291269000003
19,03:20,0.4371,3537.2854,0.0,3537.2854,0.0,0.0,0.0,10050.0,10050.0,589.5475666666666,0.0,0.0,257.69124138999996
20,03:30,0.4356,3544.8808,0.0,3544.8808,0.0,0.0,0.0,10050.0,10050.0,590.8134666666666,0.0,0.0,257.35834607999993
21,03:40,0.4353,3541.2787,0.0,3541.2787,0.0,0.0,0.0,10050.0,10050.0,590.2131166666666,0.0,0.0,256.919769685
22,03:50,0.436,3546.3976,0.0,3546.3976,0.0,0.0,0.0,10050.0,10050.0,591.0662666666666,0.0,0.0,257.70489226666666
23,04:00,0.4378,3560.207,0.0,3560.207,0.0,0.0,0.0,10050.0,10050.0,593.3678333333332,0.0,0.0,259.7764374333333
24,04:10,0.4401,3561.9581,0.0,3561.9581,0.0,0.0,0.0,10050.0,10050.0,593.6596833333333,0.0,0.0,261.26962663499995
25,04:20,0.4389,3556.7183,0.0,3556.7183,0.0,0.0,0.0,10050.0,10050.0,592.7863833333333,0.0,0.0,260.173943645
26,04:30,0.4364,3560.0272,0.0,3560.0272,0.0,0.0,0.0,10050.0,10050.0,593.3378666666666,0.0,0.0,258.9326450133333
27,04:40,0.4393,3580.654,0.5994,3580.0546,0.0,0.0,0.0,10050.0,10050.0,596.6757666666666,0.0,0.0,262.11966429666666
28,04:50,0.4422,3586.916,0.2345,3586.6815,0.0,0.0,0.0,10050.0,10050.0,597.78025,0.0,0.0,264.33842655
29,05:00,0.4395,3571.2635,0.2885,3570.975,0.0,0.0,0.0,10050.0,10050.0,595.1624999999999,0.0,0.0,261.57391874999996
30,05:10,0.4333,3562.3171,18.6781,3543.639,0.0,0.0,0.0,10050.0,10050.0,590.6065,0.0,0.0,255.90979645
31,05:20,0.4439,3591.3809,54.4698,3536.9111000000003,0.0,0.0,0.0,10050.0,10050.0,589.4851833333333,0.0,0.0,261.6724728816667
32,05:30,0.4301,3579.7045,108.9718,3470.7327,0.0,0.0,0.0,10050.0,10050.0,578.4554499999999,0.0,0.0,248.79368904499998
33,05:40,0.3713,3486.119,184.1603,8301.958700000001,5000.0,0.0,0.0,10050.0,10800.0,1383.6597833333335,833.3333333333333,0.0,513.7528775516668
34,05:50,0.5708,3823.8994,277.0582,3546.8412,0.0,0.0,0.0,10800.0,10800.0,591.1401999999999,0.0,0.0,337.42282615999994
35,06:00,0.9099,4398.0727,388.5494,2.723299999999199,0.0,4006.8000000000006,0.0,10800.0,10058.0,0.4538833333331998,0.0,667.8000000000001,0.4129884449998785
36,06:10,0.9368,4454.0123,521.2803,1.5320000000001528,0.0,3931.2000000000003,0.0,10058.0,9330.0,0.2553333333333588,0.0,655.2,0.2391962666666905
37,06:20,0.8758,4371.7919,672.7677,0.024200000000291766,0.0,3699.0,0.0,9330.0,8645.0,0.004033333333381961,0.0,616.5,0.0035323933333759215
38,06:30,0.8759,4392.953,844.2261,0.9268999999999323,0.0,3547.8000000000006,0.0,8645.0,7988.0,0.15448333333332204,0.0,591.3000000000001,0.13531195166665677
39,06:40,0.8601,4384.5956,1039.6744,2.3211999999994077,0.0,3342.6000000000004,0.0,7988.0,7369.0,0.38686666666656794,0.0,557.1,0.3327440199999151
40,06:50,0.8442,4434.7757,1259.3375,0.2381999999997788,0.0,3175.2000000000003,0.0,7369.0,6781.0,0.03969999999996313,0.0,529.2,0.03351473999996887
41,07:00,0.8334,4523.4561,1508.6318,1.6242999999999483,0.0,3013.2000000000003,0.0,6781.0,6223.0,0.27071666666665806,0.0,502.20000000000005,0.22561526999999282
42,07:10,0.8092,4524.0721,1791.4107,0.26139999999986685,0.0,2732.4000000000005,0.0,6223.0,5717.0,0.04356666666664447,0.0,455.4000000000001,0.03525414666664871
43,07:20,0.7972,4545.8867,2085.4865,3.4002000000000407,0.0,2457.0,0.0,5717.0,5262.0,0.5667000000000068,0.0,409.5,0.4517732400000054
44,07:30,0.7644,4523.2418,2381.2611,3.5806999999990694,0.0,2138.4000000000005,0.0,5262.0,4866.0,0.5967833333331782,0.0,356.4000000000001,0.4561811799998814
45,07:40,0.6899,4383.3566,2683.1752,4.581399999999803,0.0,1695.6000000000001,0.0,4866.0,4552.0,0.7635666666666339,0.0,282.6,0.5267846433333107
46,07:50,0.86,4910.4599,2986.3552,1.7046999999995478,0.0,1922.4000000000003,0.0,4552.0,4196.0,0.2841166666665913,0.0,320.40000000000003,0.2443403333332685
47,08:00,1.1617,5799.7327,3289.204,0.0,0.0,2511.0,0.4713000000001557,4196.0,3731.0,0.0,0.0,418.5,0.0
48,08:10,1.1683,5884.826,3593.3613,1.8646999999996297,0.0,2289.6000000000004,0.0,3731.0,3307.0,0.31078333333327157,0.0,381.6,0.3630881683332612
49,08:20,1.0956,5748.0713,3890.7332,0.0,0.0,1857.6000000000001,0.26190000000042346,3307.0,2963.0,0.0,0.0,309.6,0.0
50,08:30,1.0849,5769.0581,4181.3417,0.11640000000011241,0.0,1587.6000000000001,0.0,2963.0,2669.0,0.019400000000018736,0.0,264.6,0.021047060000020327
51,08:40,1.061,5754.2105,4471.7657,2.644800000000032,0.0,1279.8000000000002,0.0,2669.0,2432.0,0.4408000000000053,0.0,213.3,0.46768880000000557
52,08:50,1.043,5824.1807,4752.8272,2.1534999999998945,0.0,1069.2000000000003,9.094947017729282e-13,2432.0,2234.0,0.35891666666664906,0.0,178.20000000000005,0.37435008333331493
53,09:00,1.036,5954.2601,5021.9074,0.0,0.0,934.2000000000002,1.84729999999945,2234.0,2061.0,0.0,0.0,155.70000000000002,0.0
54,09:10,1.0147,5958.9696,5285.4126,0.0,0.0,675.0,1.4429999999993015,2061.0,1936.0,0.0,0.0,112.5,0.0
55,09:20,0.9922,5929.5554,5543.1742,2.981199999999774,0.0,383.40000000000003,0.0,1936.0,1865.0,0.49686666666662893,0.0,63.900000000000006,0.49299110666662926
56,09:30,0.97,5923.7828,5788.4093,0.3734999999996944,0.0,135.0,0.0,1865.0,1840.0,0.06224999999994907,0.0,22.5,0.06038249999995059
57,09:40,0.9422,5907.586,6012.1304,2.122266666667201,106.66666666666667,0.0,2.984279490192421e-13,1840.0,1856.0,0.3537111111112002,17.77777777777778,0.0,0.33326660888897286
58,09:50,0.9569,5899.1262,6216.1528,2.973399999999856,320.0,0.0,0.0,1856.0,1904.0,0.4955666666666426,53.33333333333333,0.0,0.47420774333331034
59,10:00,0.9977,5902.2196,6409.5941,0.0,506.6666666666667,0.0,0.7078333333332125,1904.0,1980.0,0.0,84.44444444444444,0.0,0.0
60,10:10,0.9919,5897.4793,6599.3808,0.0,700.0,0.0,1.9014999999999418,1980.0,2085.0,0.0,116.66666666666666,0.0,0.0
61,10:20,0.9588,5886.7568,6766.7204,0.0363999999999578,880.0,0.0,0.0,2085.0,2217.0,0.006066666666659633,146.66666666666666,0.0,0.005816719999993256
62,10:30,0.9549,5873.4708,6914.5923,0.0,1040.0,0.0,1.1215000000001965,2217.0,2373.0,0.0,173.33333333333331,0.0,0.0
63,10:40,0.9839,5858.0308,7064.2053,0.4921666666677993,1206.6666666666667,0.0,2.2737367544323206e-13,2373.0,2554.0,0.08202777777796655,201.11111111111111,0.0,0.08070713055574127
64,10:50,0.799,5844.9948,7197.4315,0.8966333333346483,1353.3333333333335,0.0,4.547473508864641e-13,2554.0,2757.0,0.14943888888910806,225.55555555555557,0.0,0.11940167222239734
65,11:00,0.5025,5839.0587,7303.1142,2.611166666666577,1466.6666666666667,0.0,2.2737367544323206e-13,2757.0,2977.0,0.43519444444442945,244.44444444444446,0.0,0.21868520833332578
66,11:10,0.4662,5838.7103,7387.6848,3451.025499999999,5000.0,0.0,-9.094947017729282e-13,2977.0,3727.0,575.1709166666665,833.3333333333333,0.0,268.1446813499999
67,11:20,0.5007,5823.4378,7459.227,4.210799999999836,1640.0,0.0,0.0,3727.0,3973.0,0.7017999999999726,273.3333333333333,0.0,0.35139125999998627
68,11:30,0.4827,5814.7932,7520.7191,0.7407666666667865,1706.6666666666667,0.0,2.2737367544323206e-13,3973.0,4229.0,0.12346111111113107,284.44444444444446,0.0,0.059594678333342976
69,11:40,0.4785,5832.3951,7568.2039,1024.1911999999993,2760.0,0.0,0.0,4229.0,4643.0,170.69853333333322,460.0,0.0,81.67924819999993
70,11:50,0.4662,5712.901,7592.1539,3120.7470999999996,5000.0,0.0,0.0,4643.0,5393.0,520.1245166666665,833.3333333333333,0.0,242.48204966999995
71,12:00,0.4432,5519.4607,7601.0433,2918.4173999999994,5000.0,0.0,0.0,5393.0,6143.0,486.4028999999999,833.3333333333333,0.0,215.57376527999992
72,12:10,0.4411,5494.7907,7612.316,2882.4746999999998,5000.0,0.0,0.0,6143.0,6893.0,480.4124499999999,833.3333333333333,0.0,211.90993169499998
73,12:20,0.4551,5514.4524,7602.6524,2911.8,5000.0,0.0,0.0,6893.0,7643.0,485.3,833.3333333333333,0.0,220.86003
74,12:30,0.4463,5485.829,7554.1872,2931.6417999999994,5000.0,0.0,0.0,7643.0,8393.0,488.60696666666655,833.3333333333333,0.0,218.06528922333328
75,12:40,0.4113,5462.3628,7472.7384,2989.624399999999,5000.0,0.0,-9.094947017729282e-13,8393.0,9143.0,498.2707333333331,833.3333333333333,0.0,204.9387526199999
76,12:50,0.5682,5566.1066,7393.4172,0.0,1826.6666666666667,0.0,0.6439333333330524,9143.0,9417.0,0.0,304.44444444444446,0.0,0.0
77,13:00,0.8279,5725.7548,7312.7979,0.0,1586.6666666666667,0.0,0.3764333333331251,9417.0,9655.0,0.0,264.44444444444446,0.0,0.0
78,13:10,0.8636,5739.4957,7194.541,0.0,1453.3333333333335,0.0,1.7119666666662852,9655.0,9873.0,0.0,242.22222222222223,0.0,0.0
79,13:20,0.8416,5714.6836,7053.1371,1.5465000000003783,1340.0,0.0,0.0,9873.0,10074.0,0.25775000000006304,223.33333333333331,0.0,0.21692240000005306
80,13:30,0.8618,5717.8505,6910.4064,0.7774333333327377,1193.3333333333335,0.0,-4.547473508864641e-13,10074.0,10253.0,0.12957222222212295,198.8888888888889,0.0,0.11166534111102555
81,13:40,0.8623,5708.2486,6772.4075,2.507766666666612,1066.6666666666667,0.0,2.2737367544323206e-13,10253.0,10413.0,0.41796111111110196,177.77777777777777,0.0,0.3604078661111032
82,13:50,0.9026,5696.9182,6607.36,2.8915333333334274,913.3333333333334,0.0,-3.410605131648481e-13,10413.0,10550.0,0.4819222222222379,152.22222222222223,0.0,0.4349829977777919
83,14:00,0.9754,5692.2983,6412.5085,0.0,720.0,0.0,0.21019999999953143,10550.0,10658.0,0.0,120.0,0.0,0.0
84,14:10,1.0002,5687.1291,6214.0158,0.0,526.6666666666667,0.0,0.22003333333327646,10658.0,10737.0,0.0,87.77777777777779,0.0,0.0
85,14:20,0.9978,5678.962,6000.7112,0.0,320.0,0.0,1.7491999999992913,10737.0,10785.0,0.0,53.33333333333333,0.0,0.0
86,14:30,1.0271,5669.4508,5766.9816,2.469199999999546,100.0,0.0,0.0,10785.0,10800.0,0.41153333333325764,16.666666666666664,0.0,0.42268588666658885
87,14:40,1.0906,5664.1948,5521.5066,2.2882000000004723,0.0,140.40000000000003,0.0,10800.0,10774.0,0.38136666666674535,0.0,23.400000000000006,0.4159184866667525
88,14:50,0.9376,5672.7011,5268.781,4.3201000000001955,0.0,399.6000000000001,0.0,10774.0,10700.0,0.7200166666666992,0.0,66.60000000000001,0.6750876266666972
89,15:00,0.6694,5682.2544,5009.7152,672.5392000000002,0.0,0.0,0.0,10700.0,10700.0,112.0898666666667,0.0,0.0,75.03295674666668
90,15:10,0.66,5669.0195,4743.4484,1592.237766666667,666.6666666666667,0.0,2.2737367544323206e-13,10700.0,10800.0,265.3729611111112,111.11111111111111,0.0,175.14615433333339
91,15:20,0.7217,5656.3651,4471.224,1185.1410999999998,0.0,0.0,0.0,10800.0,10800.0,197.52351666666664,0.0,0.0,142.5527219783333
92,15:30,0.7308,5657.0867,4188.2025,1468.8841999999995,0.0,0.0,0.0,10800.0,10800.0,244.81403333333324,0.0,0.0,178.91009555999995
93,15:40,0.7534,5662.6008,3889.3931,1773.2077000000004,0.0,0.0,0.0,10800.0,10800.0,295.5346166666667,0.0,0.0,222.6557801966667
94,15:50,0.7823,5669.2596,3594.5946,2074.6650000000004,0.0,0.0,0.0,10800.0,10800.0,345.77750000000003,0.0,0.0,270.50173825
95,16:00,0.8055,5673.4767,3303.8878,2369.5889,0.0,0.0,0.0,10800.0,10800.0,394.93148333333335,0.0,0.0,318.117309825
96,16:10,0.8271,5671.0146,2998.4247,2672.5899000000004,0.0,0.0,0.0,10800.0,10800.0,445.43165000000005,0.0,0.0,368.41651771500005
97,16:20,0.8519,5661.5926,2687.4131,2974.1794999999997,0.0,0.0,0.0,10800.0,10800.0,495.69658333333325,0.0,0.0,422.28391934166666
98,16:30,0.8791,5665.8922,2383.1779,3282.7143,0.0,0.0,0.0,10800.0,10800.0,547.11905,0.0,0.0,480.97235685500004
99,16:40,0.9024,5689.0372,2089.1246,3599.9125999999997,0.0,0.0,0.0,10800.0,10800.0,599.9854333333333,0.0,0.0,541.42685504
100,16:50,0.9163,5603.6614,1791.0829,3812.5784999999996,0.0,0.0,0.0,10800.0,10800.0,635.4297499999999,0.0,0.0,582.2442799249999
101,17:00,0.9264,5466.7124,1501.7283,3964.9841000000006,0.0,0.0,0.0,10800.0,10800.0,660.8306833333334,0.0,0.0,612.1935450400001
102,17:10,0.9462,5467.3939,1255.1723,4212.2216,0.0,0.0,0.0,10800.0,10800.0,702.0369333333333,0.0,0.0,664.26734632
103,17:20,0.9742,5464.727,1036.3323,4428.3947,0.0,0.0,0.0,10800.0,10800.0,738.0657833333332,0.0,0.0,719.0236861233332
104,17:30,0.9862,5492.4458,836.7775,4655.6683,0.0,0.0,0.0,10800.0,10800.0,775.9447166666666,0.0,0.0,765.2366795766667
105,17:40,0.976,5621.7308,665.2313,4956.4995,0.0,0.0,0.0,10800.0,10800.0,826.0832499999999,0.0,0.0,806.257252
106,17:50,1.0742,5091.2126,516.6758,4574.5368,0.0,0.0,0.0,10800.0,10800.0,762.4227999999999,0.0,0.0,818.99457176
107,18:00,1.2313,4208.5688,386.6731,3821.8957,0.0,0.0,0.0,10800.0,10800.0,636.9826166666667,0.0,0.0,784.3166959016667
108,18:10,1.2561,4122.7611,275.7933,3166.5678,0.0,680.4000000000001,0.0,10800.0,10674.0,527.7612999999999,0.0,113.4,662.9209689299998
109,18:20,1.2447,4255.9358,182.9526,4072.9832,0.0,0.0,0.0,10674.0,10674.0,678.8305333333333,0.0,0.0,844.9403648399999
110,18:30,1.2545,4225.9524,108.3414,4117.611,0.0,0.0,0.0,10674.0,10674.0,686.2684999999999,0.0,0.0,860.9238332499999
111,18:40,1.2522,4233.3384,54.3121,4179.0262999999995,0.0,0.0,0.0,10674.0,10674.0,696.5043833333332,0.0,0.0,872.1627888099998
112,18:50,1.2881,4246.4625,18.6569,5.005599999998594,0.0,4222.800000000001,0.0,10674.0,9892.0,0.8342666666664323,0.0,703.8000000000002,1.0746188933330316
113,19:00,1.3466,4239.1795,0.2753,0.0,0.0,4239.0,0.09580000000005384,9892.0,9107.0,0.0,0.0,706.5,0.0
114,19:10,1.3523,4244.6684,0.2296,0.03879999999935535,0.0,4244.400000000001,0.0,9107.0,8321.0,0.006466666666559225,0.0,707.4000000000001,0.00874487333318804
115,19:20,1.3445,4251.9187,0.6007,1.5179999999991196,0.0,4249.800000000001,0.0,8321.0,7534.0,0.25299999999985323,0.0,708.3000000000002,0.3401584999998027
116,19:30,1.3483,4256.6813,0.0,1.4812999999994645,0.0,4255.200000000001,0.0,7534.0,6746.0,0.24688333333324408,0.0,709.2,0.332872798333213
117,19:40,1.349,4267.3947,0.0,1.3946999999998297,0.0,4266.0,0.0,6746.0,5956.0,0.23244999999997162,0.0,711.0,0.31357504999996166
118,19:50,1.3473,4269.975,0.0,3.975000000000364,0.0,4266.0,0.0,5956.0,5166.0,0.6625000000000606,0.0,711.0,0.8925862500000816
119,20:00,1.3482,4268.6702,0.0,2.670199999999568,0.0,4266.0,0.0,5166.0,4376.0,0.4450333333332613,0.0,711.0,0.5999939399999029
120,20:10,1.3513,4282.2245,0.0,0.02449999999953434,0.0,4282.200000000001,0.0,4376.0,3583.0,0.004083333333255723,0.0,713.7,0.005517808333228459
121,20:20,1.34,4291.7049,0.0,4.104899999999361,0.0,4287.6,0.0,3583.0,2789.0,0.6841499999998935,0.0,714.6,0.9167609999998573
122,20:30,1.3489,4291.3611,0.0,3.761099999999715,0.0,4287.6,0.0,2789.0,1995.0,0.6268499999999524,0.0,714.6,0.8455579649999359
123,20:40,1.3952,4293.9182,0.0,0.9182000000000698,0.0,4293.0,0.0,1995.0,1200.0,0.15303333333334496,0.0,715.5,0.21351210666668288
124,20:50,1.2226,4295.2135,0.0,4295.2135,0.0,0.0,0.0,1200.0,1200.0,715.8689166666666,0.0,0.0,875.2213375166666
125,21:00,0.9332,4302.0307,0.0,4302.0307,0.0,0.0,0.0,1200.0,1200.0,717.0051166666667,0.0,0.0,669.1091748733334
126,21:10,0.9068,4320.9618,0.0,4320.9618,0.0,0.0,0.0,1200.0,1200.0,720.1603,0.0,0.0,653.04136004
127,21:20,0.9371,4302.3292,0.0,4302.3292,0.0,0.0,0.0,1200.0,1200.0,717.0548666666666,0.0,0.0,671.9521155533333
128,21:30,0.9371,4322.6758,0.0,4322.6758,0.0,0.0,0.0,1200.0,1200.0,720.4459666666667,0.0,0.0,675.1299153633333
129,21:40,0.9871,4428.8083,0.0,4428.8083,0.0,0.0,0.0,1200.0,1200.0,738.1347166666666,0.0,0.0,728.6127788216666
130,21:50,0.7764,4030.1614,0.0,4030.1614,0.0,0.0,0.0,1200.0,1200.0,671.6935666666666,0.0,0.0,521.50288516
131,22:00,0.4209,3362.7419,0.0,8362.7419,5000.0,0.0,9.094947017729282e-13,1200.0,1950.0,1393.7903166666667,833.3333333333333,0.0,586.646344285
132,22:10,0.3859,3309.3934,0.0,8309.3934,5000.0,0.0,9.094947017729282e-13,1950.0,2700.0,1384.8989000000001,833.3333333333333,0.0,534.4324855100001
133,22:20,0.4368,3412.9563,0.0,3412.9563,0.0,0.0,0.0,2700.0,2700.0,568.8260499999999,0.0,0.0,248.46321863999998
134,22:30,0.4198,3381.9313,0.0,8381.9313,5000.0,0.0,0.0,2700.0,3450.0,1396.98855,833.3333333333333,0.0,586.45579329
135,22:40,0.4186,3386.5592,0.0,8386.5592,5000.0,0.0,0.0,3450.0,4200.0,1397.7598666666665,833.3333333333333,0.0,585.1022801866666
136,22:50,0.4241,3400.4846,0.0,3400.4846,0.0,0.0,0.0,4200.0,4200.0,566.7474333333332,0.0,0.0,240.35758647666663
137,23:00,0.4237,3399.2426,0.0,8399.2426,5000.0,0.0,0.0,4200.0,4950.0,1399.8737666666666,833.3333333333333,0.0,593.1265149366666
138,23:10,0.4248,3406.9809,0.0,3406.9809,0.0,0.0,0.0,4950.0,4950.0,567.83015,0.0,0.0,241.21424772
139,23:20,0.424,3416.1518,0.0,3449.4851333333336,33.333333333333336,0.0,1.4921397450962104e-13,4950.0,4955.0,574.9141888888889,5.555555555555555,0.0,243.76361608888888
140,23:30,0.422,3421.9811,0.0,8421.9811,5000.0,0.0,9.094947017729282e-13,4955.0,5705.0,1403.6635166666667,833.3333333333333,0.0,592.3460040333333
141,23:40,0.424,3429.6923,0.0,5396.358966666667,1966.6666666666667,0.0,-2.2737367544323206e-13,5705.0,6000.0,899.3931611111111,327.77777777777777,0.0,381.34270031111106
142,23:50,0.4271,3439.061,0.0,3439.061,0.0,0.0,0.0,6000.0,6000.0,573.1768333333333,0.0,0.0,244.80382551666665
143,24:00,0.4276,3444.7259,0.0,3444.7259,0.0,0.0,0.0,6000.0,6000.0,574.1209833333332,0.0,0.0,245.4941324733333
