variant,date,issue_datetime,issue_hour,first_target_end,last_target_end,soc_measured_kwh,planned_terminal_kwh,milp_gap,price_mode,radius_scale,nominal_horizon_proxy_cost_yuan,box_worst_horizon_proxy_cost_yuan,q2_pv_history_only,load_history_through_date
4-2,2025-01-01,2025-01-01 00:00:00,0,2025-01-01 00:10:00,2025-01-02 00:00:00,6000.0,6000.0,0.0,forecast,1.0,0.0,0.0,True,
4-2,2025-01-02,2025-01-02 00:00:00,0,2025-01-02 00:10:00,2025-01-03 00:00:00,1200.0,6000.0,0.0,forecast,1.0,76502.53411275844,76502.53411275844,True,2025-01-01
4-2,2025-01-03,2025-01-03 00:00:00,0,2025-01-03 00:10:00,2025-01-04 00:00:00,5944.373769444444,6000.0,0.0,forecast,1.0,74336.44879783457,74336.44879783457,True,2025-01-02
4-2,2025-01-04,2025-01-04 00:00:00,0,2025-01-04 00:10:00,2025-01-05 00:00:00,10800.0,6000.0,0.0,forecast,1.0,20889.525969958166,20889.525969958166,True,2025-01-03
4-2,2025-01-05,2025-01-05 00:00:00,0,2025-01-05 00:10:00,2025-01-06 00:00:00,5732.503494814815,6000.0,0.0,forecast,1.0,22354.277501426,22354.277501426,True,2025-01-04
4-2,2025-01-06,2025-01-06 00:00:00,0,2025-01-06 00:10:00,2025-01-07 00:00:00,4226.980993888888,6000.0,0.0,forecast,1.0,74053.86415756913,74053.86415756913,True,2025-01-05
4-2,2025-01-07,2025-01-07 00:00:00,0,2025-01-07 00:10:00,2025-01-08 00:00:00,5907.953200407406,6000.0,0.0,forecast,1.0,72799.47080746296,72799.47080746296,True,2025-01-06
4-2,2025-01-08,2025-01-08 00:00:00,0,2025-01-08 00:10:00,2025-01-09 00:00:00,5953.206382592593,6000.0,0.0,forecast,1.0,74790.37069098634,74790.37069098634,True,2025-01-07
4-2,2025-01-09,2025-01-09 00:00:00,0,2025-01-09 00:10:00,2025-01-10 00:00:00,6038.625800185186,6000.0,0.0,forecast,1.0,69744.60566184453,69744.60566184453,True,2025-01-08
4-2,2025-01-10,2025-01-10 00:00:00,0,2025-01-10 00:10:00,2025-01-11 00:00:00,5915.779028148148,6000.0,1.2615360576745394e-16,forecast,1.0,55487.867558154176,57675.38367151875,True,2025-01-09
4-2,2025-01-11,2025-01-11 00:00:00,0,2025-01-11 00:10:00,2025-01-12 00:00:00,10800.0,6000.0,0.0,forecast,1.0,20104.4130329095,21903.189928192383,True,2025-01-10
4-2,2025-01-12,2025-01-12 00:00:00,0,2025-01-12 00:10:00,2025-01-13 00:00:00,5524.254806296296,6000.0,0.0,forecast,1.0,29067.397010792458,31507.633492481866,True,2025-01-11
4-2,2025-01-13,2025-01-13 00:00:00,0,2025-01-13 00:10:00,2025-01-14 00:00:00,4130.015386851852,6000.0,0.0,forecast,1.0,73093.68356885017,78698.25932114926,True,2025-01-12
4-2,2025-01-14,2025-01-14 00:00:00,0,2025-01-14 00:10:00,2025-01-15 00:00:00,5808.690991666668,6000.0,0.0,forecast,1.0,69396.90614097143,75027.30796416472,True,2025-01-13
4-2,2025-01-15,2025-01-15 00:00:00,0,2025-01-15 00:10:00,2025-01-16 00:00:00,6048.470807592594,6000.0,0.0,forecast,1.0,69586.66968475698,75506.16828752628,True,2025-01-14
4-2,2025-01-16,2025-01-16 00:00:00,0,2025-01-16 00:10:00,2025-01-17 00:00:00,6084.00949462963,6000.0,0.0,forecast,1.0,69732.57030149842,75842.6600766242,True,2025-01-15
4-2,2025-01-17,2025-01-17 00:00:00,0,2025-01-17 00:10:00,2025-01-18 00:00:00,5972.915693333332,6000.0,0.0,forecast,1.0,53627.00572251419,59815.76456671579,True,2025-01-16
4-2,2025-01-18,2025-01-18 00:00:00,0,2025-01-18 00:10:00,2025-01-19 00:00:00,10800.0,6000.0,0.0,forecast,1.0,40663.02959743208,45598.65097891559,True,2025-01-17
4-2,2025-01-19,2025-01-19 00:00:00,0,2025-01-19 00:10:00,2025-01-20 00:00:00,9525.869388888888,6000.0,0.0,forecast,1.0,39398.245274190514,43250.89826476108,True,2025-01-18
4-2,2025-01-20,2025-01-20 00:00:00,0,2025-01-20 00:10:00,2025-01-21 00:00:00,5006.575106172839,6000.0,0.0,forecast,1.0,40889.059408811256,45048.33569512227,True,2025-01-19
4-2,2025-01-21,2025-01-21 00:00:00,0,2025-01-21 00:10:00,2025-01-22 00:00:00,4811.569552839506,6000.0,0.0,forecast,1.0,54936.42474941506,60153.45980982068,True,2025-01-20
4-2,2025-01-22,2025-01-22 00:00:00,0,2025-01-22 00:10:00,2025-01-23 00:00:00,5444.783959135802,6000.0,0.0,forecast,1.0,67147.9058753009,73251.01996412057,True,2025-01-21
4-2,2025-01-23,2025-01-23 00:00:00,0,2025-01-23 00:10:00,2025-01-24 00:00:00,5849.215705608362,6000.0,1.984050900025176e-16,forecast,1.0,67107.75762649835,73344.46524624039,True,2025-01-22
4-2,2025-01-24,2025-01-24 00:00:00,0,2025-01-24 00:10:00,2025-01-25 00:00:00,5792.341520752798,6000.0,0.0,forecast,1.0,20357.553641305018,23369.687914548635,True,2025-01-23
4-2,2025-01-25,2025-01-25 00:00:00,0,2025-01-25 00:10:00,2025-01-26 00:00:00,6174.014543588145,6000.0,0.0,forecast,1.0,20051.092470734286,22991.61698934732,True,2025-01-24
4-2,2025-01-26,2025-01-26 00:00:00,0,2025-01-26 00:10:00,2025-01-27 00:00:00,6043.941538866464,6000.0,0.0,forecast,1.0,65233.52041812031,71341.15216059751,True,2025-01-25
4-2,2025-01-27,2025-01-27 00:00:00,0,2025-01-27 00:10:00,2025-01-28 00:00:00,5992.320281332273,6000.0,0.0,forecast,1.0,65960.00616672086,72200.39253907927,True,2025-01-26
4-2,2025-01-28,2025-01-28 00:00:00,0,2025-01-28 00:10:00,2025-01-29 00:00:00,5719.11716517337,6000.0,0.0,forecast,1.0,63059.76223843982,69146.95160396965,True,2025-01-27
4-2,2025-01-29,2025-01-29 00:00:00,0,2025-01-29 00:10:00,2025-01-30 00:00:00,5961.135401435909,6000.0,0.0,forecast,1.0,66055.40399158196,72417.99219645208,True,2025-01-28
4-2,2025-01-30,2025-01-30 00:00:00,0,2025-01-30 00:10:00,2025-01-31 00:00:00,6323.727615900605,6000.0,0.0,forecast,1.0,64408.94629215359,70563.01618806363,True,2025-01-29
4-2,2025-01-31,2025-01-31 00:00:00,0,2025-01-31 00:10:00,2025-02-01 00:00:00,5919.589079678096,6000.0,0.0,forecast,1.0,18177.618952850582,20955.261847239046,True,2025-01-30
4-2,2025-02-01,2025-02-01 00:00:00,0,2025-02-01 00:10:00,2025-02-02 00:00:00,6135.562162010996,6000.0,0.0,forecast,1.0,18185.950638827013,20827.139265189868,True,2025-01-31
4-2,2025-02-02,2025-02-02 00:00:00,0,2025-02-02 00:10:00,2025-02-03 00:00:00,6513.684159411169,6000.0,0.0,forecast,1.0,63724.07135887754,69910.61822375141,True,2025-02-01
4-2,2025-02-03,2025-02-03 00:00:00,0,2025-02-03 00:10:00,2025-02-04 00:00:00,6357.815787785011,6000.0,0.0,forecast,1.0,62435.49889650622,68634.50131282954,True,2025-02-02
4-2,2025-02-04,2025-02-04 00:00:00,0,2025-02-04 00:10:00,2025-02-05 00:00:00,6366.512713419489,6000.0,0.0,forecast,1.0,61389.28580429242,67516.2211251469,True,2025-02-03
4-2,2025-02-05,2025-02-05 00:00:00,0,2025-02-05 00:10:00,2025-02-06 00:00:00,6123.054635097657,6000.0,0.0,forecast,1.0,61391.96665831174,67486.7036663626,True,2025-02-04
4-2,2025-02-06,2025-02-06 00:00:00,0,2025-02-06 00:10:00,2025-02-07 00:00:00,6487.624910519386,6000.0,0.0,forecast,1.0,61908.05722596813,67970.25373261214,True,2025-02-05
4-2,2025-02-07,2025-02-07 00:00:00,0,2025-02-07 00:10:00,2025-02-08 00:00:00,6260.008853743547,6000.0,0.0,forecast,1.0,17686.336133195407,20345.193033392105,True,2025-02-06
4-2,2025-02-08,2025-02-08 00:00:00,0,2025-02-08 00:10:00,2025-02-09 00:00:00,6394.810781318717,6000.0,0.0,forecast,1.0,16239.519198727343,18711.328575957912,True,2025-02-07
4-2,2025-02-09,2025-02-09 00:00:00,0,2025-02-09 00:10:00,2025-02-10 00:00:00,6469.338245879501,6000.0,0.0,forecast,1.0,59868.8924781948,65882.41860231594,True,2025-02-08
4-2,2025-02-10,2025-02-10 00:00:00,0,2025-02-10 00:10:00,2025-02-11 00:00:00,5918.969225242332,6000.0,0.0,forecast,1.0,58734.54238214552,64547.9056980905,True,2025-02-09
4-2,2025-02-11,2025-02-11 00:00:00,0,2025-02-11 00:10:00,2025-02-12 00:00:00,6224.865065605468,6000.0,0.0,forecast,1.0,57154.237787338425,62874.68186395147,True,2025-02-10
4-2,2025-02-12,2025-02-12 00:00:00,0,2025-02-12 00:10:00,2025-02-13 00:00:00,6126.45943742694,6000.0,0.0,forecast,1.0,56576.9036734716,62236.419693362346,True,2025-02-11
4-2,2025-02-13,2025-02-13 00:00:00,0,2025-02-13 00:10:00,2025-02-14 00:00:00,6221.213109580439,6000.0,0.0,forecast,1.0,56230.351547448154,61824.84408100418,True,2025-02-12
4-2,2025-02-14,2025-02-14 00:00:00,0,2025-02-14 00:10:00,2025-02-15 00:00:00,6234.776593091721,6000.0,0.0,forecast,1.0,15672.511578136648,17947.09280130805,True,2025-02-13
4-2,2025-02-15,2025-02-15 00:00:00,0,2025-02-15 00:10:00,2025-02-16 00:00:00,6371.404467413272,6000.0,0.0,forecast,1.0,14997.042121733426,17164.49032717008,True,2025-02-14
4-2,2025-02-16,2025-02-16 00:00:00,0,2025-02-16 00:10:00,2025-02-17 00:00:00,6020.068662121304,6000.0,0.0,forecast,1.0,52968.696227176726,58459.653234519064,True,2025-02-15
4-2,2025-02-17,2025-02-17 00:00:00,0,2025-02-17 00:10:00,2025-02-18 00:00:00,5895.075283072193,6000.0,0.0,forecast,1.0,52571.28354801421,58103.94849003342,True,2025-02-16
4-2,2025-02-18,2025-02-18 00:00:00,0,2025-02-18 00:10:00,2025-02-19 00:00:00,6095.312051026476,6000.0,0.0,forecast,1.0,51402.950780680214,56813.65370671703,True,2025-02-17
4-2,2025-02-19,2025-02-19 00:00:00,0,2025-02-19 00:10:00,2025-02-20 00:00:00,6144.446154861069,6000.0,0.0,forecast,1.0,51958.923910942016,57244.102537674335,True,2025-02-18
4-2,2025-02-20,2025-02-20 00:00:00,0,2025-02-20 00:10:00,2025-02-21 00:00:00,6003.059096283275,6000.0,0.0,forecast,1.0,50584.74562438553,55753.46213234411,True,2025-02-19
4-2,2025-02-21,2025-02-21 00:00:00,0,2025-02-21 00:10:00,2025-02-22 00:00:00,6100.4134716608805,6000.0,0.0,forecast,1.0,14338.679175673187,16368.896886702583,True,2025-02-20
4-2,2025-02-22,2025-02-22 00:00:00,0,2025-02-22 00:10:00,2025-02-23 00:00:00,6330.152959866767,6000.0,0.0,forecast,1.0,14540.760438461326,16542.132723963885,True,2025-02-21
4-2,2025-02-23,2025-02-23 00:00:00,0,2025-02-23 00:10:00,2025-02-24 00:00:00,6142.485693085919,6000.0,0.0,forecast,1.0,50629.149775610356,55662.76931128019,True,2025-02-22
4-2,2025-02-24,2025-02-24 00:00:00,0,2025-02-24 00:10:00,2025-02-25 00:00:00,5915.293405222077,6000.0,0.0,forecast,1.0,48403.57232948586,53310.309652628464,True,2025-02-23
4-2,2025-02-25,2025-02-25 00:00:00,0,2025-02-25 00:10:00,2025-02-26 00:00:00,6068.917347326389,6000.0,0.0,forecast,1.0,47803.5991787139,52632.055753945955,True,2025-02-24
4-2,2025-02-26,2025-02-26 00:00:00,0,2025-02-26 00:10:00,2025-02-27 00:00:00,6061.637369188601,6000.0,0.0,forecast,1.0,47536.172304040476,52255.7473173966,True,2025-02-25
4-2,2025-02-27,2025-02-27 00:00:00,0,2025-02-27 00:10:00,2025-02-28 00:00:00,6127.042099221089,6000.0,0.0,forecast,1.0,46544.666749201475,51157.5674616878,True,2025-02-26
4-2,2025-02-28,2025-02-28 00:00:00,0,2025-02-28 00:10:00,2025-03-01 00:00:00,6158.767001458333,6000.0,1.153670373083262e-16,forecast,1.0,13849.071533238193,15766.976824450161,True,2025-02-27
4-2,2025-03-01,2025-03-01 00:00:00,0,2025-03-01 00:10:00,2025-03-02 00:00:00,6365.564800398459,6000.0,0.0,forecast,1.0,13832.805862494515,15738.04681729691,True,2025-02-28
4-2,2025-03-02,2025-03-02 00:00:00,0,2025-03-02 00:10:00,2025-03-03 00:00:00,5984.749920934759,6000.0,0.0,forecast,1.0,46390.31950648343,50916.24005765762,True,2025-03-01
4-2,2025-03-03,2025-03-03 00:00:00,0,2025-03-03 00:10:00,2025-03-04 00:00:00,5794.403336647859,6000.0,0.0,forecast,1.0,45640.18877457318,50106.25848347525,True,2025-03-02
4-2,2025-03-04,2025-03-04 00:00:00,0,2025-03-04 00:10:00,2025-03-05 00:00:00,5956.678613343462,6000.0,0.0,forecast,1.0,45545.89481996323,50034.621681636214,True,2025-03-03
4-2,2025-03-05,2025-03-05 00:00:00,0,2025-03-05 00:10:00,2025-03-06 00:00:00,5889.968118599537,6000.0,0.0,forecast,1.0,45961.66987234475,50589.961697686784,True,2025-03-04
4-2,2025-03-06,2025-03-06 00:00:00,0,2025-03-06 00:10:00,2025-03-07 00:00:00,6007.904664628328,6000.0,0.0,forecast,1.0,44549.690282937394,49013.280369697306,True,2025-03-05
4-2,2025-03-07,2025-03-07 00:00:00,0,2025-03-07 00:10:00,2025-03-08 00:00:00,5770.324469959635,6000.0,0.0,forecast,1.0,13027.223819661913,14842.959518831043,True,2025-03-06
4-2,2025-03-08,2025-03-08 00:00:00,0,2025-03-08 00:10:00,2025-03-09 00:00:00,6017.691512556425,6000.0,0.0,forecast,1.0,13063.596294579724,14873.017601566362,True,2025-03-07
4-2,2025-03-09,2025-03-09 00:00:00,0,2025-03-09 00:10:00,2025-03-10 00:00:00,6086.63255468069,6000.0,0.0,forecast,1.0,43580.28810261484,47971.45754079708,True,2025-03-08
4-2,2025-03-10,2025-03-10 00:00:00,0,2025-03-10 00:10:00,2025-03-11 00:00:00,5927.116889598526,6000.0,0.0,forecast,1.0,43325.379022613335,47597.69362646417,True,2025-03-09
4-2,2025-03-11,2025-03-11 00:00:00,0,2025-03-11 00:10:00,2025-03-12 00:00:00,5821.914755796441,6000.0,0.0,forecast,1.0,43066.617029630674,47347.58442500618,True,2025-03-10
4-2,2025-03-12,2025-03-12 00:00:00,0,2025-03-12 00:10:00,2025-03-13 00:00:00,6028.390368447773,6000.0,0.0,forecast,1.0,42526.102740320355,46787.33518683442,True,2025-03-11
4-2,2025-03-13,2025-03-13 00:00:00,0,2025-03-13 00:10:00,2025-03-14 00:00:00,5746.530792966857,6000.0,0.0,forecast,1.0,41711.29197407851,45860.74615499282,True,2025-03-12
4-2,2025-03-14,2025-03-14 00:00:00,0,2025-03-14 00:10:00,2025-03-15 00:00:00,5820.815618284289,6000.0,0.0,forecast,1.0,12112.028447767014,13795.901020803714,True,2025-03-13
4-2,2025-03-15,2025-03-15 00:00:00,0,2025-03-15 00:10:00,2025-03-16 00:00:00,6034.41509651114,6000.0,1.3050258087738666e-16,forecast,1.0,12236.05445609753,13938.340462821063,True,2025-03-14
4-2,2025-03-16,2025-03-16 00:00:00,0,2025-03-16 00:10:00,2025-03-17 00:00:00,5820.924181309317,6000.0,0.0,forecast,1.0,41141.557183623096,45327.42767638307,True,2025-03-15
4-2,2025-03-17,2025-03-17 00:00:00,0,2025-03-17 00:10:00,2025-03-18 00:00:00,5821.34089734592,6000.0,0.0,forecast,1.0,41912.25253636908,46081.112401171435,True,2025-03-16
4-2,2025-03-18,2025-03-18 00:00:00,0,2025-03-18 00:10:00,2025-03-19 00:00:00,6046.141143928274,6000.0,0.0,forecast,1.0,40303.15539670691,44357.211425937414,True,2025-03-17
4-2,2025-03-19,2025-03-19 00:00:00,0,2025-03-19 00:10:00,2025-03-20 00:00:00,5892.722796501018,6000.0,0.0,forecast,1.0,39498.00750150906,43548.17238137105,True,2025-03-18
4-2,2025-03-20,2025-03-20 00:00:00,0,2025-03-20 00:10:00,2025-03-21 00:00:00,6072.996700645641,6000.0,0.0,forecast,1.0,39554.83498877679,43521.20674739088,True,2025-03-19
4-2,2025-03-21,2025-03-21 00:00:00,0,2025-03-21 00:10:00,2025-03-22 00:00:00,6004.935198721064,6000.0,0.0,forecast,1.0,11423.617674921421,13074.617499716947,True,2025-03-20
4-2,2025-03-22,2025-03-22 00:00:00,0,2025-03-22 00:10:00,2025-03-23 00:00:00,5917.924691088686,6000.0,0.0,forecast,1.0,11863.432968274527,13521.029653210622,True,2025-03-21
4-2,2025-03-23,2025-03-23 00:00:00,0,2025-03-23 00:10:00,2025-03-24 00:00:00,6186.295975011484,6000.0,0.0,forecast,1.0,37444.0878524334,41299.14613713595,True,2025-03-22
4-2,2025-03-24,2025-03-24 00:00:00,0,2025-03-24 00:10:00,2025-03-25 00:00:00,5945.261491379484,6000.0,0.0,forecast,1.0,37636.23018029885,41490.760842887335,True,2025-03-23
4-2,2025-03-25,2025-03-25 00:00:00,0,2025-03-25 00:10:00,2025-03-26 00:00:00,5829.630169147136,6000.0,0.0,forecast,1.0,37451.588467203685,41282.72879932597,True,2025-03-24
4-2,2025-03-26,2025-03-26 00:00:00,0,2025-03-26 00:10:00,2025-03-27 00:00:00,5826.863725793547,6000.0,0.0,forecast,1.0,37191.775978916005,41022.93558775348,True,2025-03-25
4-2,2025-03-27,2025-03-27 00:00:00,0,2025-03-27 00:10:00,2025-03-28 00:00:00,5920.813223210678,6000.0,0.0,forecast,1.0,37268.381275687585,41163.8840669925,True,2025-03-26
4-2,2025-03-28,2025-03-28 00:00:00,0,2025-03-28 00:10:00,2025-03-29 00:00:00,5852.509720617766,6000.0,1.4366987260635e-16,forecast,1.0,11003.963929613332,12660.896613514918,True,2025-03-27
4-2,2025-03-29,2025-03-29 00:00:00,0,2025-03-29 00:10:00,2025-03-30 00:00:00,5944.297604372158,6000.0,0.0,forecast,1.0,11449.518585779988,13115.24179933668,True,2025-03-28
4-2,2025-03-30,2025-03-30 00:00:00,0,2025-03-30 00:10:00,2025-03-31 00:00:00,5998.774828694878,6000.0,0.0,forecast,1.0,35133.76959715711,38638.86102537063,True,2025-03-29
4-2,2025-03-31,2025-03-31 00:00:00,0,2025-03-31 00:10:00,2025-04-01 00:00:00,5950.336980219762,6000.0,0.0,forecast,1.0,34706.63664281646,38254.243496237716,True,2025-03-30
4-2,2025-04-01,2025-04-01 00:00:00,0,2025-04-01 00:10:00,2025-04-02 00:00:00,6050.927762459058,6000.0,0.0,forecast,1.0,35308.575709459496,38845.667624009315,True,2025-03-31
4-2,2025-04-02,2025-04-02 00:00:00,0,2025-04-02 00:10:00,2025-04-03 00:00:00,6031.896143077257,6000.0,0.0,forecast,1.0,35259.942496121366,38834.20488369372,True,2025-04-01
4-2,2025-04-03,2025-04-03 00:00:00,0,2025-04-03 00:10:00,2025-04-04 00:00:00,6025.4782367447915,6000.0,0.0,forecast,1.0,35827.189428758415,39578.53868319963,True,2025-04-02
4-2,2025-04-04,2025-04-04 00:00:00,0,2025-04-04 00:10:00,2025-04-05 00:00:00,5889.636757942937,6000.0,0.0,forecast,1.0,10793.398336989285,12423.21906341823,True,2025-04-03
4-2,2025-04-05,2025-04-05 00:00:00,0,2025-04-05 00:10:00,2025-04-06 00:00:00,6161.980046697548,6000.0,0.0,forecast,1.0,10053.444797010336,11544.304410893534,True,2025-04-04
4-2,2025-04-06,2025-04-06 00:00:00,0,2025-04-06 00:10:00,2025-04-07 00:00:00,5872.130191061197,6000.0,0.0,forecast,1.0,32254.051680385404,35432.13275020296,True,2025-04-05
4-2,2025-04-07,2025-04-07 00:00:00,0,2025-04-07 00:10:00,2025-04-08 00:00:00,5898.809822685185,6000.0,0.0,forecast,1.0,34371.153102682256,37820.61417131519,True,2025-04-06
4-2,2025-04-08,2025-04-08 00:00:00,0,2025-04-08 00:10:00,2025-04-09 00:00:00,6000.957585756768,6000.0,0.0,forecast,1.0,34878.14262708855,38291.61438839961,True,2025-04-07
4-2,2025-04-09,2025-04-09 00:00:00,0,2025-04-09 00:10:00,2025-04-10 00:00:00,5908.930238564526,6000.0,0.0,forecast,1.0,34254.50829595297,37634.296715716926,True,2025-04-08
4-2,2025-04-10,2025-04-10 00:00:00,0,2025-04-10 00:10:00,2025-04-11 00:00:00,5917.2928712912335,6000.0,0.0,forecast,1.0,34476.52390518159,37880.3390295653,True,2025-04-09
4-2,2025-04-11,2025-04-11 00:00:00,0,2025-04-11 00:10:00,2025-04-12 00:00:00,6035.769089348958,6000.0,0.0,forecast,1.0,10279.897428463802,11781.437564234853,True,2025-04-10
4-2,2025-04-12,2025-04-12 00:00:00,0,2025-04-12 00:10:00,2025-04-13 00:00:00,5860.672739388022,6000.0,0.0,forecast,1.0,10527.814248754588,12046.336304363907,True,2025-04-11
4-2,2025-04-13,2025-04-13 00:00:00,0,2025-04-13 00:10:00,2025-04-14 00:00:00,5979.239612791041,6000.0,0.0,forecast,1.0,33101.99770319349,36367.0454823383,True,2025-04-12
4-2,2025-04-14,2025-04-14 00:00:00,0,2025-04-14 00:10:00,2025-04-15 00:00:00,5946.482779448062,6000.0,0.0,forecast,1.0,33083.5822649833,36322.466759450435,True,2025-04-13
4-2,2025-04-15,2025-04-15 00:00:00,0,2025-04-15 00:10:00,2025-04-16 00:00:00,5923.626239921152,6000.0,0.0,forecast,1.0,33680.3537495262,36980.26092728475,True,2025-04-14
4-2,2025-04-16,2025-04-16 00:00:00,0,2025-04-16 00:10:00,2025-04-17 00:00:00,6030.2155300470195,6000.0,0.0,forecast,1.0,32936.1625720536,36186.655373905814,True,2025-04-15
4-2,2025-04-17,2025-04-17 00:00:00,0,2025-04-17 00:10:00,2025-04-18 00:00:00,5896.061816969039,6000.0,0.0,forecast,1.0,33105.162167149785,36356.24241444956,True,2025-04-16
4-2,2025-04-18,2025-04-18 00:00:00,0,2025-04-18 00:10:00,2025-04-19 00:00:00,6093.797881084057,6000.0,1.5845174374125582e-16,forecast,1.0,9957.444871445156,11479.76892268336,True,2025-04-17
4-2,2025-04-19,2025-04-19 00:00:00,0,2025-04-19 00:10:00,2025-04-20 00:00:00,6191.354273161283,6000.0,1.5779634944343786e-16,forecast,1.0,9996.419066792809,11527.44920881629,True,2025-04-18
4-2,2025-04-20,2025-04-20 00:00:00,0,2025-04-20 00:10:00,2025-04-21 00:00:00,6074.140158632164,6000.0,0.0,forecast,1.0,32561.7975913825,35697.185664212215,True,2025-04-19
4-2,2025-04-21,2025-04-21 00:00:00,0,2025-04-21 00:10:00,2025-04-22 00:00:00,5938.122467665655,6000.0,0.0,forecast,1.0,32014.585725758527,35118.83553182695,True,2025-04-20
4-2,2025-04-22,2025-04-22 00:00:00,0,2025-04-22 00:10:00,2025-04-23 00:00:00,5885.700834117911,6000.0,0.0,forecast,1.0,31731.14313864314,34813.42479701144,True,2025-04-21
4-2,2025-04-23,2025-04-23 00:00:00,0,2025-04-23 00:10:00,2025-04-24 00:00:00,5917.302823896123,6000.0,0.0,forecast,1.0,32076.959555396603,35106.90238588662,True,2025-04-22
4-2,2025-04-24,2025-04-24 00:00:00,0,2025-04-24 00:10:00,2025-04-25 00:00:00,6053.653590078849,6000.0,0.0,forecast,1.0,31470.836082916238,34522.237890203614,True,2025-04-23
4-2,2025-04-25,2025-04-25 00:00:00,0,2025-04-25 00:10:00,2025-04-26 00:00:00,5948.395978231337,6000.0,1.6514814442166548e-16,forecast,1.0,9570.511976376994,11014.289079152539,True,2025-04-24
4-2,2025-04-26,2025-04-26 00:00:00,0,2025-04-26 00:10:00,2025-04-27 00:00:00,5947.334885803531,6000.0,0.0,forecast,1.0,9595.053258094082,11112.818616268862,True,2025-04-25
4-2,2025-04-27,2025-04-27 00:00:00,0,2025-04-27 00:10:00,2025-04-28 00:00:00,5888.583093884549,6000.0,0.0,forecast,1.0,30311.080964222423,33264.30953286776,True,2025-04-26
4-2,2025-04-28,2025-04-28 00:00:00,0,2025-04-28 00:10:00,2025-04-29 00:00:00,5908.8193823408565,6000.0,0.0,forecast,1.0,30431.81904714222,33427.24753680846,True,2025-04-27
4-2,2025-04-29,2025-04-29 00:00:00,0,2025-04-29 00:10:00,2025-04-30 00:00:00,6031.365131784577,6000.0,0.0,forecast,1.0,30998.438391444997,34091.852836468854,True,2025-04-28
4-2,2025-04-30,2025-04-30 00:00:00,0,2025-04-30 00:10:00,2025-05-01 00:00:00,6098.209549136864,6000.0,0.0,forecast,1.0,31355.335408743158,34406.77026979897,True,2025-04-29
4-2,2025-05-01,2025-05-01 00:00:00,0,2025-05-01 00:10:00,2025-05-02 00:00:00,5936.484808662326,6000.0,0.0,forecast,1.0,29536.84544177644,32452.592422040845,True,2025-04-30
4-2,2025-05-02,2025-05-02 00:00:00,0,2025-05-02 00:10:00,2025-05-03 00:00:00,5015.011535203268,6000.0,0.0,forecast,1.0,9436.136551715977,10957.576675879394,True,2025-05-01
4-2,2025-05-03,2025-05-03 00:00:00,0,2025-05-03 00:10:00,2025-05-04 00:00:00,5450.339252517361,6000.0,1.6399212761741846e-16,forecast,1.0,9598.918646899943,11091.931240683849,True,2025-05-02
4-2,2025-05-04,2025-05-04 00:00:00,0,2025-05-04 00:10:00,2025-05-05 00:00:00,5543.157356771556,6000.0,0.0,forecast,1.0,29926.757152611808,32981.54254506443,True,2025-05-03
4-2,2025-05-05,2025-05-05 00:00:00,0,2025-05-05 00:10:00,2025-05-06 00:00:00,5238.058563938078,6000.0,0.0,forecast,1.0,31107.965429282292,34241.31334670764,True,2025-05-04
4-2,2025-05-06,2025-05-06 00:00:00,0,2025-05-06 00:10:00,2025-05-07 00:00:00,5237.179003409289,6000.0,0.0,forecast,1.0,31611.128338491453,34883.27883995152,True,2025-05-05
4-2,2025-05-07,2025-05-07 00:00:00,0,2025-05-07 00:10:00,2025-05-08 00:00:00,5279.895257083333,6000.0,0.0,forecast,1.0,31494.07576721337,34698.71367143508,True,2025-05-06
4-2,2025-05-08,2025-05-08 00:00:00,0,2025-05-08 00:10:00,2025-05-09 00:00:00,5430.568797730758,6000.0,0.0,forecast,1.0,32825.041855768155,36186.11242360894,True,2025-05-07
4-2,2025-05-09,2025-05-09 00:00:00,0,2025-05-09 00:10:00,2025-05-10 00:00:00,5666.900002380643,6000.0,2.9786446665288483e-16,forecast,1.0,10533.418815994846,12213.53741173571,True,2025-05-08
4-2,2025-05-10,2025-05-10 00:00:00,0,2025-05-10 00:10:00,2025-05-11 00:00:00,6144.170288579283,6000.0,0.0,forecast,1.0,10704.780623642226,12295.331245177227,True,2025-05-09
4-2,2025-05-11,2025-05-11 00:00:00,0,2025-05-11 00:10:00,2025-05-12 00:00:00,5666.880881421442,6000.0,0.0,forecast,1.0,33486.72483166975,36863.62591344552,True,2025-05-10
4-2,2025-05-12,2025-05-12 00:00:00,0,2025-05-12 00:10:00,2025-05-13 00:00:00,5629.434109123987,6000.0,0.0,forecast,1.0,33545.78783484058,36920.60275634066,True,2025-05-11
4-2,2025-05-13,2025-05-13 00:00:00,0,2025-05-13 00:10:00,2025-05-14 00:00:00,5878.383854984808,6000.0,0.0,forecast,1.0,32948.042347270355,36336.7930117458,True,2025-05-12
4-2,2025-05-14,2025-05-14 00:00:00,0,2025-05-14 00:10:00,2025-05-15 00:00:00,5911.7126073509835,6000.0,0.0,forecast,1.0,32961.14884710524,36347.74864633386,True,2025-05-13
4-2,2025-05-15,2025-05-15 00:00:00,0,2025-05-15 00:10:00,2025-05-16 00:00:00,5731.394388350694,6000.0,0.0,forecast,1.0,34225.321431209326,37567.83439766856,True,2025-05-14
4-2,2025-05-16,2025-05-16 00:00:00,0,2025-05-16 00:10:00,2025-05-17 00:00:00,5912.7842254817715,6000.0,0.0,forecast,1.0,11065.49243898894,12680.001001263663,True,2025-05-15
4-2,2025-05-17,2025-05-17 00:00:00,0,2025-05-17 00:10:00,2025-05-18 00:00:00,5669.880867771267,6000.0,0.0,forecast,1.0,11375.948046178592,13007.094332538654,True,2025-05-16
4-2,2025-05-18,2025-05-18 00:00:00,0,2025-05-18 00:10:00,2025-05-19 00:00:00,5844.936390810908,6000.0,0.0,forecast,1.0,34351.02140173076,37668.59113656862,True,2025-05-17
4-2,2025-05-19,2025-05-19 00:00:00,0,2025-05-19 00:10:00,2025-05-20 00:00:00,5867.840147973814,6000.0,0.0,forecast,1.0,33226.26701187928,36476.50675887659,True,2025-05-18
4-2,2025-05-20,2025-05-20 00:00:00,0,2025-05-20 00:10:00,2025-05-21 00:00:00,5887.9144822735825,6000.0,0.0,forecast,1.0,33154.7200477477,36442.28295823528,True,2025-05-19
4-2,2025-05-21,2025-05-21 00:00:00,0,2025-05-21 00:10:00,2025-05-22 00:00:00,5732.745301895979,6000.0,0.0,forecast,1.0,33401.671251449,36738.876112011705,True,2025-05-20
4-2,2025-05-22,2025-05-22 00:00:00,0,2025-05-22 00:10:00,2025-05-23 00:00:00,5708.4805441984945,6000.0,0.0,forecast,1.0,33024.444024525685,36313.74119071974,True,2025-05-21
4-2,2025-05-23,2025-05-23 00:00:00,0,2025-05-23 00:10:00,2025-05-24 00:00:00,6048.743705123698,6000.0,1.4878965586771538e-16,forecast,1.0,10590.802700407326,12225.241015162155,True,2025-05-22
4-2,2025-05-24,2025-05-24 00:00:00,0,2025-05-24 00:10:00,2025-05-25 00:00:00,6003.236950411604,6000.0,1.4345619821199411e-16,forecast,1.0,11070.475267834192,12679.75470016167,True,2025-05-23
4-2,2025-05-25,2025-05-25 00:00:00,0,2025-05-25 00:10:00,2025-05-26 00:00:00,5904.177956728153,6000.0,0.0,forecast,1.0,32712.675593623273,35956.41150706005,True,2025-05-24
4-2,2025-05-26,2025-05-26 00:00:00,0,2025-05-26 00:10:00,2025-05-27 00:00:00,6017.444769928386,6000.0,0.0,forecast,1.0,31736.26573654852,34909.44594424036,True,2025-05-25
4-2,2025-05-27,2025-05-27 00:00:00,0,2025-05-27 00:10:00,2025-05-28 00:00:00,5892.474695256076,6000.0,0.0,forecast,1.0,32212.534630964365,35562.40856525722,True,2025-05-26
4-2,2025-05-28,2025-05-28 00:00:00,0,2025-05-28 00:10:00,2025-05-29 00:00:00,5759.155362433448,6000.0,0.0,forecast,1.0,32087.393575360096,35406.5423034162,True,2025-05-27
4-2,2025-05-29,2025-05-29 00:00:00,0,2025-05-29 00:10:00,2025-05-30 00:00:00,5859.491374257088,6000.0,0.0,forecast,1.0,32044.31651763285,35357.11524798912,True,2025-05-28
4-2,2025-05-30,2025-05-30 00:00:00,0,2025-05-30 00:10:00,2025-05-31 00:00:00,5921.1868903551795,6000.0,1.5208494716052423e-16,forecast,1.0,10326.14856614387,11960.351353023321,True,2025-05-29
4-2,2025-05-31,2025-05-31 00:00:00,0,2025-05-31 00:10:00,2025-06-01 00:00:00,5819.530635236545,6000.0,0.0,forecast,1.0,10478.81738861013,12089.711707910155,True,2025-05-30
4-2,2025-06-01,2025-06-01 00:00:00,0,2025-06-01 00:10:00,2025-06-02 00:00:00,5658.802641574942,6000.0,0.0,forecast,1.0,32563.120382328307,35967.405097123024,True,2025-05-31
4-2,2025-06-02,2025-06-02 00:00:00,0,2025-06-02 00:10:00,2025-06-03 00:00:00,4528.238027878328,6000.0,0.0,forecast,1.0,34600.5959615077,38350.6978099649,True,2025-06-01
4-2,2025-06-03,2025-06-03 00:00:00,0,2025-06-03 00:10:00,2025-06-04 00:00:00,4664.141104776476,6000.0,0.0,forecast,1.0,36550.06919866244,40757.024157155174,True,2025-06-02
4-2,2025-06-04,2025-06-04 00:00:00,0,2025-06-04 00:10:00,2025-06-05 00:00:00,5028.227964636862,6000.0,0.0,forecast,1.0,37741.752178006995,42194.19507000799,True,2025-06-03
4-2,2025-06-05,2025-06-05 00:00:00,0,2025-06-05 00:10:00,2025-06-06 00:00:00,5005.292038434606,6000.0,0.0,forecast,1.0,38047.12763268907,42687.057102633,True,2025-06-04
4-2,2025-06-06,2025-06-06 00:00:00,0,2025-06-06 00:10:00,2025-06-07 00:00:00,4940.342024657841,6000.0,0.0,forecast,1.0,11749.170495446742,13839.61660025589,True,2025-06-05
4-2,2025-06-07,2025-06-07 00:00:00,0,2025-06-07 00:10:00,2025-06-08 00:00:00,5028.846094963831,6000.0,0.0,forecast,1.0,13139.182890434971,15448.155873851027,True,2025-06-06
4-2,2025-06-08,2025-06-08 00:00:00,0,2025-06-08 00:10:00,2025-06-09 00:00:00,5441.889728459923,6000.0,0.0,forecast,1.0,45533.08006720446,51205.39226486126,True,2025-06-07
4-2,2025-06-09,2025-06-09 00:00:00,0,2025-06-09 00:10:00,2025-06-10 00:00:00,5341.964342829138,6000.0,0.0,forecast,1.0,44756.64766899857,50381.407694797366,True,2025-06-08
4-2,2025-06-10,2025-06-10 00:00:00,0,2025-06-10 00:10:00,2025-06-11 00:00:00,5528.116285802227,6000.0,0.0,forecast,1.0,44941.09672755858,50803.66311589614,True,2025-06-09
4-2,2025-06-11,2025-06-11 00:00:00,0,2025-06-11 00:10:00,2025-06-12 00:00:00,5387.506690421007,6000.0,0.0,forecast,1.0,45683.702847251014,51471.48084539274,True,2025-06-10
4-2,2025-06-12,2025-06-12 00:00:00,0,2025-06-12 00:10:00,2025-06-13 00:00:00,5510.584475745082,6000.0,0.0,forecast,1.0,47783.813730118265,53653.28403321728,True,2025-06-11
4-2,2025-06-13,2025-06-13 00:00:00,0,2025-06-13 00:10:00,2025-06-14 00:00:00,5628.8928830280665,6000.0,2.0459951420200606e-16,forecast,1.0,15420.554807097495,17780.974804758567,True,2025-06-12
4-2,2025-06-14,2025-06-14 00:00:00,0,2025-06-14 00:10:00,2025-06-15 00:00:00,5725.893574207176,6000.0,0.0,forecast,1.0,15663.948955956466,18074.653335036826,True,2025-06-13
4-2,2025-06-15,2025-06-15 00:00:00,0,2025-06-15 00:10:00,2025-06-16 00:00:00,5591.090841099536,6000.0,0.0,forecast,1.0,51127.4683788769,57105.46779411401,True,2025-06-14
4-2,2025-06-16,2025-06-16 00:00:00,0,2025-06-16 00:10:00,2025-06-17 00:00:00,5911.025520557726,6000.0,0.0,forecast,1.0,51354.6611411781,57469.0584250066,True,2025-06-15
4-2,2025-06-17,2025-06-17 00:00:00,0,2025-06-17 00:10:00,2025-06-18 00:00:00,6043.945878372396,6000.0,0.0,forecast,1.0,51441.20509449745,57517.223037502845,True,2025-06-16
4-2,2025-06-18,2025-06-18 00:00:00,0,2025-06-18 00:10:00,2025-06-19 00:00:00,5763.052921415654,6000.0,2.4796212351425523e-16,forecast,1.0,52469.68596505893,58686.040521548726,True,2025-06-17
4-2,2025-06-19,2025-06-19 00:00:00,0,2025-06-19 00:10:00,2025-06-20 00:00:00,5942.288859675927,6000.0,0.0,forecast,1.0,52433.629705208004,58311.84711344328,True,2025-06-18
4-2,2025-06-20,2025-06-20 00:00:00,0,2025-06-20 00:10:00,2025-06-21 00:00:00,6024.250893634259,6000.0,0.0,forecast,1.0,17512.727031666924,19963.628000373836,True,2025-06-19
4-2,2025-06-21,2025-06-21 00:00:00,0,2025-06-21 00:10:00,2025-06-22 00:00:00,5884.753087519257,6000.0,0.0,forecast,1.0,17529.232563849706,19993.195300202235,True,2025-06-20
4-2,2025-06-22,2025-06-22 00:00:00,0,2025-06-22 00:10:00,2025-06-23 00:00:00,6230.588366436441,6000.0,0.0,forecast,1.0,49839.3156741793,55604.26763637639,True,2025-06-21
4-2,2025-06-23,2025-06-23 00:00:00,0,2025-06-23 00:10:00,2025-06-24 00:00:00,6009.361939592013,6000.0,0.0,forecast,1.0,49769.303329928705,55479.661883400135,True,2025-06-22
4-2,2025-06-24,2025-06-24 00:00:00,0,2025-06-24 00:10:00,2025-06-25 00:00:00,5833.451180978732,6000.0,0.0,forecast,1.0,49695.05537286197,55231.941743907344,True,2025-06-23
4-2,2025-06-25,2025-06-25 00:00:00,0,2025-06-25 00:10:00,2025-06-26 00:00:00,6026.715183742042,6000.0,0.0,forecast,1.0,50604.08919010771,56325.628150090735,True,2025-06-24
4-2,2025-06-26,2025-06-26 00:00:00,0,2025-06-26 00:10:00,2025-06-27 00:00:00,5944.1908498777475,6000.0,0.0,forecast,1.0,49712.51196670563,55267.85223484698,True,2025-06-25
4-2,2025-06-27,2025-06-27 00:00:00,0,2025-06-27 00:10:00,2025-06-28 00:00:00,5739.529044614438,6000.0,1.9237834738896084e-16,forecast,1.0,16632.350970020092,18910.54194231252,True,2025-06-26
4-2,2025-06-28,2025-06-28 00:00:00,0,2025-06-28 00:10:00,2025-06-29 00:00:00,6046.457921451242,6000.0,0.0,forecast,1.0,16194.100198777865,18457.03445245469,True,2025-06-27
4-2,2025-06-29,2025-06-29 00:00:00,0,2025-06-29 00:10:00,2025-06-30 00:00:00,5929.086404348958,6000.0,0.0,forecast,1.0,48969.08080338486,54376.52536039812,True,2025-06-28
4-2,2025-06-30,2025-06-30 00:00:00,0,2025-06-30 00:10:00,2025-07-01 00:00:00,6047.816921588544,6000.0,0.0,forecast,1.0,48485.28399756647,54034.69713382272,True,2025-06-29
4-2,2025-07-01,2025-07-01 00:00:00,0,2025-07-01 00:10:00,2025-07-02 00:00:00,5510.1348577553545,6000.0,0.0,forecast,1.0,50513.83289182797,55879.403355247516,True,2025-06-30
4-2,2025-07-02,2025-07-02 00:00:00,0,2025-07-02 00:10:00,2025-07-03 00:00:00,4667.020858203848,6000.0,0.0,forecast,1.0,54445.26134594495,60338.04415002423,True,2025-07-01
4-2,2025-07-03,2025-07-03 00:00:00,0,2025-07-03 00:10:00,2025-07-04 00:00:00,4753.150991809172,6000.0,0.0,forecast,1.0,52930.34592472798,58977.87179059393,True,2025-07-02
4-2,2025-07-04,2025-07-04 00:00:00,0,2025-07-04 00:10:00,2025-07-05 00:00:00,5017.316297185328,6000.0,0.0,forecast,1.0,16909.956705041026,19201.293452693102,True,2025-07-03
4-2,2025-07-05,2025-07-05 00:00:00,0,2025-07-05 00:10:00,2025-07-06 00:00:00,4844.457442664931,6000.0,0.0,forecast,1.0,20514.093208394723,23329.819091582824,True,2025-07-04
4-2,2025-07-06,2025-07-06 00:00:00,0,2025-07-06 00:10:00,2025-07-07 00:00:00,5657.450648386864,6000.0,1.3346228580083457e-16,forecast,1.0,48960.11477967017,54516.95638602593,True,2025-07-05
4-2,2025-07-07,2025-07-07 00:00:00,0,2025-07-07 00:10:00,2025-07-08 00:00:00,4134.227894048033,6000.0,0.0,forecast,1.0,51646.22551536422,57884.313980963394,True,2025-07-06
4-2,2025-07-08,2025-07-08 00:00:00,0,2025-07-08 00:10:00,2025-07-09 00:00:00,4808.157956129195,6000.0,0.0,forecast,1.0,57376.96499807053,63753.56402443563,True,2025-07-07
4-2,2025-07-09,2025-07-09 00:00:00,0,2025-07-09 00:10:00,2025-07-10 00:00:00,5897.197251688369,6000.0,1.1464420794327069e-16,forecast,1.0,56984.67815465816,63465.54915171801,True,2025-07-08
4-2,2025-07-10,2025-07-10 00:00:00,0,2025-07-10 00:10:00,2025-07-11 00:00:00,6026.107261248988,6000.0,0.0,forecast,1.0,56646.16551754482,62914.976899607675,True,2025-07-09
4-2,2025-07-11,2025-07-11 00:00:00,0,2025-07-11 00:10:00,2025-07-12 00:00:00,5860.192740797309,6000.0,0.0,forecast,1.0,21565.16628360014,24345.10494168282,True,2025-07-10
4-2,2025-07-12,2025-07-12 00:00:00,0,2025-07-12 00:10:00,2025-07-13 00:00:00,5610.560352973236,6000.0,0.0,forecast,1.0,23139.841039019804,26178.017844987797,True,2025-07-11
4-2,2025-07-13,2025-07-13 00:00:00,0,2025-07-13 00:10:00,2025-07-14 00:00:00,5731.272105246238,6000.0,0.0,forecast,1.0,55023.8263095341,61186.51152628627,True,2025-07-12
4-2,2025-07-14,2025-07-14 00:00:00,0,2025-07-14 00:10:00,2025-07-15 00:00:00,5654.073734191261,6000.0,0.0,forecast,1.0,55111.19094788289,61402.51944411134,True,2025-07-13
4-2,2025-07-15,2025-07-15 00:00:00,0,2025-07-15 00:10:00,2025-07-16 00:00:00,5995.886065413194,6000.0,0.0,forecast,1.0,59276.391455419376,65578.59859870354,True,2025-07-14
4-2,2025-07-16,2025-07-16 00:00:00,0,2025-07-16 00:10:00,2025-07-17 00:00:00,6304.117774014757,6000.0,2.228817974006439e-16,forecast,1.0,58850.49844208474,65289.83253939251,True,2025-07-15
4-2,2025-07-17,2025-07-17 00:00:00,0,2025-07-17 00:10:00,2025-07-18 00:00:00,6118.44052446007,6000.0,0.0,forecast,1.0,58146.720991806185,64502.87360545907,True,2025-07-16
4-2,2025-07-18,2025-07-18 00:00:00,0,2025-07-18 00:10:00,2025-07-19 00:00:00,5949.209045311776,6000.0,0.0,forecast,1.0,25084.590316226087,28161.810553991047,True,2025-07-17
4-2,2025-07-19,2025-07-19 00:00:00,0,2025-07-19 00:10:00,2025-07-20 00:00:00,6009.412069244439,6000.0,0.0,forecast,1.0,24291.480943339207,27381.03841590506,True,2025-07-18
4-2,2025-07-20,2025-07-20 00:00:00,0,2025-07-20 00:10:00,2025-07-21 00:00:00,5837.023450384114,6000.0,0.0,forecast,1.0,57916.34260184159,64324.59278692751,True,2025-07-19
4-2,2025-07-21,2025-07-21 00:00:00,0,2025-07-21 00:10:00,2025-07-22 00:00:00,6032.29172999566,6000.0,2.259639349802439e-16,forecast,1.0,57956.627822283815,64399.28225554724,True,2025-07-20
4-2,2025-07-22,2025-07-22 00:00:00,0,2025-07-22 00:10:00,2025-07-23 00:00:00,6203.526725019531,6000.0,0.0,forecast,1.0,58288.20557688137,64700.84895504497,True,2025-07-21
4-2,2025-07-23,2025-07-23 00:00:00,0,2025-07-23 00:10:00,2025-07-24 00:00:00,6069.594715857972,6000.0,0.0,forecast,1.0,58869.76629395635,65372.4149151999,True,2025-07-22
4-2,2025-07-24,2025-07-24 00:00:00,0,2025-07-24 00:10:00,2025-07-25 00:00:00,6045.508274782262,6000.0,0.0,forecast,1.0,58972.842176363105,65661.26328158962,True,2025-07-23
4-2,2025-07-25,2025-07-25 00:00:00,0,2025-07-25 00:10:00,2025-07-26 00:00:00,6338.885943603877,6000.0,0.0,forecast,1.0,24115.10341911968,27239.033282843204,True,2025-07-24
4-2,2025-07-26,2025-07-26 00:00:00,0,2025-07-26 00:10:00,2025-07-27 00:00:00,6012.716873908421,6000.0,0.0,forecast,1.0,23984.7980137253,27189.205423104162,True,2025-07-25
4-2,2025-07-27,2025-07-27 00:00:00,0,2025-07-27 00:10:00,2025-07-28 00:00:00,5956.687226456162,6000.0,1.1429024777657684e-16,forecast,1.0,57094.464169729734,63662.10377290471,True,2025-07-26
4-2,2025-07-28,2025-07-28 00:00:00,0,2025-07-28 00:10:00,2025-07-29 00:00:00,6150.383772479746,6000.0,1.129272719988925e-16,forecast,1.0,57900.952492797434,64430.47357289198,True,2025-07-27
4-2,2025-07-29,2025-07-29 00:00:00,0,2025-07-29 00:10:00,2025-07-30 00:00:00,6038.614579381509,6000.0,0.0,forecast,1.0,59003.57501993154,65734.60890955244,True,2025-07-28
4-2,2025-07-30,2025-07-30 00:00:00,0,2025-07-30 00:10:00,2025-07-31 00:00:00,6404.335263828847,6000.0,2.1951491845300123e-16,forecast,1.0,59539.86811424109,66291.23583453604,True,2025-07-29
4-2,2025-07-31,2025-07-31 00:00:00,0,2025-07-31 00:10:00,2025-08-01 00:00:00,6198.409206070602,6000.0,1.111620310079167e-16,forecast,1.0,58798.49662697151,65453.622502320504,True,2025-07-30
4-2,2025-08-01,2025-08-01 00:00:00,0,2025-08-01 00:10:00,2025-08-02 00:00:00,6199.711147361111,6000.0,0.0,forecast,1.0,22853.19619115133,25789.841786849494,True,2025-07-31
4-2,2025-08-02,2025-08-02 00:00:00,0,2025-08-02 00:10:00,2025-08-03 00:00:00,5900.548565395688,6000.0,0.0,forecast,1.0,23343.014709829244,26356.000270969234,True,2025-08-01
4-2,2025-08-03,2025-08-03 00:00:00,0,2025-08-03 00:10:00,2025-08-04 00:00:00,6052.863520183738,6000.0,1.1796392145490554e-16,forecast,1.0,55786.0878925575,61679.51628299191,True,2025-08-02
4-2,2025-08-04,2025-08-04 00:00:00,0,2025-08-04 00:10:00,2025-08-05 00:00:00,5716.732472355324,6000.0,0.0,forecast,1.0,54376.814245626454,59865.10004761082,True,2025-08-03
4-2,2025-08-05,2025-08-05 00:00:00,0,2025-08-05 00:10:00,2025-08-06 00:00:00,5909.796840011574,6000.0,0.0,forecast,1.0,53596.55633603583,59008.21321331634,True,2025-08-04
4-2,2025-08-06,2025-08-06 00:00:00,0,2025-08-06 00:10:00,2025-08-07 00:00:00,6147.150703196509,6000.0,0.0,forecast,1.0,52376.416216336926,57501.14446814182,True,2025-08-05
4-2,2025-08-07,2025-08-07 00:00:00,0,2025-08-07 00:10:00,2025-08-08 00:00:00,5880.173958247974,6000.0,0.0,forecast,1.0,52229.54366553997,57326.6578983435,True,2025-08-06
4-2,2025-08-08,2025-08-08 00:00:00,0,2025-08-08 00:10:00,2025-08-09 00:00:00,5894.94199837963,6000.0,0.0,forecast,1.0,22072.091703158625,24805.645281401383,True,2025-08-07
4-2,2025-08-09,2025-08-09 00:00:00,0,2025-08-09 00:10:00,2025-08-10 00:00:00,5974.586900390562,6000.0,0.0,forecast,1.0,21618.108059502996,24285.34507294414,True,2025-08-08
4-2,2025-08-10,2025-08-10 00:00:00,0,2025-08-10 00:10:00,2025-08-11 00:00:00,5914.228114110242,6000.0,0.0,forecast,1.0,50608.54946660345,55357.79923584574,True,2025-08-09
4-2,2025-08-11,2025-08-11 00:00:00,0,2025-08-11 00:10:00,2025-08-12 00:00:00,6033.967749100117,6000.0,0.0,forecast,1.0,50115.25846390506,54659.03452381767,True,2025-08-10
4-2,2025-08-12,2025-08-12 00:00:00,0,2025-08-12 00:10:00,2025-08-13 00:00:00,5991.624673712385,6000.0,0.0,forecast,1.0,50410.178712621884,54976.862808661324,True,2025-08-11
4-2,2025-08-13,2025-08-13 00:00:00,0,2025-08-13 00:10:00,2025-08-14 00:00:00,6041.346625737848,6000.0,0.0,forecast,1.0,51450.40291812586,56053.59614795915,True,2025-08-12
4-2,2025-08-14,2025-08-14 00:00:00,0,2025-08-14 00:10:00,2025-08-15 00:00:00,6049.192622713727,6000.0,1.3325427299506065e-16,forecast,1.0,50056.74960219328,54602.05853551221,True,2025-08-13
4-2,2025-08-15,2025-08-15 00:00:00,0,2025-08-15 00:10:00,2025-08-16 00:00:00,6059.402410489004,6000.0,0.0,forecast,1.0,21308.3421403418,23749.459575854322,True,2025-08-14
4-2,2025-08-16,2025-08-16 00:00:00,0,2025-08-16 00:10:00,2025-08-17 00:00:00,5831.350714905961,6000.0,0.0,forecast,1.0,21320.430681878075,23732.773712117298,True,2025-08-15
4-2,2025-08-17,2025-08-17 00:00:00,0,2025-08-17 00:10:00,2025-08-18 00:00:00,5958.856881833045,6000.0,0.0,forecast,1.0,50124.65762733299,54623.143811877715,True,2025-08-16
4-2,2025-08-18,2025-08-18 00:00:00,0,2025-08-18 00:10:00,2025-08-19 00:00:00,6120.550286004051,6000.0,1.3560387838083128e-16,forecast,1.0,49253.68750543754,53655.9698812563,True,2025-08-17
4-2,2025-08-19,2025-08-19 00:00:00,0,2025-08-19 00:10:00,2025-08-20 00:00:00,6065.338775486111,6000.0,0.0,forecast,1.0,50090.211450159,54622.17436404084,True,2025-08-18
4-2,2025-08-20,2025-08-20 00:00:00,0,2025-08-20 00:10:00,2025-08-21 00:00:00,6006.747166144387,6000.0,0.0,forecast,1.0,49870.408670141,54294.364111603216,True,2025-08-19
4-2,2025-08-21,2025-08-21 00:00:00,0,2025-08-21 00:10:00,2025-08-22 00:00:00,5974.853263881654,6000.0,1.3169345815826047e-16,forecast,1.0,50543.28607929716,55249.19548729339,True,2025-08-20
4-2,2025-08-22,2025-08-22 00:00:00,0,2025-08-22 00:10:00,2025-08-23 00:00:00,6048.315890516492,6000.0,0.0,forecast,1.0,21222.768660397796,23686.4761645723,True,2025-08-21
4-2,2025-08-23,2025-08-23 00:00:00,0,2025-08-23 00:10:00,2025-08-24 00:00:00,5958.41359820819,6000.0,0.0,forecast,1.0,21711.614141262293,24231.65480300971,True,2025-08-22
4-2,2025-08-24,2025-08-24 00:00:00,0,2025-08-24 00:10:00,2025-08-25 00:00:00,5887.998384898726,6000.0,0.0,forecast,1.0,51052.13274428855,55767.553501090515,True,2025-08-23
4-2,2025-08-25,2025-08-25 00:00:00,0,2025-08-25 00:10:00,2025-08-26 00:00:00,5964.196157042825,6000.0,0.0,forecast,1.0,50353.916139786896,55015.25443677468,True,2025-08-24
4-2,2025-08-26,2025-08-26 00:00:00,0,2025-08-26 00:10:00,2025-08-27 00:00:00,6112.0180062361105,6000.0,2.5548196329327764e-16,forecast,1.0,52148.39155011537,56958.679355623026,True,2025-08-25
4-2,2025-08-27,2025-08-27 00:00:00,0,2025-08-27 00:10:00,2025-08-28 00:00:00,6058.386977731096,6000.0,1.2934104427626028e-16,forecast,1.0,51621.36780485066,56254.05032792735,True,2025-08-26
4-2,2025-08-28,2025-08-28 00:00:00,0,2025-08-28 00:10:00,2025-08-29 00:00:00,6112.660786215277,6000.0,1.2944848568676807e-16,forecast,1.0,51470.36502919969,56207.35982798103,True,2025-08-27
4-2,2025-08-29,2025-08-29 00:00:00,0,2025-08-29 00:10:00,2025-08-30 00:00:00,5915.083936840857,6000.0,0.0,forecast,1.0,22380.871144234952,24925.595448762775,True,2025-08-28
4-2,2025-08-30,2025-08-30 00:00:00,0,2025-08-30 00:10:00,2025-08-31 00:00:00,6142.798124793693,6000.0,0.0,forecast,1.0,21715.309689608697,24223.402526744096,True,2025-08-29
4-2,2025-08-31,2025-08-31 00:00:00,0,2025-08-31 00:10:00,2025-09-01 00:00:00,5785.627976447483,6000.0,1.2881461548959496e-16,forecast,1.0,51722.77940390469,56483.94467141148,True,2025-08-30
4-2,2025-09-01,2025-09-01 00:00:00,0,2025-09-01 00:10:00,2025-09-02 00:00:00,6393.373103828126,6000.0,0.0,forecast,1.0,50915.03092689182,55668.31095270328,True,2025-08-31
4-2,2025-09-02,2025-09-02 00:00:00,0,2025-09-02 00:10:00,2025-09-03 00:00:00,9226.522252058883,6000.0,0.0,forecast,1.0,45664.49711926563,50050.26192791223,True,2025-09-01
4-2,2025-09-03,2025-09-03 00:00:00,0,2025-09-03 00:10:00,2025-09-04 00:00:00,8495.77431718938,6000.0,0.0,forecast,1.0,45216.964401023906,49733.48090218589,True,2025-09-02
4-2,2025-09-04,2025-09-04 00:00:00,0,2025-09-04 00:10:00,2025-09-05 00:00:00,7907.285846499906,6000.0,0.0,forecast,1.0,44960.512040595495,49678.69469305256,True,2025-09-03
4-2,2025-09-05,2025-09-05 00:00:00,0,2025-09-05 00:10:00,2025-09-06 00:00:00,8117.826357436066,6000.0,0.0,forecast,1.0,19804.965201652118,22398.358243305076,True,2025-09-04
4-2,2025-09-06,2025-09-06 00:00:00,0,2025-09-06 00:10:00,2025-09-07 00:00:00,8677.301092450312,6000.0,0.0,forecast,1.0,19432.353500107023,22085.713892467964,True,2025-09-05
4-2,2025-09-07,2025-09-07 00:00:00,0,2025-09-07 00:10:00,2025-09-08 00:00:00,9131.853895238251,6000.0,0.0,forecast,1.0,42141.0213803908,47017.44101073558,True,2025-09-06
4-2,2025-09-08,2025-09-08 00:00:00,0,2025-09-08 00:10:00,2025-09-09 00:00:00,7592.002611176144,6000.0,0.0,forecast,1.0,38089.25920271786,42810.86445855626,True,2025-09-07
4-2,2025-09-09,2025-09-09 00:00:00,0,2025-09-09 00:10:00,2025-09-10 00:00:00,6134.427277063657,6000.0,0.0,forecast,1.0,39680.81948486923,44711.479336569544,True,2025-09-08
4-2,2025-09-10,2025-09-10 00:00:00,0,2025-09-10 00:10:00,2025-09-11 00:00:00,6416.677845976127,6000.0,0.0,forecast,1.0,39609.47562675453,44431.71535578887,True,2025-09-09
4-2,2025-09-11,2025-09-11 00:00:00,0,2025-09-11 00:10:00,2025-09-12 00:00:00,6156.87113827252,6000.0,3.2256118078227026e-16,forecast,1.0,40049.28123642557,45113.65934696722,True,2025-09-10
4-2,2025-09-12,2025-09-12 00:00:00,0,2025-09-12 00:10:00,2025-09-13 00:00:00,6540.452374705715,6000.0,0.0,forecast,1.0,16130.65403435487,18771.227507872463,True,2025-09-11
4-2,2025-09-13,2025-09-13 00:00:00,0,2025-09-13 00:10:00,2025-09-14 00:00:00,7757.511371328327,6000.0,0.0,forecast,1.0,14717.739893496348,17171.612024760514,True,2025-09-12
4-2,2025-09-14,2025-09-14 00:00:00,0,2025-09-14 00:10:00,2025-09-15 00:00:00,6720.452086504205,6000.0,0.0,forecast,1.0,38005.54477330153,42711.79134554631,True,2025-09-13
4-2,2025-09-15,2025-09-15 00:00:00,0,2025-09-15 00:10:00,2025-09-16 00:00:00,6052.526761249999,6000.0,0.0,forecast,1.0,36941.713289856416,41915.06166823319,True,2025-09-14
4-2,2025-09-16,2025-09-16 00:00:00,0,2025-09-16 00:10:00,2025-09-17 00:00:00,6189.285042250206,6000.0,0.0,forecast,1.0,36528.64106149612,41434.00832116144,True,2025-09-15
4-2,2025-09-17,2025-09-17 00:00:00,0,2025-09-17 00:10:00,2025-09-18 00:00:00,5829.925718223379,6000.0,0.0,forecast,1.0,37925.20602150114,43046.37103088318,True,2025-09-16
4-2,2025-09-18,2025-09-18 00:00:00,0,2025-09-18 00:10:00,2025-09-19 00:00:00,5887.697785411169,6000.0,0.0,forecast,1.0,37130.94515259792,42250.40290789564,True,2025-09-17
4-2,2025-09-19,2025-09-19 00:00:00,0,2025-09-19 00:10:00,2025-09-20 00:00:00,6072.654883870804,6000.0,0.0,forecast,1.0,13311.100119707506,15836.984322930122,True,2025-09-18
4-2,2025-09-20,2025-09-20 00:00:00,0,2025-09-20 00:10:00,2025-09-21 00:00:00,6078.975636844039,6000.0,0.0,forecast,1.0,12944.017826169247,15428.72748725292,True,2025-09-19
4-2,2025-09-21,2025-09-21 00:00:00,0,2025-09-21 00:10:00,2025-09-22 00:00:00,6323.103592709057,6000.0,0.0,forecast,1.0,38056.169528719256,43298.83719197923,True,2025-09-20
4-2,2025-09-22,2025-09-22 00:00:00,0,2025-09-22 00:10:00,2025-09-23 00:00:00,6086.002614440104,6000.0,0.0,forecast,1.0,38424.02099299837,43766.933106262135,True,2025-09-21
4-2,2025-09-23,2025-09-23 00:00:00,0,2025-09-23 00:10:00,2025-09-24 00:00:00,5865.6886833658855,6000.0,0.0,forecast,1.0,39372.2842733162,45000.060238243954,True,2025-09-22
4-2,2025-09-24,2025-09-24 00:00:00,0,2025-09-24 00:10:00,2025-09-25 00:00:00,6192.715480638021,6000.0,0.0,forecast,1.0,39468.37120047213,44955.5714332295,True,2025-09-23
4-2,2025-09-25,2025-09-25 00:00:00,0,2025-09-25 00:10:00,2025-09-26 00:00:00,6257.331824869128,6000.0,0.0,forecast,1.0,38801.72311808964,44176.160462696476,True,2025-09-24
4-2,2025-09-26,2025-09-26 00:00:00,0,2025-09-26 00:10:00,2025-09-27 00:00:00,5850.482911754485,6000.0,0.0,forecast,1.0,13816.843967682033,16444.18963027346,True,2025-09-25
4-2,2025-09-27,2025-09-27 00:00:00,0,2025-09-27 00:10:00,2025-09-28 00:00:00,6649.111231025486,6000.0,1.1715775200491324e-16,forecast,1.0,13039.510577153063,15525.984174479323,True,2025-09-26
4-2,2025-09-28,2025-09-28 00:00:00,0,2025-09-28 00:10:00,2025-09-29 00:00:00,5887.962785455728,6000.0,0.0,forecast,1.0,40584.375920107675,46226.43418355639,True,2025-09-27
4-2,2025-09-29,2025-09-29 00:00:00,0,2025-09-29 00:10:00,2025-09-30 00:00:00,6046.710784033566,6000.0,0.0,forecast,1.0,40841.38936197547,46256.80363368222,True,2025-09-28
4-2,2025-09-30,2025-09-30 00:00:00,0,2025-09-30 00:10:00,2025-10-01 00:00:00,5938.019948642216,6000.0,0.0,forecast,1.0,41659.92026469816,47238.4248723019,True,2025-09-29
4-2,2025-10-01,2025-10-01 00:00:00,0,2025-10-01 00:10:00,2025-10-02 00:00:00,6216.082623875867,6000.0,0.0,forecast,1.0,42418.70586952412,47694.172687727536,True,2025-09-30
4-2,2025-10-02,2025-10-02 00:00:00,0,2025-10-02 00:10:00,2025-10-03 00:00:00,8816.362420527636,6000.0,0.0,forecast,1.0,39487.109715165585,44302.906478473145,True,2025-10-01
4-2,2025-10-03,2025-10-03 00:00:00,0,2025-10-03 00:10:00,2025-10-04 00:00:00,8896.083112548758,6000.0,0.0,forecast,1.0,12445.922302229763,14560.094320446795,True,2025-10-02
4-2,2025-10-04,2025-10-04 00:00:00,0,2025-10-04 00:10:00,2025-10-05 00:00:00,7945.372461808466,6000.0,1.219979906523829e-16,forecast,1.0,12851.95739093181,14909.994777937169,True,2025-10-03
4-2,2025-10-05,2025-10-05 00:00:00,0,2025-10-05 00:10:00,2025-10-06 00:00:00,7496.984391431343,6000.0,0.0,forecast,1.0,39063.861767877876,43402.7276530385,True,2025-10-04
4-2,2025-10-06,2025-10-06 00:00:00,0,2025-10-06 00:10:00,2025-10-07 00:00:00,7855.540740093784,6000.0,0.0,forecast,1.0,39369.03748914832,43485.182081161685,True,2025-10-05
4-2,2025-10-07,2025-10-07 00:00:00,0,2025-10-07 00:10:00,2025-10-08 00:00:00,6583.2664495141735,6000.0,0.0,forecast,1.0,39396.59155589113,43596.063223118836,True,2025-10-06
4-2,2025-10-08,2025-10-08 00:00:00,0,2025-10-08 00:10:00,2025-10-09 00:00:00,7329.600057529705,6000.0,0.0,forecast,1.0,36532.143286029095,40559.13251451903,True,2025-10-07
4-2,2025-10-09,2025-10-09 00:00:00,0,2025-10-09 00:10:00,2025-10-10 00:00:00,6427.789197139714,6000.0,0.0,forecast,1.0,35920.743505034996,39834.86792747115,True,2025-10-08
4-2,2025-10-10,2025-10-10 00:00:00,0,2025-10-10 00:10:00,2025-10-11 00:00:00,6062.498223507668,6000.0,0.0,forecast,1.0,11733.438996420318,13598.822250352508,True,2025-10-09
4-2,2025-10-11,2025-10-11 00:00:00,0,2025-10-11 00:10:00,2025-10-12 00:00:00,5918.950331881657,6000.0,0.0,forecast,1.0,12426.323923924596,14285.741026008032,True,2025-10-10
4-2,2025-10-12,2025-10-12 00:00:00,0,2025-10-12 00:10:00,2025-10-13 00:00:00,6029.284008552517,6000.0,0.0,forecast,1.0,36615.97446240859,40331.23419609475,True,2025-10-11
4-2,2025-10-13,2025-10-13 00:00:00,0,2025-10-13 00:10:00,2025-10-14 00:00:00,5846.219401435185,6000.0,0.0,forecast,1.0,37793.339652597075,41652.78756261723,True,2025-10-12
4-2,2025-10-14,2025-10-14 00:00:00,0,2025-10-14 00:10:00,2025-10-15 00:00:00,6175.666307844331,6000.0,0.0,forecast,1.0,37075.05730855713,40920.19217294472,True,2025-10-13
4-2,2025-10-15,2025-10-15 00:00:00,0,2025-10-15 00:10:00,2025-10-16 00:00:00,5958.83945513527,6000.0,0.0,forecast,1.0,36328.42892879041,40137.43107393466,True,2025-10-14
4-2,2025-10-16,2025-10-16 00:00:00,0,2025-10-16 00:10:00,2025-10-17 00:00:00,6035.701113376012,6000.0,0.0,forecast,1.0,36606.04096967042,40539.29282893521,True,2025-10-15
4-2,2025-10-17,2025-10-17 00:00:00,0,2025-10-17 00:10:00,2025-10-18 00:00:00,6030.830709665798,6000.0,0.0,forecast,1.0,11819.038366860177,13691.52602714482,True,2025-10-16
4-2,2025-10-18,2025-10-18 00:00:00,0,2025-10-18 00:10:00,2025-10-19 00:00:00,5792.291055720487,6000.0,0.0,forecast,1.0,12431.26184816684,14336.195693745713,True,2025-10-17
4-2,2025-10-19,2025-10-19 00:00:00,0,2025-10-19 00:10:00,2025-10-20 00:00:00,5916.522592445024,6000.0,0.0,forecast,1.0,37290.81643784344,41345.61587449607,True,2025-10-18
4-2,2025-10-20,2025-10-20 00:00:00,0,2025-10-20 00:10:00,2025-10-21 00:00:00,5995.120541082901,6000.0,0.0,forecast,1.0,39042.930975586314,43267.620721805826,True,2025-10-19
4-2,2025-10-21,2025-10-21 00:00:00,0,2025-10-21 00:10:00,2025-10-22 00:00:00,5867.635954746094,6000.0,0.0,forecast,1.0,39516.523339180116,43707.77054319203,True,2025-10-20
4-2,2025-10-22,2025-10-22 00:00:00,0,2025-10-22 00:10:00,2025-10-23 00:00:00,5917.98413235677,6000.0,0.0,forecast,1.0,40105.23337934694,44434.295019550096,True,2025-10-21
4-2,2025-10-23,2025-10-23 00:00:00,0,2025-10-23 00:10:00,2025-10-24 00:00:00,5941.050224290365,6000.0,0.0,forecast,1.0,40573.294633131634,44957.949507190344,True,2025-10-22
4-2,2025-10-24,2025-10-24 00:00:00,0,2025-10-24 00:10:00,2025-10-25 00:00:00,5841.989863209636,6000.0,0.0,forecast,1.0,12534.86010252011,14402.273397543968,True,2025-10-23
4-2,2025-10-25,2025-10-25 00:00:00,0,2025-10-25 00:10:00,2025-10-26 00:00:00,5861.563729380787,6000.0,0.0,forecast,1.0,12809.14923357092,14751.902069090085,True,2025-10-24
4-2,2025-10-26,2025-10-26 00:00:00,0,2025-10-26 00:10:00,2025-10-27 00:00:00,5918.533196951678,6000.0,0.0,forecast,1.0,40468.38653281974,44823.40718487711,True,2025-10-25
4-2,2025-10-27,2025-10-27 00:00:00,0,2025-10-27 00:10:00,2025-10-28 00:00:00,6006.62562473452,6000.0,0.0,forecast,1.0,41018.45286946058,45384.983747094186,True,2025-10-26
4-2,2025-10-28,2025-10-28 00:00:00,0,2025-10-28 00:10:00,2025-10-29 00:00:00,5860.440366234085,6000.0,0.0,forecast,1.0,41478.78431466785,45725.16748118476,True,2025-10-27
4-2,2025-10-29,2025-10-29 00:00:00,0,2025-10-29 00:10:00,2025-10-30 00:00:00,6007.25013389974,6000.0,0.0,forecast,1.0,41576.29300320662,45927.171520530195,True,2025-10-28
4-2,2025-10-30,2025-10-30 00:00:00,0,2025-10-30 00:10:00,2025-10-31 00:00:00,5923.784154452402,6000.0,0.0,forecast,1.0,42202.71587663926,46584.29627001214,True,2025-10-29
4-2,2025-10-31,2025-10-31 00:00:00,0,2025-10-31 00:10:00,2025-11-01 00:00:00,5892.687469137009,6000.0,2.4188857582728684e-16,forecast,1.0,13177.038015917338,15039.89510314576,True,2025-10-30
4-2,2025-11-01,2025-11-01 00:00:00,0,2025-11-01 00:10:00,2025-11-02 00:00:00,5928.160510697338,6000.0,0.0,forecast,1.0,13308.02776902146,15149.493845087703,True,2025-10-31
4-2,2025-11-02,2025-11-02 00:00:00,0,2025-11-02 00:10:00,2025-11-03 00:00:00,5913.936807868201,6000.0,0.0,forecast,1.0,44648.08465786252,48995.703221377036,True,2025-11-01
4-2,2025-11-03,2025-11-03 00:00:00,0,2025-11-03 00:10:00,2025-11-04 00:00:00,5908.732119782985,6000.0,0.0,forecast,1.0,45461.15123280973,49858.899657662834,True,2025-11-02
4-2,2025-11-04,2025-11-04 00:00:00,0,2025-11-04 00:10:00,2025-11-05 00:00:00,5929.95940754919,6000.0,0.0,forecast,1.0,46426.80984710928,50828.28788911678,True,2025-11-03
4-2,2025-11-05,2025-11-05 00:00:00,0,2025-11-05 00:10:00,2025-11-06 00:00:00,5929.41592352879,6000.0,0.0,forecast,1.0,46664.62267780228,50932.88337174063,True,2025-11-04
4-2,2025-11-06,2025-11-06 00:00:00,0,2025-11-06 00:10:00,2025-11-07 00:00:00,5922.724992803096,6000.0,0.0,forecast,1.0,46424.5697022403,50820.000047883295,True,2025-11-05
4-2,2025-11-07,2025-11-07 00:00:00,0,2025-11-07 00:10:00,2025-11-08 00:00:00,5815.267328441118,6000.0,0.0,forecast,1.0,13902.814477568509,15765.65647330263,True,2025-11-06
4-2,2025-11-08,2025-11-08 00:00:00,0,2025-11-08 00:10:00,2025-11-09 00:00:00,5984.362824447482,6000.0,0.0,forecast,1.0,13708.144285312566,15532.699931923897,True,2025-11-07
4-2,2025-11-09,2025-11-09 00:00:00,0,2025-11-09 00:10:00,2025-11-10 00:00:00,5929.830355112847,6000.0,0.0,forecast,1.0,47264.79000327698,51644.03388003542,True,2025-11-08
4-2,2025-11-10,2025-11-10 00:00:00,0,2025-11-10 00:10:00,2025-11-11 00:00:00,5891.386263699364,6000.0,0.0,forecast,1.0,48037.40033371899,52473.56441777168,True,2025-11-09
4-2,2025-11-11,2025-11-11 00:00:00,0,2025-11-11 00:10:00,2025-11-12 00:00:00,5996.249171826534,6000.0,0.0,forecast,1.0,49419.91118325578,53940.531404164074,True,2025-11-10
4-2,2025-11-12,2025-11-12 00:00:00,0,2025-11-12 00:10:00,2025-11-13 00:00:00,5836.781319661459,6000.0,0.0,forecast,1.0,49875.50112692431,54297.38160942549,True,2025-11-11
4-2,2025-11-13,2025-11-13 00:00:00,0,2025-11-13 00:10:00,2025-11-14 00:00:00,5991.151254780816,6000.0,0.0,forecast,1.0,49931.69634005858,54393.39134030195,True,2025-11-12
4-2,2025-11-14,2025-11-14 00:00:00,0,2025-11-14 00:10:00,2025-11-15 00:00:00,5924.915059573206,6000.0,0.0,forecast,1.0,14043.7987221203,15905.310154011355,True,2025-11-13
4-2,2025-11-15,2025-11-15 00:00:00,0,2025-11-15 00:10:00,2025-11-16 00:00:00,6047.9191560821755,6000.0,0.0,forecast,1.0,14041.974148142504,15894.680666748915,True,2025-11-14
4-2,2025-11-16,2025-11-16 00:00:00,0,2025-11-16 00:10:00,2025-11-17 00:00:00,5921.046283299334,6000.0,0.0,forecast,1.0,50605.68310321254,55121.31144435153,True,2025-11-15
4-2,2025-11-17,2025-11-17 00:00:00,0,2025-11-17 00:10:00,2025-11-18 00:00:00,5776.294601720921,6000.0,0.0,forecast,1.0,52004.99697153343,56567.55523017091,True,2025-11-16
4-2,2025-11-18,2025-11-18 00:00:00,0,2025-11-18 00:10:00,2025-11-19 00:00:00,5925.93014815683,6000.0,0.0,forecast,1.0,51419.14960997897,55997.011978601906,True,2025-11-17
4-2,2025-11-19,2025-11-19 00:00:00,0,2025-11-19 00:10:00,2025-11-20 00:00:00,5967.828670032553,6000.0,0.0,forecast,1.0,52096.99719542079,56699.43846085483,True,2025-11-18
4-2,2025-11-20,2025-11-20 00:00:00,0,2025-11-20 00:10:00,2025-11-21 00:00:00,5900.62055423177,6000.0,0.0,forecast,1.0,52957.02987060818,57589.84984520351,True,2025-11-19
4-2,2025-11-21,2025-11-21 00:00:00,0,2025-11-21 00:10:00,2025-11-22 00:00:00,5901.348664226707,6000.0,1.1194827291574039e-16,forecast,1.0,14350.282932947168,16248.481161607087,True,2025-11-20
4-2,2025-11-22,2025-11-22 00:00:00,0,2025-11-22 00:10:00,2025-11-23 00:00:00,5970.255783498987,6000.0,0.0,forecast,1.0,14680.285276678016,16610.426499070665,True,2025-11-21
4-2,2025-11-23,2025-11-23 00:00:00,0,2025-11-23 00:10:00,2025-11-24 00:00:00,5832.796539409723,6000.0,0.0,forecast,1.0,52923.814253189244,57570.55799761611,True,2025-11-22
4-2,2025-11-24,2025-11-24 00:00:00,0,2025-11-24 00:10:00,2025-11-25 00:00:00,5901.610300415944,6000.0,0.0,forecast,1.0,53476.23034458876,58173.39763104096,True,2025-11-23
4-2,2025-11-25,2025-11-25 00:00:00,0,2025-11-25 00:10:00,2025-11-26 00:00:00,5739.156035288627,6000.0,0.0,forecast,1.0,53536.38052303867,58198.20236232795,True,2025-11-24
4-2,2025-11-26,2025-11-26 00:00:00,0,2025-11-26 00:10:00,2025-11-27 00:00:00,5910.321385230758,6000.0,0.0,forecast,1.0,54215.69269301325,58865.27906816169,True,2025-11-25
4-2,2025-11-27,2025-11-27 00:00:00,0,2025-11-27 00:10:00,2025-11-28 00:00:00,5882.611509351065,6000.0,0.0,forecast,1.0,54359.73275401893,59203.00257723811,True,2025-11-26
4-2,2025-11-28,2025-11-28 00:00:00,0,2025-11-28 00:10:00,2025-11-29 00:00:00,5984.337962438513,6000.0,0.0,forecast,1.0,14760.77045058333,16762.954468603108,True,2025-11-27
4-2,2025-11-29,2025-11-29 00:00:00,0,2025-11-29 00:10:00,2025-11-30 00:00:00,6084.822801442419,6000.0,0.0,forecast,1.0,15093.832032269158,17125.38822221601,True,2025-11-28
4-2,2025-11-30,2025-11-30 00:00:00,0,2025-11-30 00:10:00,2025-12-01 00:00:00,5752.082442820458,6000.0,0.0,forecast,1.0,55220.980814050825,60173.883566857694,True,2025-11-29
4-2,2025-12-01,2025-12-01 00:00:00,0,2025-12-01 00:10:00,2025-12-02 00:00:00,5805.551172650462,6000.0,1.1722091510076428e-16,forecast,1.0,56944.25726253199,62070.47273030533,True,2025-11-30
4-2,2025-12-02,2025-12-02 00:00:00,0,2025-12-02 00:10:00,2025-12-03 00:00:00,5765.247979696904,6000.0,0.0,forecast,1.0,60188.07252170451,65602.95470137452,True,2025-12-01
4-2,2025-12-03,2025-12-03 00:00:00,0,2025-12-03 00:10:00,2025-12-04 00:00:00,5849.666802362557,6000.0,0.0,forecast,1.0,62278.349917833824,67923.89861511739,True,2025-12-02
4-2,2025-12-04,2025-12-04 00:00:00,0,2025-12-04 00:10:00,2025-12-05 00:00:00,5794.594098834635,6000.0,0.0,forecast,1.0,61967.55750970832,67652.62207760141,True,2025-12-03
4-2,2025-12-05,2025-12-05 00:00:00,0,2025-12-05 00:10:00,2025-12-06 00:00:00,5749.113188226273,6000.0,0.0,forecast,1.0,16322.25740894573,18619.64623378627,True,2025-12-04
4-2,2025-12-06,2025-12-06 00:00:00,0,2025-12-06 00:10:00,2025-12-07 00:00:00,5786.719855784867,6000.0,0.0,forecast,1.0,18138.83600143541,20723.362854169212,True,2025-12-05
4-2,2025-12-07,2025-12-07 00:00:00,0,2025-12-07 00:10:00,2025-12-08 00:00:00,5836.604463121384,6000.0,0.0,forecast,1.0,63815.59597026369,69624.20909066469,True,2025-12-06
4-2,2025-12-08,2025-12-08 00:00:00,0,2025-12-08 00:10:00,2025-12-09 00:00:00,5756.67417623698,6000.0,0.0,forecast,1.0,66636.98126632863,72588.42688914409,True,2025-12-07
4-2,2025-12-09,2025-12-09 00:00:00,0,2025-12-09 00:10:00,2025-12-10 00:00:00,6000.9881119053825,6000.0,0.0,forecast,1.0,67259.35651941007,73204.94900307932,True,2025-12-08
4-2,2025-12-10,2025-12-10 00:00:00,0,2025-12-10 00:10:00,2025-12-11 00:00:00,5975.579760653791,6000.0,0.0,forecast,1.0,67479.06832356831,73379.07122604511,True,2025-12-09
4-2,2025-12-11,2025-12-11 00:00:00,0,2025-12-11 00:10:00,2025-12-12 00:00:00,5793.914752950377,6000.0,0.0,forecast,1.0,67821.13848732138,73746.97950653899,True,2025-12-10
4-2,2025-12-12,2025-12-12 00:00:00,0,2025-12-12 00:10:00,2025-12-13 00:00:00,5882.7736488382525,6000.0,0.0,forecast,1.0,18775.62959958622,21359.22532098183,True,2025-12-11
4-2,2025-12-13,2025-12-13 00:00:00,0,2025-12-13 00:10:00,2025-12-14 00:00:00,6042.395542973234,6000.0,0.0,forecast,1.0,19948.05315330589,22735.062012524642,True,2025-12-12
4-2,2025-12-14,2025-12-14 00:00:00,0,2025-12-14 00:10:00,2025-12-15 00:00:00,5968.947419327979,6000.0,0.0,forecast,1.0,68204.63243490568,74266.23120906706,True,2025-12-13
4-2,2025-12-15,2025-12-15 00:00:00,0,2025-12-15 00:10:00,2025-12-16 00:00:00,5945.698826061921,6000.0,0.0,forecast,1.0,70338.5293713475,76358.8969942691,True,2025-12-14
4-2,2025-12-16,2025-12-16 00:00:00,0,2025-12-16 00:10:00,2025-12-17 00:00:00,5939.653161646413,6000.0,0.0,forecast,1.0,70751.8689731138,76758.37663066848,True,2025-12-15
4-2,2025-12-17,2025-12-17 00:00:00,0,2025-12-17 00:10:00,2025-12-18 00:00:00,5877.465847212095,6000.0,0.0,forecast,1.0,71404.8263587853,77357.80029098707,True,2025-12-16
4-2,2025-12-18,2025-12-18 00:00:00,0,2025-12-18 00:10:00,2025-12-19 00:00:00,5982.569013125723,6000.0,0.0,forecast,1.0,69839.71764462942,75829.0247380742,True,2025-12-17
4-2,2025-12-19,2025-12-19 00:00:00,0,2025-12-19 00:10:00,2025-12-20 00:00:00,5910.027302368344,6000.0,0.0,forecast,1.0,20645.38736608209,23446.403316664073,True,2025-12-18
4-2,2025-12-20,2025-12-20 00:00:00,0,2025-12-20 00:10:00,2025-12-21 00:00:00,5888.541339955584,6000.0,0.0,forecast,1.0,21309.290193740184,24136.131993556068,True,2025-12-19
4-2,2025-12-21,2025-12-21 00:00:00,0,2025-12-21 00:10:00,2025-12-22 00:00:00,5905.007821534289,6000.0,0.0,forecast,1.0,70749.65498071109,76782.16420827898,True,2025-12-20
4-2,2025-12-22,2025-12-22 00:00:00,0,2025-12-22 00:10:00,2025-12-23 00:00:00,5988.379347076821,6000.0,0.0,forecast,1.0,70450.01268652431,76503.83068804882,True,2025-12-21
4-2,2025-12-23,2025-12-23 00:00:00,0,2025-12-23 00:10:00,2025-12-24 00:00:00,5928.90175510489,6000.0,0.0,forecast,1.0,70199.4012029584,76209.1455352869,True,2025-12-22
4-2,2025-12-24,2025-12-24 00:00:00,0,2025-12-24 00:10:00,2025-12-25 00:00:00,5884.650724939237,6000.0,0.0,forecast,1.0,70321.68818600671,76290.96469749218,True,2025-12-23
4-2,2025-12-25,2025-12-25 00:00:00,0,2025-12-25 00:10:00,2025-12-26 00:00:00,5980.025426451246,6000.0,0.0,forecast,1.0,69231.11789630563,75266.82636833511,True,2025-12-24
4-2,2025-12-26,2025-12-26 00:00:00,0,2025-12-26 00:10:00,2025-12-27 00:00:00,6027.094380466001,6000.0,0.0,forecast,1.0,20436.23396261619,23199.178761824922,True,2025-12-25
4-2,2025-12-27,2025-12-27 00:00:00,0,2025-12-27 00:10:00,2025-12-28 00:00:00,5988.431469235822,6000.0,0.0,forecast,1.0,21046.906741311148,23874.403293272364,True,2025-12-26
4-2,2025-12-28,2025-12-28 00:00:00,0,2025-12-28 00:10:00,2025-12-29 00:00:00,6018.793833987991,6000.0,0.0,forecast,1.0,70368.31470634241,76402.3727675514,True,2025-12-27
4-2,2025-12-29,2025-12-29 00:00:00,0,2025-12-29 00:10:00,2025-12-30 00:00:00,6060.938594663628,6000.0,0.0,forecast,1.0,69834.7925490234,75861.22446463862,True,2025-12-28
4-2,2025-12-30,2025-12-30 00:00:00,0,2025-12-30 00:10:00,2025-12-31 00:00:00,5901.15170368128,6000.0,0.0,forecast,1.0,69201.53172795556,75297.46794512267,True,2025-12-29
4-2,2025-12-31,2025-12-31 00:00:00,0,2025-12-31 00:10:00,2026-01-01 00:00:00,5980.2695870391,6000.0,0.0,forecast,1.0,68716.33852436504,74748.68091204329,True,2025-12-30
