date,plan_kwh,adjusted_purchase_kwh,adjustment_up_kwh,adjustment_down_kwh,charge_kwh,discharge_kwh,emergency_kwh,spill_kwh,plan_cost_yuan,adjustment_cost_yuan,emergency_cost_yuan,total_cost_yuan
2025-02-01,50962.0585217658,50962.0585217658,0.0,0.0,18938.359824552306,15365.412203858506,0.0,13010.934967738673,22069.44081735206,0.0,0.0,22069.44081735206
2025-02-02,95973.1126673364,95990.09571909856,16.983051762152968,0.0,19986.031248885567,16277.024818919268,0.0,13924.811339132268,68366.71497045294,26.758223576377933,0.0,68393.47319402933
2025-02-03,96759.36553542974,96759.36553542974,0.0,0.0,20833.18142214007,17198.98490159722,0.0,12908.25251488689,70053.45586236812,0.0,0.0,70053.45586236812
2025-02-04,99455.14167735302,99455.14167735302,0.0,0.0,22314.106878576706,18078.59891892361,0.0,14024.769767699925,72369.35182904846,0.0,0.0,72369.35182904846
2025-02-05,93571.66335881173,93816.82431241416,245.16095360243273,0.0,22845.967731311834,18457.30496675347,0.0,8679.734564522461,67041.70130913834,371.47961957220787,0.0,67413.18092871054
2025-02-06,98648.8265056938,98648.8265056938,0.0,0.0,21348.72379452825,17400.03163742622,0.0,14429.077131925096,71507.88854285225,0.0,0.0,71507.88854285225
2025-02-07,50497.10921120916,50497.10921120916,0.0,0.0,20072.37013087952,16210.762215347224,0.0,14829.8216290102,21255.787670802718,0.0,0.0,21255.787670802718
2025-02-08,41015.90721247668,41225.52755580134,209.62034332465387,0.0,19513.861774529214,15694.310455555556,0.0,5828.813520161016,16962.699418094682,216.00775460434753,0.0,17178.70717269903
2025-02-09,94244.4488810347,94245.81931754755,1.3704365128464815,0.0,19753.989398632384,16388.064939275173,0.0,11324.478891523671,67500.34284635843,2.2762265260123633,0.0,67502.61907288444
2025-02-10,88778.79484073119,88779.24779795342,0.452957222222949,0.0,20290.588167030815,16590.627762165797,0.0,10752.649809755067,60745.16942601738,0.7025366516677939,0.0,60745.87196266905
2025-02-11,89384.39417451399,89384.56746173622,0.17328722222282522,0.0,21903.192121417713,17714.583105286456,0.0,9975.36131227163,61763.69847404644,0.27679539258430064,0.0,61763.975269439026
2025-02-12,89573.59213647364,89573.59213647364,0.0,0.0,21114.7634263054,17112.044595551215,0.0,10304.137172386136,61581.712028434726,0.0,0.0,61581.712028434726
2025-02-13,84258.43208423129,84343.76642472585,85.33434049457304,0.0,20098.589090807396,16345.033719943576,0.0,9260.732037195374,56395.92944839984,131.67583863935917,0.0,56527.6052870392
2025-02-14,41133.71683293657,41594.26480704247,460.54797410590345,0.0,18792.141797737153,15015.752759741057,0.0,8016.073952379712,16710.85858225626,457.36840441194335,0.0,17168.226986668204
2025-02-15,40597.267381395475,40597.267381395475,0.0,0.0,19139.221301469,15800.17618564236,0.0,7978.131165568834,17159.60463790708,0.0,0.0,17159.60463790708
2025-02-16,89576.19318085889,89584.31418033961,8.120999480727392,0.0,20632.81373240703,16900.379569772744,0.0,10474.500917705338,61856.28657463999,15.292654122157751,0.0,61871.57922876215
2025-02-17,88666.85789356123,88666.85789356123,0.0,0.0,20333.66783398212,16427.386948324478,0.0,13576.713841236928,60122.787778762606,0.0,0.0,60122.787778762606
2025-02-18,78038.02395783066,78535.34687085164,497.3229130209755,0.0,23255.214221936403,18768.705239415627,0.0,1957.4501049975318,51306.52208551469,676.0442181229822,0.0,51982.56630363767
2025-02-19,79063.97916669796,79202.48532054816,138.50615385021803,0.0,24447.34352560523,20094.221842929295,73.96492364583332,2044.00117818474,52059.88285059675,200.00853870878154,399.22824585499995,52659.11963516053
2025-02-20,82069.54413181906,82259.7689918329,190.22486001384567,0.0,21991.24127422871,17689.158966982683,10.652207960069404,6975.205159213611,54588.83649871601,310.12260060904475,59.76421275996939,54958.72331208502
2025-02-21,36028.61266469874,36157.00036544527,128.38770074652786,0.0,19965.354346933305,15992.989080223137,0.0,6624.373065401761,14776.218319588974,152.53475995763813,0.0,14928.753079546612
2025-02-22,36220.41323784015,36288.697917840145,68.28468000000078,0.0,19767.118317974375,16083.971374752602,0.0,4760.788091285042,15216.112192691633,104.5984728240012,0.0,15320.710665515635
2025-02-23,80524.6343237475,81004.30664081918,479.67231707168463,0.0,22427.638813772133,18551.850543016102,0.0,5596.664686729812,53291.66493774316,619.0216129466564,0.0,53910.68655068982
2025-02-24,77338.26490076233,77359.65121393806,21.386313175738337,0.0,21944.359559568275,17440.018351902385,31.480576684027938,4683.7569662895485,51027.94450334948,40.68318355420704,160.22135656704074,51228.84904347073
2025-02-25,78926.1328712412,78938.14369246925,12.010821228038594,0.0,20304.29270107559,16612.81479041667,81.46333333333337,9506.805881810333,51144.4822878294,19.062358613965667,421.7718991666668,51585.31654561003
2025-02-26,73199.97755792309,75305.47594369584,2105.498385772754,0.0,23313.07091768974,18625.97555896918,12.559896588541733,1816.0924482304997,47265.064019273916,2300.311074272126,63.05715011968784,49628.43224366573
2025-02-27,73646.78543492059,74272.0868050942,625.3013701736104,0.0,22893.7973032395,18773.363284003557,12.453090182291703,3207.5216760405497,46749.19675465821,782.9728212218444,63.168497358906436,47595.33807323896
2025-02-28,34926.41124368907,34926.41124368907,0.0,0.0,19572.30333313496,15650.691679296873,0.0,7712.206039850985,13985.59484960246,0.0,0.0,13985.59484960246
2025-03-01,38342.29017141107,38342.29017141107,0.0,0.0,18950.78326039689,15542.738217057291,0.0,11275.479194738136,15175.18701955776,0.0,0.0,15175.18701955776
2025-03-02,81986.94878873006,83060.52165117895,1073.572862448872,0.0,24125.88654610479,19871.586896766494,0.0,6447.9149351739825,53925.51364326998,1547.733516285607,0.0,55473.24715955559
2025-03-03,83645.53681630299,84502.47631115466,856.9394948516798,0.0,22259.644802456543,18024.193560711807,0.0,8249.878436076602,55158.60033213354,1232.3962709054774,0.0,56390.99660303901
2025-03-04,74926.9491350743,76097.39364792666,1170.4445128523491,0.0,22936.96483649702,18518.8912544398,0.0,2479.8621325361123,48403.25814717255,1403.3538737930396,0.0,49806.61202096559
2025-03-05,78753.74914130705,78785.09979959793,31.350658290885008,0.0,21013.176913505504,16833.080014606334,0.0,8474.530884032101,50088.04607365555,48.49728008678445,0.0,50136.54335374233
2025-03-06,73072.39102982215,73575.10119912562,502.7101693034722,0.0,21997.414626899157,17915.95495864566,0.0,3552.9873975387945,46311.1257316419,732.3772354204228,0.0,47043.50296706232
2025-03-07,34510.97223914984,34510.97223914984,0.0,0.0,17929.592830906793,14307.697598450519,0.0,9966.791473360236,13903.205167830138,0.0,0.0,13903.205167830138
2025-03-08,33143.84685705781,33178.52667436636,34.6798173085522,0.0,20498.294396932662,16599.876860471446,0.0,10216.969621238479,13014.461094741406,33.981575427446415,0.0,13048.442670168852
2025-03-09,75713.40040545021,75751.3771071313,37.976701681075724,0.0,22922.881716750788,18750.89711813533,0.0,8245.86745851584,46905.13111389898,57.443791620590474,0.0,46962.57490551957
2025-03-10,73216.95274222012,73943.88128628804,726.9285440679271,0.0,22438.208870010178,18308.485144658247,0.0,1772.086110936113,46928.061828229074,947.3692783283938,0.0,47875.431106557466
2025-03-11,65420.35342532198,70492.36865708788,5072.015231765906,0.0,22494.45292211001,17909.068876705725,0.0,1968.0658116836082,40863.23756023426,4794.767178172016,0.0,45658.00473840627
2025-03-12,74832.11800451367,74858.40450776888,26.28650325520789,0.0,21155.47254019418,17507.177993085937,0.0,8774.575277327305,46804.619023191895,50.47008624999915,0.0,46855.0891094419
2025-03-13,75072.94734781217,75284.23554530492,211.28819749275135,0.0,20984.74164710332,16949.889358598877,32.81141644453021,3736.57665657834,47898.466991987596,262.9450466799334,193.2016235884327,48354.613662255964
2025-03-14,32534.314594871077,32907.63322800476,373.31863313367853,0.0,20940.610323059253,16456.034441640626,0.0,12393.631363252796,12235.396564365536,378.42974746156,0.0,12613.826311827095
2025-03-15,31415.761192307757,31893.880566014355,478.11937370659876,0.0,18330.357246321048,15261.455383657549,0.0,7900.853553350858,12506.791712730592,466.4139509925946,0.0,12973.205663723185
2025-03-16,70688.06230214698,71581.721708461,893.6594063140194,0.0,22000.423531812627,17445.222030130208,462.6205496668865,4138.09382311214,44318.723184639646,686.9411253169069,2415.3236407828385,47420.98795073939
2025-03-17,66788.89563510288,67324.09038793274,535.194752829861,0.0,21505.30348493157,17589.14939275356,0.0,5549.8048624213925,39808.98670999489,691.4035766795313,0.0,40500.390286674425
2025-03-18,76036.07632974858,76036.07632974858,0.0,0.0,19916.32930129527,16078.708569331595,0.0,11072.497231118245,47495.00374406066,0.0,0.0,47495.00374406066
2025-03-19,62640.070829802164,66570.66539465926,3930.5945648570932,0.0,22907.953994080442,18374.842883381076,0.0,2572.083833959894,38166.81881114019,3422.990285747292,0.0,41589.80909688748
2025-03-20,70539.23979925131,70621.39261903238,82.15281978107578,0.0,21579.08791167647,17848.13696138906,220.80575589097302,4902.285607969285,43810.84318149121,95.00302484945469,1124.459234263174,45030.30544060384
2025-03-21,30962.758786546266,30989.31700879887,26.558222252604367,0.0,18535.67828259854,14958.266779100433,0.0,15378.440988634096,11835.232102939666,26.95139847146311,0.0,11862.18350141113
2025-03-22,32657.772472424338,32657.772472424338,0.0,0.0,19727.145026101673,15536.88016863281,0.0,12586.30788162214,12695.856732691398,0.0,0.0,12695.856732691398
2025-03-23,71778.91517063852,71803.55334028263,24.638169644098184,0.0,20675.352487908636,17211.812671331903,0.0,9570.293407039226,43735.66694483672,46.599402156365095,0.0,43782.26634699308
2025-03-24,68639.9445900007,69313.7231799486,673.7785899479159,0.0,20741.97457609176,16706.708515164926,0.0,7279.960035688447,41460.31190109071,849.2206065726598,0.0,42309.53250766337
2025-03-25,75761.34702987445,75763.7823215411,2.4352916666673536,0.0,20385.771707178224,16646.46725921007,0.0,11074.35315690629,46655.51948951717,4.548915150001312,0.0,46660.068404667174
2025-03-26,65801.17252137377,66473.07530113071,671.9027797569421,0.0,20927.586503489478,16766.052759027778,0.0,6718.9866900023535,39828.7075889856,774.4030241700461,0.0,40603.110613155644
2025-03-27,69098.07459169521,69098.07459169521,0.0,0.0,19820.63993436347,16198.13670388889,0.0,6758.581961220644,41838.234806226414,0.0,0.0,41838.234806226414
2025-03-28,31760.254480183143,31760.254480183143,0.0,0.0,18141.274965689565,14456.31055986111,0.0,17253.409307688024,12108.910697621692,0.0,0.0,12108.910697621692
2025-03-29,30601.836394461963,31059.753941727588,457.91754726562505,0.0,18180.44229490258,14662.260891835936,0.0,19834.36335532761,11626.849821310481,443.26855920908076,0.0,12070.118380519561
2025-03-30,67510.59987711199,67513.50615768491,2.906280572916785,0.0,20726.742234496356,17045.31841761745,0.0,8486.462640806012,39391.64858040201,5.468021583914285,0.0,39397.11660198593
2025-03-31,59787.98963742262,62905.912362598545,3117.922725175925,0.0,20918.771328723364,16661.003244729603,0.0,1696.754795271458,36010.15235706342,2592.5031664738394,0.0,38602.65552353726
2025-04-01,72714.21312770146,72995.80402921657,281.59090151510577,0.0,18105.980030223123,14898.631995913804,0.0,9579.604478240579,44688.338540265744,348.6558524690776,0.0,45036.99439273482
2025-04-02,69246.48989430742,69367.3261783576,120.83628405017198,0.0,19668.699565392923,15990.724782216057,4.320839376823301,5258.336834557563,41904.42106726266,127.58431904481783,28.768148570889537,42060.77353487837
2025-04-03,70891.22960071996,70891.22960071996,0.0,0.0,20599.454211092627,16660.99368043294,0.0,11089.238803393615,43269.40517265914,0.0,0.0,43269.40517265914
2025-04-04,29930.70862012608,29987.78392214865,57.07530202257011,0.0,16334.818843159506,12944.788374652566,0.0,20166.95120364171,11412.515365891612,53.70327209473902,0.0,11466.21863798635
2025-04-05,27633.636022665894,28092.87362520374,459.23760253784826,0.0,16824.404341847665,14139.52106336927,135.9330772005177,13499.80844059253,10593.005811182462,443.6931285236982,585.8715627342311,11622.57050244039
2025-04-06,64221.467721391724,64899.71122581264,678.2435044209192,0.0,21383.228258754334,17291.46777185,209.3960878375013,6607.270560079145,37701.92735449122,933.6585268742108,1142.4785458736162,39778.06442723905
2025-04-07,59488.52010362927,61029.12099576632,1540.6008921370471,0.0,20025.62981971922,15872.404860750346,0.0,3633.1767534641176,35053.820820661276,1701.5701579155811,0.0,36755.390978576856
2025-04-08,68273.2566180405,68352.83665449561,79.58003645512133,0.0,19320.839883749566,15872.015657291668,0.0,10550.81881137105,40510.305940085695,123.1723370862448,0.0,40633.47827717194
2025-04-09,66595.47760876559,68277.88227551906,1682.4046667534712,0.0,20676.254641376298,16599.31794124132,0.0,5066.634558717416,39888.08884858597,1505.621340850213,0.0,41393.71018943618
2025-04-10,64902.73583012082,65917.95686217623,1015.2210320554123,0.0,21283.7243771179,17266.92644899965,0.0,7440.521034057988,38976.93282413716,635.3830395925147,0.0,39612.31586372968
2025-04-11,28547.539858202035,28704.32365061905,156.78379241701685,0.0,20003.015941971076,16222.415430266363,0.0,19607.07297224767,10504.141239490309,202.6377922460191,0.0,10706.779031736327
2025-04-12,30164.09863246675,30174.54125853446,10.442626067707295,0.0,18508.581841992993,14776.196252206119,0.0,17416.995118747585,11288.660055436128,15.234747170178172,0.0,11303.894802606306
2025-04-13,62327.910345976554,62451.33239021735,123.42204424079841,0.0,21235.803628822927,17275.459140368923,0.0,4214.62941843002,36940.28807816765,122.84950500145156,0.0,37063.137583169104
2025-04-14,65564.35867931615,65564.35867931615,0.0,0.0,19649.870832223714,16114.975224370659,0.0,9501.431271463101,38822.75040918101,0.0,0.0,38822.75040918101
2025-04-15,57549.11178133069,59430.609663937845,1881.4978826071538,0.0,20815.609155720318,16760.006649404164,0.0,5235.578324288361,33203.827673890635,1828.4110611961166,0.0,35032.23873508675
2025-04-16,64204.686931281605,65042.151002816885,837.4640715352798,0.0,20074.127360636954,16305.966486996529,0.0,5494.3981791764645,37791.28656335887,1119.195353579097,0.0,38910.48191693797
2025-04-17,57207.5352244079,60797.58916189947,3590.053937491578,0.0,20261.026820234852,16236.181459826128,0.0,3904.4014514907503,34255.70415549284,2501.7109171895286,0.0,36757.415072682365
2025-04-18,28078.10821897578,28078.10821897578,0.0,0.0,17538.012781230278,14047.401332825435,0.0,18233.3795872376,10529.327218094184,0.0,0.0,10529.327218094184
2025-04-19,27537.488358884973,28067.588565647126,530.1002067621508,0.0,16524.72184524445,13664.792987382812,0.0,18422.98045778549,10195.314574829923,460.95153382384007,0.0,10656.266108653763
2025-04-20,58501.33719822901,59517.586351273814,1016.2491530448042,0.0,20172.06611830274,16112.71579391059,0.0,3500.491143548332,34718.939852814045,870.0795702850742,0.0,35589.019423099126
2025-04-21,62485.17125157621,62485.17125157621,0.0,0.0,19721.07365584399,16379.462609986978,0.0,10626.64982238587,35962.86584257486,0.0,0.0,35962.86584257486
2025-04-22,56023.26006605034,58631.70990014798,2608.4498340976443,0.0,19251.355130699903,15475.829156440976,0.0,2703.2546092223915,33269.74845754734,2199.3240666521915,0.0,35469.07252419953
2025-04-23,54159.93550950404,57224.67998655671,3064.744477052673,0.0,20056.039041136617,16119.0734611687,0.0,1887.7976899221321,32149.719140144964,2461.383842460544,0.0,34611.10298260551
2025-04-24,55952.75316594409,56613.08022653437,660.3270605902784,0.0,19027.76522304848,15507.666872730033,0.0,6002.875176215922,32903.14262607042,862.195088347646,0.0,33765.33771441806
2025-04-25,27809.877999306533,27809.877999306533,0.0,0.0,18507.293199007843,14984.88018027053,0.0,22287.10733056922,10014.028222259923,0.0,0.0,10014.028222259923
2025-04-26,28072.907069836467,28120.92320785856,48.01613802209103,0.0,19703.205076644583,15955.26100688646,0.0,24302.7855047671,10333.47322367264,43.13972634116745,0.0,10376.612950013807
2025-04-27,55785.0011729845,57519.6545212883,1734.653348303805,0.0,20495.01772412963,16670.510609492187,0.0,5121.676223317528,32370.242574193457,1835.5694766747176,0.0,34205.812050868175
2025-04-28,67076.42520721359,68029.22090646086,952.7956992472668,0.0,19156.43809623585,15246.43027474492,0.0,7497.245768303264,39928.24300929369,912.0304944276954,0.0,40840.273503721386
2025-04-29,57109.94691352205,57790.19290143438,680.2459879123264,0.0,19179.979365801653,15696.034894010416,0.0,6873.034712976474,32931.05340231775,911.0432478453037,0.0,33842.09665016306
2025-04-30,53989.971109148275,54403.00471379104,413.0336046427618,0.0,18207.3255692951,14867.285056002604,0.0,2806.109767165217,31818.724134421245,261.0785414946897,0.0,32079.802675915933
2025-05-01,56109.49998721151,57515.04838193764,1405.5483947261278,0.0,21436.216135654948,18345.456065612674,1544.8418105729156,4957.7513224682825,33457.82256929639,1810.333616482308,9599.372577173766,44867.52876295247
2025-05-02,30294.394472980755,30294.394472980755,0.0,0.0,18003.19338559729,14177.722819605035,1031.499990546873,13210.103814202039,11996.686855679769,0.0,4777.262250075582,16773.949105755353
2025-05-03,28823.903054770395,28852.421286420788,28.518231650391044,0.0,17711.63965883916,14208.850879221573,1309.6031044270808,17792.06396123028,11014.091827669192,37.10136113544614,5948.1120239992615,16999.305212803898
2025-05-04,60518.36566944632,60568.26459500778,49.89892556145844,0.0,18285.11594427147,14768.90329360677,1764.6116510444456,7081.996262054191,36113.46933807503,96.1652093420427,9486.452401236387,45696.08694865346
2025-05-05,62636.346980163056,62636.346980163056,0.0,0.0,20428.833217053376,16772.670706232635,871.7902531510405,4775.967922493357,37827.38470521419,0.0,5464.487864988546,43291.87257020273
2025-05-06,55945.91014422416,59115.50982871531,3169.5996844911474,0.0,20457.194219660254,16485.17296027038,697.5950629093753,2971.0012655681508,34306.673827999744,3028.9784407126635,3871.5613837642723,41207.213652476676
2025-05-07,59509.80272237284,61256.278576678524,1746.4758543056814,0.0,20408.143562994897,16347.652312376002,679.7116085960927,2807.6529846557255,36645.87777878783,1380.9033271135597,3930.5896451770254,41957.37075107841
2025-05-08,67172.1706768893,67490.64766801252,318.47699112322044,0.0,19451.76919415648,15567.745078680555,82.43748333333338,7862.548635869931,40137.180878559324,535.7106925481235,572.7872274833337,41245.67879859078
2025-05-09,30112.008395419663,30425.21349543902,313.2051000193579,0.0,17874.254406471675,13978.314382020571,0.0,18029.887620987916,12124.387865405077,367.5121548572033,0.0,12491.900020262281
2025-05-10,29609.613153046263,30080.293970433417,470.68081738715244,0.0,17226.186781844295,14035.047744961546,0.0,14768.109650217333,12446.277157573928,410.4214818113818,0.0,12856.69863938531
2025-05-11,64279.08658235328,64816.529624879324,537.4430425260427,0.0,18291.835935789863,15128.79103375,53.16201666666666,6222.567656172799,38931.958495915416,777.2061879280911,357.53882789166664,40066.70351173518
2025-05-12,56473.90964558036,59850.25854542684,3376.3488998464773,0.0,16889.118688845534,13342.506688376732,0.0,4372.451311624708,34841.843492787055,3130.473709468714,0.0,37972.31720225577
2025-05-13,67158.97000838962,67933.6110761085,774.6410677188898,0.0,19769.156504616287,16032.439896501175,0.0,11067.681701326732,39845.90834447293,983.049389245994,0.0,40828.957733718926
2025-05-14,64383.371586691355,65254.344136656844,870.9725499654905,0.0,19142.713116810268,15493.255861968357,0.0,8590.738098481603,38955.75412067254,627.3134740234159,0.0,39583.06759469595
2025-05-15,63678.642901304775,64505.71710987104,827.0742085662635,0.0,20165.57465051033,15526.205002779687,0.0,7101.289178807063,40110.868987896036,546.7594091904402,0.0,40657.628397086475
2025-05-16,29115.80980486111,29115.80980486111,0.0,0.0,16778.324451973593,13830.410070646702,0.0,23452.388890200888,12614.97498095595,0.0,0.0,12614.97498095595
2025-05-17,29946.340880559055,29993.87443033388,47.533549774825815,0.0,18760.28446714351,15189.14341489635,0.0,15973.934294753391,12983.641175726547,78.16256575623613,0.0,13061.803741482783
2025-05-18,67756.46567924446,67777.21274707433,20.747067829858906,0.0,17770.639991049906,14001.344529639757,0.0,10331.749185664177,41462.89320958644,36.106375956321976,0.0,41498.999585542755
2025-05-19,60022.1211440484,60553.56310683355,531.441962785153,0.0,16792.17993255016,14383.169699348957,79.2365000000002,10708.572823632354,36076.237853774015,614.1674109986765,550.8294608333347,37241.234725606024
2025-05-20,60803.97103425783,62103.58934285662,1299.6183085987864,0.0,18828.170700992854,15317.45476320803,0.0,4065.478588405134,36671.5538548178,1199.3016347692237,0.0,37870.855489587026
2025-05-21,56647.14186080343,60438.98329115799,3791.8414303545587,0.0,18205.743809844604,14411.65578346354,0.0,5282.279981443598,35527.137049764606,3090.9691653283608,0.0,38618.106215092965
2025-05-22,58814.36317779235,58814.36317779235,0.0,0.0,17409.27631304543,13835.994362217882,0.0,4424.450410298139,36471.90007075046,0.0,0.0,36471.90007075046
2025-05-23,29052.916860314643,29843.057104251275,790.1402439366317,0.0,18994.76408626897,15234.627276785244,0.0,19661.97141143422,11846.394926998046,712.7495032654457,0.0,12559.144430263492
2025-05-24,29283.297809514494,29283.297809514494,0.0,0.0,17659.674848091454,14042.975195949912,0.0,21912.09677403962,12841.291943750131,0.0,0.0,12841.291943750131
2025-05-25,60538.76278306445,60816.36765188159,277.604868817142,0.0,17695.57093980571,14820.960874848091,12.048766666666666,9408.796170257307,36679.95570993421,354.1937958413254,78.16034936666667,37112.3098551422
2025-05-26,58043.247773074356,61225.37289708273,3182.1251240083757,0.0,18967.815150460494,15504.272060814534,0.0,3181.9968574367717,35660.74662974238,2323.1895269283877,0.0,37983.93615667077
2025-05-27,55726.10090994162,58100.69167657564,2374.590766634019,0.0,20674.810364848832,16965.705983330947,0.0,5001.219995057755,34456.45833347714,1495.6851129758895,0.0,35952.14344645303
2025-05-28,64337.89536272017,64821.68113445897,483.7857717388016,0.0,19479.438855490283,15504.582302113715,0.0,8573.000481082403,38907.62054179854,654.1715934797089,0.0,39561.79213527825
2025-05-29,62038.723103731114,63399.469426645584,1360.7463229144664,0.0,18736.958550073403,15355.04820006732,17.817433333333383,5925.253009972838,37686.99562175941,1143.355349028296,119.80442173333367,38950.15539252104
2025-05-30,29255.624995509683,29405.95841367531,150.33341816562717,0.0,17730.93956892216,13708.011984978297,0.0,18786.79756306478,12722.033955540279,155.17755991029827,0.0,12877.211515450577
2025-05-31,30778.396924912937,30778.396924912937,0.0,0.0,20399.442551054737,17124.387897362973,0.0,19114.16072122118,12346.505969609027,0.0,0.0,12346.505969609027
2025-06-01,76712.2995880294,76712.2995880294,0.0,0.0,18646.785184970147,16893.816337291664,1294.0417171701347,5028.546157521062,52599.503605994905,0.0,8235.295480680876,60834.79908667578
2025-06-02,81484.49693113752,81744.7460096693,260.24907853176916,0.0,20840.480334379445,16582.14385184826,1120.7143625800345,9966.316439718148,54645.473574918324,521.1794766169589,6023.328356498047,61189.98140803333
2025-06-03,77218.221136957,77613.43004278252,395.2089058255241,0.0,19849.29790288237,15875.96093191688,684.6637365203128,6132.3899750040155,51136.98184517219,790.8512999470266,3965.509921379678,55893.34306649889
2025-06-04,87790.94116664238,87832.35615450246,41.41498786006832,0.0,18945.598608511173,15460.109510561244,487.26900136601495,15188.875241251877,59514.22701910059,83.3128279590709,3101.576189539687,62699.11603659934
2025-06-05,76455.58075888922,77761.09283751491,1305.5120786256934,0.0,21207.018621310282,17151.927414039837,726.0228731230496,3282.7064867008567,50887.70547535552,2088.783716205573,4330.500951294827,57306.990142855924
2025-06-06,36774.21438708188,36778.84428209096,4.629895009072584,0.0,18085.213695127473,14511.655295847784,762.5816997117178,3112.872182522989,17955.112852393744,8.123382288168301,4165.100245108979,22128.33647979089
2025-06-07,43747.78256169713,44113.493524710415,365.71096301328294,0.0,15774.169236212063,12276.725486271614,0.0,9489.5366081033,20724.51115137286,403.9131534313541,0.0,21128.424304804215
2025-06-08,76933.35288736882,78500.0460691592,1566.6931817903915,0.0,17995.551068420828,14205.061030072828,28.757471250000094,9553.390235394545,51368.1648895801,1708.5984709446693,200.28029774218817,53277.04365826696
2025-06-09,85668.17182760063,85668.17182760063,0.0,0.0,20297.59644242718,16531.98912767361,48.68694013020843,11018.538719643935,59464.929413537604,0.0,341.33217565381574,59806.261589191425
2025-06-10,79763.57357612604,80455.59387179777,692.0202956717227,0.0,21744.994805756225,17572.764690690103,0.0,4664.919523398317,54316.971317843505,997.2968382467167,0.0,55314.26815609022
2025-06-11,85328.63606909873,85352.79987047652,24.163801377778782,0.0,23745.825049348634,19068.153789740496,19.50116276041672,4610.18345696213,59298.12355435194,26.69733982844029,133.45620735091182,59458.2771015313
2025-06-12,83651.81704629769,83651.81704629769,0.0,0.0,20907.912343555865,16650.684517083333,0.0,6942.197786491825,57652.03390355772,0.0,0.0,57652.03390355772
2025-06-13,37873.768538278426,37962.43644672278,88.66790844435633,0.0,16571.642791926166,13531.17002003503,0.0,6576.649974831647,19050.321170608368,140.83755585334706,0.0,19191.158726461716
2025-06-14,39112.73630351411,39112.73630351411,0.0,0.0,17598.44324614085,13750.981849285368,0.0,9071.93215665863,20452.893981994886,0.0,0.0,20452.893981994886
2025-06-15,77967.01417116153,80741.15244586075,2774.1382746992126,0.0,20565.592371968334,16420.50686986697,0.0,5969.09261042605,53562.817097342144,2749.1162808022978,0.0,56311.933378144444
2025-06-16,81680.44409004318,82929.21640698022,1248.772316937039,0.0,21986.329388871633,17762.78218016237,0.0,6011.616381604294,57072.063211009445,1235.5002583782518,0.0,58307.5634693877
2025-06-17,83988.15365625903,85455.30622247278,1467.1525662137383,0.0,21867.889529176897,17960.384925442708,0.0,6910.790402071925,58607.19340573529,1618.8076615380985,0.0,60226.00106727339
2025-06-18,84453.95157646755,85298.66524131664,844.7136648490956,0.0,18302.326685406053,14319.326206653644,0.0,10387.273862564232,59005.61693377389,934.4356889865697,0.0,59940.05262276046
2025-06-19,79016.9670819286,82056.7080091118,3039.7409271832075,0.0,17307.46105114636,14235.43059190972,7.754351041666723,10732.927700916835,53737.76561536431,3952.424687728331,52.81876212031289,57743.00906521295
2025-06-20,38544.37483626666,38544.37483626666,0.0,0.0,17851.316909182366,14081.530912808856,0.0,12374.007989893153,20244.770672860104,0.0,0.0,20244.770672860104
2025-06-21,37937.15716005967,37987.19989940499,50.042739345315056,0.0,19533.422851171716,15877.88781597695,0.0,14996.924464210228,19082.096000656984,67.00361570240206,0.0,19149.099616359385
2025-06-22,77043.53843068426,79395.14686777901,2351.6084370947483,0.0,22118.991440070295,18193.241328159722,0.0,8012.055655868434,51875.5663871408,3085.9788470363524,0.0,54961.54523417716
2025-06-23,77261.23661336457,77338.19519248232,76.9585791177484,0.0,19447.87095189766,15973.615272473959,0.0,6802.653513058624,52921.124438732804,52.76664977208419,0.0,52973.89108850489
2025-06-24,89543.00362537213,89543.00362537213,0.0,0.0,23033.96843327873,18487.143107690972,0.0,8727.386049784378,63685.20616654793,0.0,0.0,63685.20616654793
2025-06-25,79550.78022227553,81595.09995380764,2044.3197315321192,0.0,18895.404842546886,15299.588831002604,0.0,7561.862575596703,53915.53306938701,2747.000418146402,0.0,56662.533487533416
2025-06-26,75829.22885262509,77748.98129886657,1919.7524462414783,0.0,18785.424722330943,15465.407589915625,0.0,6881.580333117923,51199.73293236911,1800.4815713900389,0.0,53000.21450375915
2025-06-27,39519.47165804136,39541.980191513496,22.50853347213757,0.0,18309.02947660488,14246.641000963626,0.0,15707.94584920558,19749.157493038438,37.99157864539124,0.0,19787.14907168383
2025-06-28,37022.473454582636,37022.473454582636,0.0,0.0,18464.801989230054,15087.721590794969,0.0,11868.466939480883,18667.638794436472,0.0,0.0,18667.638794436472
2025-06-29,74514.03974242728,78283.21498129965,3769.1752388723767,0.0,18979.87792536314,15556.567363226386,0.0,5592.135885829571,50527.68325245059,4814.541980584134,0.0,55342.225233034726
2025-06-30,80091.08734677,80254.92567761114,163.8383308411445,0.0,19189.560144075087,16101.220435224266,10.067557317708292,7298.969542744702,54366.903863813815,275.9942502405076,72.21962241858044,54715.11773647291
2025-07-01,72294.01843282058,79959.12481715731,7665.106384336736,0.0,21324.479621821203,19079.171531709246,1203.8519249858969,51.12461869791707,52871.443854398945,12135.135203143796,8862.164163058986,73868.74322060173
2025-07-02,76732.06473182527,78001.84928787219,1269.7845560469198,0.0,22029.724625379047,17212.381370448653,125.84833820312474,405.58800447825934,57262.80147172768,1647.716742396378,1067.4329137623286,59977.95112788639
2025-07-03,85809.4259637448,88263.40897378065,2453.9830100358577,0.0,20847.37976046923,17155.46924932661,2.336934648437591,4813.416463953139,64907.9762708635,2862.145662654449,20.957629927188318,67791.07956344514
2025-07-04,38035.844382766736,39004.59231183479,968.7479290680535,0.0,18403.691784855106,15031.87702084944,3027.6173787203525,9779.527459882815,20921.294484965514,1628.8991188783893,12485.08420943613,35035.27781328003
2025-07-05,45279.23417251193,45650.99953236931,371.7653598573779,0.0,20596.830554607604,15704.680331997006,0.0,11968.769343092046,25011.854036605055,740.0871431983094,0.0,25751.941179803365
2025-07-06,76966.59962089383,84017.47030723208,7050.870686338253,0.0,22546.88023185565,19697.59971119149,440.43521912534686,1814.643455693274,58770.0856986115,7546.7788709747565,3273.6844038149143,69590.54897340118
2025-07-07,82946.58226428802,83083.48753654341,136.90527225538176,0.0,22250.867499463035,17176.920207747393,153.2521309895834,4753.30960915069,61164.14628673546,199.8763038495279,1276.291581794011,62640.314172378996
2025-07-08,91913.62488444631,92460.76467464596,547.1397901996543,0.0,20982.64607565672,15587.89544331597,6.442362682291787,11501.06938832085,68365.18975704262,880.5606828217415,54.09651944320414,69299.84695930757
2025-07-09,91445.13988877839,91777.69783707266,332.55794829427043,0.0,19395.57299256993,15549.86214608941,0.0,13873.261973925479,67774.4965796818,584.0083142908373,0.0,68358.50489397264
2025-07-10,83508.8162474116,84015.7449803977,506.92873298610823,0.0,20439.577427079854,16936.093894661717,0.0,7658.6380646462385,62508.86105388114,611.9249067778512,0.0,63120.78596065899
2025-07-11,45340.16378959129,45340.16378959129,0.0,0.0,16601.012878568723,14106.178120422526,0.0,10326.551881445099,26421.963380469726,0.0,0.0,26421.963380469726
2025-07-12,47529.164418477885,48752.80717909169,1223.6427606138018,0.0,18772.8572631886,15081.948078737021,0.0,13977.654661306779,26753.403221575132,1206.2146023273785,0.0,27959.617823902514
2025-07-13,88159.65414284004,88159.74559284004,0.09145000000000891,0.0,19116.646131536774,15425.860358705468,31.92011886284729,15233.159538871585,64187.78794549715,0.22854421916669174,270.498277512952,64458.51476722927
2025-07-14,86021.82349164964,86716.30758954874,694.4840978991006,0.0,21899.401715337845,17079.09559629987,0.0,10088.322253844106,62116.60215513333,1094.1109509057137,0.0,63210.713106039046
2025-07-15,90320.45835245977,90390.59682636602,70.13847390624994,0.0,19481.97181168285,15173.40518100382,0.0,13332.979612353663,66523.34495931857,144.18484151571224,0.0,66667.52980083428
2025-07-16,85970.11102941025,85970.16183496581,0.0508055555555984,0.0,18203.749278035997,15012.277095876734,37.27794744791663,10681.404216921137,65112.98626837374,0.12561419583343927,313.37706522091116,65426.48894779048
2025-07-17,84080.11714466636,85563.63406541508,1483.5169207487247,0.0,21054.86902366453,17412.10584102283,0.14515378906253318,9200.599969895786,61667.147533388714,2024.8695451280503,1.2404842813284085,63693.25756279809
2025-07-18,50193.29251177095,50233.943605199296,40.651093428340516,0.0,18487.820431246408,14953.119365617751,0.0,15424.994439570642,28283.8436282945,73.48793184826276,0.0,28357.331560142764
2025-07-19,50497.77269781521,50576.54719926487,78.77450144965167,0.0,19747.74876085889,16666.648610316533,0.0,20312.627998722513,28435.817159482012,142.55503580043268,0.0,28578.372195282445
2025-07-20,90574.0208507332,91000.48156384085,426.46071310763966,0.0,19887.50500718075,15048.65501779796,0.0,14071.653357791389,65836.10832781487,726.5375546263539,0.0,66562.64588244123
2025-07-21,89568.96683438448,89713.24145440185,144.27462001736217,0.0,18451.60919906094,14944.395342116708,0.0,12216.278247457622,67038.83819727217,289.58912945278684,0.0,67328.42732672495
2025-07-22,86286.15390121656,88736.91123007885,2450.757328862291,0.0,22049.383001083348,18080.762948220483,4.036791354166553,10977.183351903495,63612.129029622505,2227.7585840022025,34.43181185536361,65874.31942548008
2025-07-23,96730.14010324015,96790.99936456242,60.859261322267685,0.0,18042.508301012516,14709.228683302948,0.0,19241.17263018619,71436.82464675297,125.10820704433338,0.0,71561.9328537973
2025-07-24,96015.38336345163,96019.70044318971,4.317079738065445,0.0,17964.526490765227,14226.219136176216,0.0,18664.9210886007,71762.9896821684,9.241117720247406,0.0,71772.23079988864
2025-07-25,45912.10911094727,45953.10936623372,41.000255286458014,0.0,18235.72615598685,15277.122824517142,0.0,16489.186468097352,25940.680383397877,73.53508961292714,0.0,26014.215473010805
2025-07-26,46828.133051701116,47051.640086800944,223.50703509982446,0.0,19129.286516842207,15849.958315620179,0.0,15303.220318912252,26103.42817230874,322.3933257684848,0.0,26425.821498077225
2025-07-27,87204.43657886193,88764.44346687848,1560.0068880165504,0.0,19516.50218168976,14980.420799683157,0.0,10543.172284871885,63964.92039304152,2072.9234325812363,0.0,66037.84382562275
2025-07-28,89092.35432779064,89563.0722163718,470.71788858116327,0.0,21036.645113595998,17430.722711914063,0.0,8002.272581356534,66100.52545867967,815.6131488615648,0.0,66916.13860754123
2025-07-29,87240.85765343225,90405.91834241735,3165.0606889850997,0.0,21821.029670304135,17551.71267126736,46.627686848958206,10113.983080229536,63959.96991684958,3277.5574931540164,407.92231839811086,67645.44972840171
2025-07-30,78755.46180887973,85898.92753035568,7143.465721475958,0.0,18799.339779725593,15103.225037748522,0.0,8099.558738378613,59235.54719769972,7950.616050137871,0.0,67186.16324783758
2025-07-31,83805.27524229938,85726.2583892825,1920.9831469831286,0.0,22521.868850706334,18877.482337994792,10.709851406249754,7397.585461310547,60949.38602191313,2429.7695707239855,93.38454933679473,63472.540141973914
2025-08-01,43897.113884028295,43897.113884028295,0.0,0.0,18708.865942874654,15800.345109869268,0.0,19737.233384356245,24504.76151883953,0.0,0.0,24504.76151883953
2025-08-02,46224.196215408236,46237.1993903667,13.003174958462978,0.0,19157.418291563517,15220.456261159028,0.0,21373.21242662888,25318.571345573524,22.303695847503622,0.0,25340.87504142103
2025-08-03,71584.64054517115,71585.81348582024,1.1729406490895826,0.0,19351.97742627256,16112.627407786456,84.32244266927103,5591.30592667007,52346.39055370992,2.381010870619398,702.6692812411084,53051.44084582164
2025-08-04,76146.76261290644,77210.77784887738,1064.0152359709332,0.0,19541.405341380367,15090.334274010676,0.0,7344.0516981743485,56150.828005499796,762.5572090646887,0.0,56913.385214564485
2025-08-05,74129.41083854102,76522.39503135064,2392.9841928096066,0.0,18800.91128474537,15516.332816093749,0.0,8085.506829365679,54332.146641996165,1748.383010034472,0.0,56080.52965203064
2025-08-06,81170.69050403962,81170.69050403962,0.0,0.0,19419.300975043832,15678.53374504774,0.0,9315.52400737687,61063.71573467569,0.0,0.0,61063.71573467569
2025-08-07,83349.40753006279,84009.75416255846,660.3466324956592,0.0,19677.36494259548,16187.541882213538,23.587659661458247,17155.53351183797,58256.75586680122,1011.5618484929487,202.044555351705,59470.36227064587
2025-08-08,42890.04559720056,42907.66723845924,17.621641258680484,0.0,18897.96124746126,15331.894582591103,0.0,23566.429323589087,23136.73852522562,27.87320947173427,0.0,23164.611734697355
2025-08-09,42549.46610365558,42549.46610365558,0.0,0.0,19903.584233546695,16132.202082921009,0.0,19856.15495302989,23268.87767498695,0.0,0.0,23268.87767498695
2025-08-10,76460.44845836157,76460.44845836157,0.0,0.0,18709.771038070776,15011.747826614583,48.73037930989585,7506.536576215276,56722.750655419826,0.0,413.30699342472667,57136.05764884455
2025-08-11,74457.95324471236,75461.34600243017,1003.3927577178156,0.0,22969.63591436482,18684.00136222222,38.784085286458435,6653.242202240708,52418.78129124922,1350.208398585008,337.79058079882896,54106.780270633055
2025-08-12,81065.00642002486,81535.39791422624,470.39149420138745,0.0,18217.558365054698,14762.376097947048,22.796704713541544,10342.46870183214,58513.53339636362,722.2292555460295,188.0833190691526,59423.84597097881
2025-08-13,73131.66718355753,74273.91020781669,1142.2430242591722,0.0,18649.82400305528,14772.925102569443,11.499504375000015,4287.531361705861,53024.50884057735,1223.5229346213569,99.62595615281262,54347.65773135152
2025-08-14,74646.10047663773,76689.8710265379,2043.7705499001731,0.0,19939.295665380814,16562.148690130205,42.11121598958334,7428.544283943544,54754.737210685635,1695.1166794562705,360.8719503053126,56810.725840447216
2025-08-15,42500.551984156984,42500.551984156984,0.0,0.0,16094.558407967517,13418.54530594618,0.0,22664.811998802314,23770.292875144998,0.0,0.0,23770.292875144998
2025-08-16,44686.27961501972,44686.27961501972,0.0,0.0,18543.901846916848,14710.233328124998,0.0,23923.330729561203,24860.18931403984,0.0,0.0,24860.18931403984
2025-08-17,78208.92970118577,78738.3738411684,529.4441399826369,0.0,19188.164330563864,15381.173340438367,117.651698658854,11883.6409330351,55205.13534807062,858.485159219702,976.3694300379739,57039.9899373283
2025-08-18,74558.04667751373,74558.04667751373,0.0,0.0,19975.980356598186,16001.09386187435,91.83658259114611,6280.881148714372,54650.042487881714,0.0,775.5473444276261,55425.58983230934
2025-08-19,73938.80472438979,73938.80472438979,0.0,0.0,18890.717801082228,15375.889633715276,139.6413100000001,6245.957817022839,54134.79187363321,0.0,1188.7486549087637,55323.54052854197
2025-08-20,82339.60926940897,83610.29975770316,1270.6904882941985,0.0,22197.723605437615,17935.47732802851,0.0,8697.362413627405,59089.80171503517,1575.6055556164529,0.0,60665.40727065162
2025-08-21,78101.5686205054,78211.52198766806,109.95336716267042,0.0,18194.67044411484,14670.339909989843,6.519828125000004,8849.292798334742,55970.90768650424,150.30369654953975,53.47237036718754,56174.68375342096
2025-08-22,42040.01143435677,42040.01143435677,0.0,0.0,18722.565945923783,15742.17267471519,109.63162983862881,17938.680392986807,23221.902056007122,0.0,663.0742983655477,23884.97635437267
2025-08-23,42385.529046011776,43152.994227292154,767.4651812803828,0.0,19531.412055273435,15569.745186501299,0.0,16661.32120852002,22505.876306296377,892.0886093678087,0.0,23397.964915664186
2025-08-24,73749.47602260593,73804.22530469239,54.7492820864577,0.0,20666.680630966915,16333.121123255207,10.574475911458421,5747.650789558804,54820.815135365105,70.15822933879754,88.25457595703199,54979.22794066093
2025-08-25,95010.3799362493,95010.3799362493,0.0,0.0,17333.298321508002,14223.102702721353,11.721059427083219,21138.818360223075,68643.95533493404,0.0,98.06424369669175,68742.01957863073
2025-08-26,74484.63925990433,75708.31446886266,1223.6752089583354,0.0,20599.548668746836,16371.593879770095,2.384889583333461,5953.926186135923,54786.17029615678,774.4575662766224,20.07361562291774,55580.70147805632
2025-08-27,75265.73681611822,78864.5473448379,3598.8105287196686,0.0,22106.933905020476,18099.400001332597,0.0,6942.864574483357,54418.952288166074,3435.11869834989,0.0,57854.070986515966
2025-08-28,73631.70380566674,78180.32613092224,4548.622325255503,0.0,19971.182828319397,16340.144462540278,40.09143424479157,3821.584216054585,52687.903368595435,5346.004254633718,336.3855108974601,58370.29313412661
2025-08-29,44600.25250286579,44600.25250286579,0.0,0.0,18198.285564352173,14670.818943345143,0.0,18517.565531858763,24601.430550898003,0.0,0.0,24601.430550898003
2025-08-30,43031.72382735889,43031.72382735889,0.0,0.0,18861.16131325644,15666.743132711195,0.0,21324.585813480313,23700.973373257148,0.0,0.0,23700.973373257148
2025-08-31,73788.5265304932,75259.8901725171,1471.363642023909,0.0,22893.109615322843,18040.963634084943,11.772091666666597,3772.8931996125393,53180.82740499061,1027.0052148966388,100.10211265812438,54307.93473254537
2025-09-01,82276.16073148794,82492.21031601368,216.04958452573652,0.0,19188.199828961264,12359.374037983242,0.0,22089.249991702323,51945.53753337817,257.53496116889335,0.0,52203.072494547065
2025-09-02,64686.840545834464,67574.09560143127,2887.2550555968005,0.0,18556.986189034957,15910.886234083071,0.0,10870.23979647938,41748.03312050858,2140.5092644041606,0.0,43888.54238491275
2025-09-03,69417.51745772333,69718.47553774867,300.9580800253467,0.0,17544.441347664077,14635.838023871527,0.0,11262.154963956133,45482.97226325997,402.0963241828566,0.0,45885.06858744282
2025-09-04,67174.64714139515,67174.64714139515,0.0,0.0,20543.9178091836,16494.816906037326,0.0,9199.980688248887,44127.555004450114,0.0,0.0,44127.555004450114
2025-09-05,38117.52950681857,38117.52950681857,0.0,0.0,16554.77623087245,13080.243716666666,0.0,27818.735325946123,18606.231649475467,0.0,0.0,18606.231649475467
2025-09-06,38030.028428533915,38030.028428533915,0.0,0.0,18493.34745553611,14804.46274549193,0.0,26620.060018489738,18287.93099208431,0.0,0.0,18287.93099208431
2025-09-07,62175.6879836341,66080.73122435015,3905.043240716041,0.0,20533.962007693062,17562.40526239583,0.0,8148.190862386252,39996.67650466132,2764.7201350443206,0.0,42761.39663970564
2025-09-08,68158.00390213038,69467.36912950146,1309.365227371078,0.0,19028.870535092265,16658.169030442707,0.0,7701.098091518567,43227.370420270585,1538.6862874641056,0.0,44766.05670773469
2025-09-09,59026.02060001205,60408.666098492045,1382.6454984799925,0.0,19653.49567319599,16053.377364044924,11.45223333333331,3717.1657560076437,38549.41257503674,1563.8407684622189,77.68435634999986,40190.93769984896
2025-09-10,71679.22584678182,72428.02398437008,748.7981375882601,0.0,21663.8037942591,17462.91962840699,0.0,6911.141168517977,45425.180837828884,866.3323919807349,0.0,46291.51322980962
2025-09-11,70336.8866581511,70337.19671588547,0.31005773437505013,0.0,20577.2997384129,16725.466523334027,2.252125651041524,12991.52984312431,44152.55599749403,0.6218672949493192,15.04082116048082,44168.21868594946
2025-09-12,36336.82852563121,36336.82852563121,0.0,0.0,18769.100947328316,14313.166973613581,0.0,20329.238351916472,16791.12069279139,0.0,0.0,16791.12069279139
2025-09-13,33739.23813222135,33739.23813222135,0.0,0.0,17710.30155632052,15009.42550018316,0.0,23031.26059275066,15271.323947596873,0.0,0.0,15271.323947596873
2025-09-14,73958.64045366363,73958.64045366363,0.0,0.0,16796.31399886064,14542.24204037326,3.5550000000000637,11608.798745176247,47332.78748298668,0.0,23.455890000000423,47356.24337298668
2025-09-15,60570.837583843066,60932.07665536172,361.23907151865006,0.0,21776.44689738104,17666.288461890883,327.7022885373276,2082.5898750755578,39437.17453638611,410.9093415006997,1808.1595664415977,41656.24344432841
2025-09-16,74887.21972790461,75109.20815475113,221.98842684652868,0.0,22166.965389125937,18218.564176435895,13.092750000000137,11682.12970872776,47617.650693859905,416.83949057271417,88.18761655000094,48122.67780098262
2025-09-17,71044.80750137812,71044.80750137812,0.0,0.0,21642.829621923654,17272.280402282988,7.629166666666833,6721.769048404118,45683.62785603375,0.0,38.19542291666751,45721.823278950425
2025-09-18,62256.768132184894,66643.08551846918,4386.317386284286,0.0,21525.526467621417,17676.90629568537,26.45535350169373,3864.8695833681654,39675.86290082182,3251.506080143329,116.86668515051367,43044.23566611566
2025-09-19,34182.80682340681,34227.24307537582,44.436251969009575,0.0,18368.689926360646,14048.3391512503,0.0,13805.539983598812,15563.503741380662,38.92615672485239,0.0,15602.429898105514
2025-09-20,33691.05824801287,33710.50904735584,19.45079934296848,0.0,20003.99182671564,16614.281053721832,0.0,14675.364541028699,14648.011767022836,32.2747113497876,0.0,14680.286478372624
2025-09-21,69844.30806193897,69910.55995139209,66.25188945312482,0.0,19696.436342171153,16167.686278029514,8.44500000000005,8102.767403917125,44589.86694185788,103.94559489635787,58.02559500000035,44751.83813175424
2025-09-22,74621.45053516595,74621.45053516595,0.0,0.0,21092.297166355987,17154.044129908852,0.0,10069.177615385483,48646.2096119872,0.0,0.0,48646.2096119872
2025-09-23,73668.51560606711,73669.17518499072,0.6595789236110932,0.0,20464.13178046163,16617.27728337092,9.944123260330116,7715.6492278270125,47498.336538643365,1.3608010240364217,66.993864710885,47566.69120437829
2025-09-24,63098.63149605473,66630.7316588517,3532.10016279696,0.0,21246.174314125245,16690.343799244794,0.0,1011.6760439712477,41398.371085685525,2928.0884087229138,0.0,44326.45949440844
2025-09-25,69079.4774618354,70101.1401513539,1021.6626895185094,0.0,20434.424070534176,17194.956286234286,31.88636666666673,6558.109833720682,44373.370514104565,884.4984032077242,217.35929008333375,45475.22820739562
2025-09-26,35796.82785324444,35800.55506278437,3.7272095399275713,0.0,19377.271669293816,14888.60400599167,0.0,13617.643899482227,15739.721108915699,6.2052448025484175,0.0,15745.926353718247
2025-09-27,33295.65741130648,33693.46003923616,397.8026279296871,0.0,18281.611589686046,15637.991072747396,54.77288563802,13303.310157935533,14920.977326301898,437.36107698075165,318.96989951300947,15677.30830279566
2025-09-28,70435.53027719929,72518.15238887152,2082.6221116722345,0.0,21201.555976917167,16385.08071047856,5.868333333333339,4219.916289099579,45913.09362260803,1990.7795710156274,40.07191416666671,47943.94510779033
2025-09-29,72762.12929277559,72764.60686833113,2.477575555552491,0.0,20744.60292771493,17488.22915014883,143.62964968190443,6891.971140446938,47407.4600939113,4.828299242660694,922.3189569719092,48334.60735012587
2025-09-30,73256.66936583784,73890.80805243232,634.1386865944883,0.0,24607.81566285816,19516.770423789065,31.411150000000134,3408.999196696559,47797.06574938556,754.7209673153102,209.13543670000087,48760.922153400876
2025-10-01,69360.96440822814,69469.8840094995,108.91960127135559,0.0,22395.74293812526,15641.995439831073,0.0,13054.614977871983,42452.0203065374,168.2139142843941,0.0,42620.23422082179
2025-10-02,72980.99948389526,72983.00116111749,2.00167722222227,0.0,18083.2378209225,14475.768284826388,0.0,17644.748508354707,46168.6352427596,3.7531380880000924,0.0,46172.388380847595
2025-10-03,30094.060124771735,30426.17909767538,332.11897290364584,0.0,19470.851499208453,16821.204296675343,0.0,19959.37819514227,12290.601799911321,315.8469877039428,0.0,12606.448787615263
2025-10-04,32748.663464686826,32748.663464686826,0.0,0.0,19380.789931911437,16047.01720504488,0.0,16318.908304486933,13979.899975441249,0.0,0.0,13979.899975441249
2025-10-05,72476.72179697573,72699.39599110768,222.67419413194364,0.0,18255.906128324594,14508.752099969615,0.0,14216.280896086038,45015.7702455659,318.1209250384204,0.0,45333.89117060432
2025-10-06,60744.973282708175,62825.5024153368,2080.529132628619,0.0,19862.929074858006,16164.3209371875,0.0,1393.785027666294,39625.27093470534,1648.9324087073342,0.0,41274.20334341267
2025-10-07,66562.14932672551,67813.58908223304,1251.4397555075302,0.0,21408.448251388993,17143.368774709197,0.0,5776.946605553258,41584.67861661273,1550.3301936198425,0.0,43135.00881023257
2025-10-08,62347.81073901679,62493.05658214665,145.24584312986036,0.0,19331.40374737546,17060.960044089756,0.0,3744.1172121942823,38717.12323847607,240.22676025533917,0.0,38957.34999873141
2025-10-09,72789.91410164116,72935.1377742627,145.22367262152807,0.0,18688.572767767375,15741.390225056422,299.18316270833157,14527.15671092674,44522.72017897302,270.9873731117714,2020.9751683125658,46814.68272039735
2025-10-10,32810.52044374674,32874.066773902996,63.546330156252054,0.0,18464.777360407556,14520.347670320094,0.0,19586.026167148866,13103.077854709927,99.7899795608704,0.0,13202.867834270799
2025-10-11,32930.291143099494,32953.6085568804,23.317413780902598,0.0,18946.70828335685,15432.540688350171,0.0,15333.127378540386,13175.519981255029,26.720824279537275,0.0,13202.240805534568
2025-10-12,65788.68685012618,66570.8874621373,782.2006120111115,0.0,19788.67074468433,16519.405642267622,660.5606878219617,5447.227064209215,39329.35350424458,1335.6504722798047,4195.667284364814,44860.6712608892
2025-10-13,69467.23593899755,70164.44208131092,697.2061423133664,0.0,21400.497479922407,17127.821567565796,112.170236696358,8976.541105650665,42173.63045518036,896.9748775880898,536.3272654468145,43606.93259821527
2025-10-14,72221.68693721994,72608.17817637554,386.4912391555996,0.0,22078.55669034625,18002.893648617708,5.7592878666672505,7764.445139180341,44493.886015078264,542.4168148021014,38.31654217693722,45074.6193720573
2025-10-15,74658.05836021458,74736.64437754531,78.58601733072794,0.0,23327.66350043483,18843.029192747657,727.64143892578,9059.627858783919,45657.30539562729,148.31539050828283,4306.22210955476,50111.84289569034
2025-10-16,69885.08722057093,70466.64016984872,581.55294927778,0.0,21211.712462206837,17234.35409539236,749.7345561328125,4272.543409167049,43725.08706024663,800.0347438176589,4601.512892610449,49126.634696674744
2025-10-17,31743.8779740467,32657.836008130904,913.958034084203,0.0,18663.395654626314,14741.464471586976,0.0,12731.7055084249,12805.507111881667,922.7834457372521,0.0,13728.29055761892
2025-10-18,34788.701605294256,34788.701605294256,0.0,0.0,21672.527142844105,17069.83932513446,0.0,14109.420520917949,14071.73504164819,0.0,0.0,14071.73504164819
2025-10-19,69966.31173611507,70013.65506074432,47.34332462925272,0.0,20713.189875405253,17672.813546776997,1209.7854471614564,4297.341645944199,44272.89274160599,90.88498029077645,7330.200329481539,51693.9780513783
2025-10-20,76081.67895806434,76112.0401058725,30.361147808160126,0.0,20681.039548348654,16725.322002162542,483.56702323242337,8199.107216252145,48632.84832725493,57.55107372775793,2976.197285314258,51666.59668629694
2025-10-21,75094.95703274482,75243.28882354182,148.33179079700722,0.0,21608.0797454605,17545.804320669486,129.09569882656183,4847.527747577372,47969.86681368143,234.75740288445692,727.6417947506069,48932.2660113165
2025-10-22,72446.10693853523,72552.96318439765,106.85624586241408,0.0,20732.768064805008,16742.965275683076,377.9635059575505,3386.2272012332696,46352.11641198647,174.01203083932828,2463.9662355165406,48990.094678342335
2025-10-23,82783.03250522488,83373.38276404138,590.3502588164916,0.0,20385.994903761413,16571.61093714271,0.0,16179.50176408934,52413.55792693373,838.2961924343408,0.0,53251.85411936807
2025-10-24,34405.967472348035,34636.58669151748,230.61921916944465,0.0,18736.006563210627,14324.164047340972,0.0,11804.693458981155,14433.998790246678,241.30311650666906,0.0,14675.301906753348
2025-10-25,34252.52238955895,34392.57581493656,140.05342537760424,0.0,17861.84468907509,14297.948003936632,0.0,11430.246396464765,14364.808835376687,156.44366044834518,0.0,14521.252495825032
2025-10-26,75054.11646782144,75371.80753153932,317.6910637178758,0.0,19421.79602438893,16683.641600893836,293.53787252161555,8382.878963899178,48009.94198117915,496.1649081644823,1761.4494550580075,50267.55634440164
2025-10-27,69970.33547314894,73261.36183387066,3291.02636072172,0.0,23280.39255243762,18901.6223767181,99.1032397801639,5429.113231264634,44190.052836884584,3206.721895343469,597.8049338790744,47994.57966610713
2025-10-28,70342.59873590057,73035.4875703177,2692.8888344171264,0.0,22075.567132142918,17757.77160545139,0.0,2745.270343626176,45225.03178917312,2913.56358530824,0.0,48138.59537448135
2025-10-29,78253.82949560165,78429.57237778373,175.74288218207488,0.0,21256.14991301382,17261.545357672832,46.89279007499613,5169.603812517732,51190.91561193428,278.55385241976916,245.96261182371535,51715.43207617776
2025-10-30,69539.94281492327,71129.55845277588,1589.6156378526084,0.0,21785.685250017195,17596.157926718748,0.0,2152.213479477431,45112.066411320906,1977.6532488383837,0.0,47089.71966015929
2025-10-31,37110.140990966574,37110.140990966574,0.0,0.0,20126.69380769927,15232.772078052038,0.0,8311.927194652675,15969.073375629565,0.0,0.0,15969.073375629565
2025-11-01,35204.54362950876,35219.605340359456,15.061710850694396,0.0,19165.88910240836,15222.395511376171,0.0,8732.073315993932,14892.531901510882,18.750568777341055,0.0,14911.282470288223
2025-11-02,75052.8238324795,77135.77332203006,2082.9494895505645,0.0,19623.78781296928,16976.204267732985,0.0,5691.805843460432,50142.572218567126,2181.5974660770426,0.0,52324.16968464417
2025-11-03,82307.70107959137,82332.58511139257,24.884031801214064,0.0,20886.072881881588,16175.651479296876,0.0,8117.2334254745365,54784.347525922174,45.19529681490455,0.0,54829.54282273708
2025-11-04,75342.78396559414,76174.52688795666,831.7429223625263,0.0,20571.96895690662,16842.8080287066,0.0,4865.293926423309,50085.82708105322,932.9729953323139,0.0,51018.80007638553
2025-11-05,83790.64310413403,83791.5273340993,0.8842299652775409,0.0,21493.69248413435,17057.514691236982,0.0,9677.329474535272,56864.81394690212,1.4336371967235435,0.0,56866.24758409884
2025-11-06,78121.42311170534,79014.5480915876,893.1249798822529,0.0,22613.436008956014,18809.929240034333,0.0,3841.4567726659197,52606.82325875309,1221.1410080640637,0.0,53827.96426681715
2025-11-07,36162.55182661584,36374.795003046354,212.2431764305122,0.0,19729.34862932843,15490.173881951865,0.0,8817.158472336456,15273.218589171089,215.73713823353782,0.0,15488.955727404627
2025-11-08,36129.771428517284,36154.55901606693,24.787587549652187,0.0,18308.195713814253,14783.880839182119,0.0,8839.037041434804,15547.295587752278,27.53930557909461,0.0,15574.834893331374
2025-11-09,79952.17177755143,80107.18033049113,155.00855293971574,0.0,22206.224042003585,18758.006754719663,0.0,5312.145859873885,53751.67128755822,228.58988193886077,0.0,53980.261169497084
2025-11-10,81941.5184249544,84019.34878741021,2077.8303624558175,0.0,23281.30007085128,18578.534677895528,0.0,5458.140294454465,55908.974085499685,2306.366131010423,0.0,58215.34021651011
2025-11-11,84117.60658665895,84117.60658665895,0.0,0.0,19900.363999077606,15923.609639830727,0.0,8581.832560745408,57573.63654541902,0.0,0.0,57573.63654541902
2025-11-12,80059.5200922524,81657.5769484227,1598.0568561703112,0.0,20874.18473737847,16806.144474492186,0.0,6633.548935536425,54000.76539752802,2007.3399258950474,0.0,56008.10532342307
2025-11-13,77497.7238144805,79186.40952442189,1688.6857099413864,0.0,20310.505040368444,16678.271086987894,0.827579262152085,3159.1318336368313,53111.96408755857,2249.8217212157356,4.168102953828976,55365.95391172814
2025-11-14,36177.48337198468,36177.48337198468,0.0,0.0,17658.12606467453,14038.976902477127,0.0,4959.878909787275,15623.62318095533,0.0,0.0,15623.62318095533
2025-11-15,39530.715597531154,39530.715597531154,0.0,0.0,18746.788820199392,15247.914407646793,0.0,7819.954268311893,17031.697377127184,0.0,0.0,17031.697377127184
2025-11-16,79535.52127658902,81378.77531854202,1843.2540419530023,0.0,21305.228608737783,17858.313360867058,0.0,3497.315687337962,54221.68604252281,2454.7590671835255,0.0,56676.44510970633
2025-11-17,77961.69102104974,81746.85385360802,3785.162832558266,0.0,23303.373068750596,18380.404900980946,0.0,4128.13135250504,52675.62005599009,4350.266596196939,0.0,57025.88665218703
2025-11-18,81449.26221728638,81637.28162038195,188.01940309557182,0.0,22865.25072599799,18706.945686240015,0.0,2588.4247472906495,56009.68293953583,263.8858845096201,0.0,56273.56882404545
2025-11-19,80749.67232333042,84285.1111925263,3535.4388691958716,0.0,20363.310503825272,16695.429629001734,1.3850000000001046,5250.303717702762,56075.804323161545,4722.687251043585,7.02818250000053,60805.51975670513
2025-11-20,80944.55252433138,81924.32604743897,979.773523107591,0.0,22955.013793517228,18616.57323991445,0.0,2792.809460502866,54981.88034523864,1303.502864978964,0.0,56285.3832102176
2025-11-21,37271.313994298565,38207.66762077313,936.3536264745679,0.0,20045.34904631215,15886.25785914006,0.0,5184.192366934377,15967.833099755364,362.891361700443,0.0,16330.724461455806
2025-11-22,41969.20450086553,41969.20450086553,0.0,0.0,19991.04167296848,16387.144261553818,0.0,8145.477606117538,17569.723987590925,0.0,0.0,17569.723987590925
2025-11-23,80877.30301554438,82496.4662040373,1619.1631884929095,0.0,21000.752689153913,17596.188886071053,0.0,3859.8061176211004,55449.42310536575,2244.389981687515,0.0,57693.81308705327
2025-11-24,81159.19805905833,81179.07170173519,19.873642676865472,0.0,23453.514222410835,18904.700438884545,18.83966666666663,2487.1538848755677,55183.10293327144,26.087179452343545,99.5299589999998,55308.72007172378
2025-11-25,92073.28798296012,92073.28798296012,0.0,0.0,20128.78219917298,16088.207713858506,0.0,11864.05303097898,64337.74238127533,0.0,0.0,64337.74238127533
2025-11-26,86703.76376309944,87307.55167088659,603.7879077871534,0.0,22465.103023537325,18028.90945758203,31.140263624131876,6144.831485222098,60261.86199912081,924.3861738338221,167.7526001431984,61354.00077309783
2025-11-27,83620.16563691132,84306.31433103667,686.1486941253455,0.0,20911.58634443887,17100.12017482205,0.0,4713.9554280865195,58117.94478588732,965.5956233988206,0.0,59083.54040928614
2025-11-28,37888.061218765324,38187.52607753945,299.4648587741208,0.0,19219.515753037602,15359.747810108505,0.0,3406.5195846103516,15776.64549165525,140.73132729205088,0.0,15917.376818947301
2025-11-29,48828.883874778534,48831.7014054761,2.817530697569566,0.0,20470.08992962657,16738.95243078125,0.0,10171.113806630783,20328.479192806437,3.226624946616815,0.0,20331.705817753053
2025-11-30,86484.20236004677,87567.28694408473,1083.0845840379575,0.0,23891.246955029146,19869.82773706163,137.96728156683696,3439.0068910173877,60047.46987709625,1607.027326413115,906.6735246102108,62561.17072811957
2025-12-01,91476.83986645903,91502.76927517638,25.929408717360218,0.0,24731.627995138246,19761.27150129687,2163.8751391588557,2397.360187160541,68147.7376247302,50.728076688160606,14547.4364006659,82745.90210208426
2025-12-02,97828.17520367379,98087.93347379958,259.7582701257812,0.0,25514.964633212177,20834.039901523865,543.665953063198,5312.864745174467,74506.56976015915,430.0616700052402,3778.6622910101673,78715.29372117456
2025-12-03,88825.52086752796,93695.61365215732,4870.092784629362,0.0,25264.793916491657,20216.388028090278,0.0,1484.4591970892848,65825.21631844557,6825.339757100955,0.0,72650.55607554653
2025-12-04,96231.82478145961,97525.34851858554,1293.5237371259327,0.0,24447.540838615983,19943.36810913381,554.4344488262591,6804.401487929633,72366.68503815575,2079.4458616742236,3803.2192241946473,78249.35012402461
2025-12-05,46149.81850034507,46243.336578139344,93.51807779427351,0.0,22010.09183326426,17544.17610010742,508.2050154269541,973.9981770761283,20197.763057428772,102.4462512909216,2479.446336682983,22779.655645402676
2025-12-06,52754.095942186475,52756.28654326104,2.190601074567212,0.0,21685.65477204727,17721.78469496962,0.0,5127.785649516727,24331.46329068074,2.654780974368009,0.0,24334.118071655106
2025-12-07,99287.80908366432,99290.27638713975,2.4673034754343917,0.0,24237.930665051983,19797.69987156684,35.08809549479179,7232.452439149408,75520.51725208467,4.104449758651244,241.4411850996623,75766.06288694298
2025-12-08,101070.84533752297,101112.7785673665,41.93322984353256,0.0,22573.598561948726,18059.056549735244,0.0,8751.025438486367,76762.41543770864,64.72763147061158,0.0,76827.14306917925
2025-12-09,99968.77004623467,100035.53840801779,66.76836178311726,0.0,22662.959533652254,18466.117960174346,15.971993437500032,8466.214561310717,74976.69364364057,103.94754567399417,118.06497549000022,75198.70616480456
2025-12-10,96116.02003032777,97153.12857814158,1037.1085478138043,0.0,22978.661916025376,18473.61481994436,0.0,4260.463015393897,72714.39962728899,1397.0606745679727,0.0,74111.46030185696
2025-12-11,99562.76491137521,99562.76491137521,0.0,0.0,22210.939326017127,18016.15203652778,0.0,9406.722921885872,73923.32032989284,0.0,0.0,73923.32032989284
2025-12-12,51283.50281284352,52071.056913001754,787.5541001582314,0.0,21411.19693730501,17266.635610422396,0.0,4212.082102785809,22996.32632031457,704.9400226442282,0.0,23701.266342958796
2025-12-13,53385.470243734875,53830.30760196002,444.83735822514114,0.0,19610.36528198404,15839.272418103299,0.0,6260.68135474595,24693.152988120703,444.7702268887105,0.0,25137.923215009414
2025-12-14,94732.92820698458,96595.97190800127,1863.043701016698,0.0,25394.25789663082,20793.26820924479,0.0,3216.2604206152478,71173.7235830578,2505.6711732912136,0.0,73679.39475634901
2025-12-15,95297.44802311267,97346.08339783917,2048.635374726503,0.0,23588.964421565925,18993.78707294705,2.2927980208332883,3283.640880574468,71522.67804910026,3038.6497991846204,16.526488134166343,74577.85433641906
2025-12-16,100755.46676222436,100755.67637944658,0.20961722222227763,0.0,23384.545067918756,19005.181353046875,0.0,6958.22133124137,76590.72374038117,0.36831842116676405,0.0,76591.09205880234
2025-12-17,101389.50042067643,101389.71003789865,0.20961722222227763,0.0,21621.8973075585,17389.05647190104,0.0,8965.02213557453,77122.64497560075,0.3716513350000982,0.0,77123.01662693576
2025-12-18,96317.20278104037,96348.6264071655,31.423626125130227,0.0,23310.565005125976,18953.83638087561,0.0,4625.630816248477,72087.50824342828,54.78499005965971,0.0,72142.29323348794
2025-12-19,50188.70525100233,50973.99936304253,785.2941120402,0.0,21015.077309605298,17079.64277552517,0.0,4130.173528962407,22655.50261119891,564.5426420620777,0.0,23220.04525326099
2025-12-20,53407.540970426526,53407.845319593194,0.30434916666655454,0.0,21102.737477391864,16982.415237560763,0.0,6431.170829762097,24291.167912352106,0.3249069531873665,0.0,24291.492819305295
2025-12-21,99000.88238626666,99015.64670805716,14.764321790494591,0.0,23548.544484070215,19078.091840625002,0.0,5507.412197945279,74593.49415052624,22.971569125257616,0.0,74616.4657196515
2025-12-22,96475.99281295922,96489.8875311146,13.89471815538252,0.0,23198.81820630782,19147.156477599827,0.0,3500.7987190732692,73375.81346364964,28.513300831516794,0.0,73404.32676448116
2025-12-23,100100.63918027647,100118.47164287217,17.832462595702964,0.0,25292.510987335234,20132.699388764322,0.0,7700.567510967932,75168.23410011211,33.63008050144137,0.0,75201.86418061356
2025-12-24,97990.68865213911,98000.05475110351,9.366098964409161,0.0,22661.184211617583,18430.0144131467,3.1359583072916166,5917.4615942732635,73755.61864400751,18.984514721525347,24.162558757681907,73798.76571748672
2025-12-25,94854.67702775076,96333.97230734181,1479.2952795910498,0.0,25851.224757264714,21046.66344575521,0.0,3716.962462498981,70248.72638061152,2033.3143949136968,0.0,72282.04077552522
2025-12-26,50194.54975782429,50686.41411724269,491.8643594184046,0.0,21051.237954438864,16629.867825104164,0.0,3257.4215545746574,22488.819247448115,566.7754936994005,0.0,23055.594741147514
2025-12-27,52578.541077209746,52782.87284808106,204.33177087131116,0.0,23044.395274793213,18898.799702250828,0.0,5298.468208872011,23014.12433609927,246.11859602907185,0.0,23260.24293212834
2025-12-28,97050.45353831688,97122.14047920017,71.68694088328954,0.0,22022.9032945073,17782.800926920572,6.378411271701452,6079.161772885147,72508.33786318343,141.0384004374298,47.730457242151076,72697.10672086301
2025-12-29,95709.63147944707,96607.4172491139,897.7857696668408,0.0,23399.76011990661,19361.834006627607,0.0,5045.724869168243,70685.7806724617,1205.4593386505478,0.0,71891.24001111226
2025-12-30,97209.86834664324,97355.38238744186,145.51404079861192,0.0,24351.095427270502,19412.04349184028,0.0,6191.927852011638,71419.27908246662,276.339573167314,0.0,71695.61865563392
2025-12-31,98627.92998065076,98642.47915409478,14.549173444011785,0.0,23023.48080889949,18941.73991685078,0.0,5914.3153287127325,74026.33572202877,25.8114777862377,0.0,74052.14719981501
