date,plan_kwh,adjusted_purchase_kwh,adjustment_up_kwh,adjustment_down_kwh,charge_kwh,discharge_kwh,emergency_kwh,spill_kwh,plan_cost_yuan,adjustment_cost_yuan,emergency_cost_yuan,total_cost_yuan,initial_soc_kwh,terminal_soc_kwh
2025-02-01,50847.451460969976,50847.451460969976,0.0,0.0,18528.175144496847,14956.826287191841,0.0,12897.92667033164,22463.347173826427,0.0,0.0,22463.347173826427,7823.286130188512,7879.947885578076
2025-02-02,96353.8702897787,96370.85334154085,16.983051762152968,0.0,20775.374685757943,17122.764578407117,0.0,14361.965284190032,68800.07955317858,26.758223576377933,0.0,68826.83777675497,7879.947885578076,7552.491126752315
2025-02-03,97014.69589306488,97014.69589306488,0.0,0.0,19614.430426324478,16131.365173975693,0.0,13314.7141407161,70773.1454672338,0.0,0.0,70773.1454672338,7552.491126752315,7281.739428249134
2025-02-04,99249.97648118998,99249.97648118998,0.0,0.0,20346.803353860698,16513.669260525174,0.0,14221.97843785446,73076.98007891196,0.0,0.0,73076.98007891196,7281.739428249134,7245.341046140237
2025-02-05,93482.3249165199,93727.48587012233,245.16095360243168,0.0,21460.66855356037,17363.472934110243,0.0,8881.863267338873,67563.00239420835,395.299822593674,0.0,67958.30221680203,7245.341046140237,7267.1950397776345
2025-02-06,99165.31153941732,99165.31153941732,0.0,0.0,21441.354659581244,17580.797009878475,0.0,15033.696673047887,72320.89890430696,0.0,0.0,72320.89890430696,7267.1950397776345,7030.195333535782
2025-02-07,50348.33609084469,50348.33609084469,0.0,0.0,18478.59415266364,14674.803815347223,0.0,14738.866086861604,21618.09107161511,0.0,0.0,21618.09107161511,7030.195333535782,7355.592498325036
2025-02-08,40770.57174733836,41356.14482929755,585.5730819591844,0.0,18513.90359730823,14942.27288900187,0.0,6207.351404324524,17232.9189130292,453.36551614125835,0.0,17686.28442917046,7355.592498325036,7415.580303678143
2025-02-09,94443.50004828822,94444.87048480105,1.3704365128464815,0.0,20026.55230502915,16609.610487113714,0.0,11472.512700218962,68022.93293643379,2.2762265260123633,0.0,68025.2091629598,7415.580303678143,6984.354614744697
2025-02-10,88844.25221141384,88844.25221141384,0.0,0.0,19544.530744912227,15908.832234709202,0.0,10881.916117877496,61263.72837217948,0.0,0.0,61263.72837217948,6984.354614744697,6897.952024377696
2025-02-11,89442.86275554345,89442.9218072101,0.059051666667301106,0.0,21796.31511837904,17850.021835603296,0.0,10276.031391101038,62241.21325092803,0.09469820525101741,0.0,62241.307949133276,6897.952024377696,6681.278035804064
2025-02-12,89725.69643217961,89725.69643217961,0.0,0.0,20511.491034635415,16445.172726961806,0.0,10392.641991172672,62227.2927269734,0.0,0.0,62227.2927269734,6681.278035804064,6869.20582590726
2025-02-13,84205.01621529835,84290.35055579292,85.33434049457304,0.0,19347.619794992977,15713.352263051218,0.0,9326.604007184498,56860.1298148344,131.67583863935917,0.0,56991.80565347376,6869.20582590726,6822.783349121814
2025-02-14,40957.107351318744,41417.655325424654,460.54797410590345,0.0,18138.18300634227,14502.539145963541,0.0,7980.209648379255,16907.596635018435,457.36840441194335,0.0,17364.96503943038,6822.783349121814,7033.215670425927
2025-02-15,40434.42723627346,40434.42723627346,0.0,0.0,18358.998508097346,15203.371514309894,0.0,7998.709142486011,17614.991015924705,0.0,0.0,17614.991015924705,7033.215670425927,6663.679311813656
2025-02-16,89443.11209281122,89451.08569583361,7.973603022391671,0.0,20246.321709315685,16461.877539060937,0.0,10289.262425578865,62318.204457657244,14.718473819032786,0.0,62332.92293147628,6663.679311813656,6594.393806796731
2025-02-17,88281.93884361138,88281.93884361138,0.0,0.0,18520.9458484166,15010.881600572915,0.0,13588.011429101029,60593.99799137705,0.0,0.0,60593.99799137705,6594.393806796731,6584.4877364017675
2025-02-18,77814.34922449813,78173.547701972,359.19847747386865,0.0,22101.23785235308,17906.632453798957,0.0,1887.5545200845447,51713.14144435984,403.6156878158565,0.0,52116.7571321757,6584.4877364017675,6579.343521520689
2025-02-19,78648.31190449835,78790.41872905169,142.10682455334296,0.0,21990.554813206876,18067.62134502999,27.0,2015.1578775414707,52545.281090190474,207.00007216743833,144.4905,52896.77166235791,6579.343521520689,6295.708025595774
2025-02-20,81890.04625542309,82083.06196123772,193.0157058146258,0.0,21131.2809700883,16965.82848067843,10.652207960069404,6935.127946454585,55058.81228175361,316.0311019137534,59.76421275996939,55434.60759642734,6295.708025595774,6462.940364588106
2025-02-21,35826.37341153416,35954.761112280685,128.38770074652786,0.0,19144.966207420213,15298.734359637716,0.0,6548.267231164854,15047.01404061118,152.53475995763813,0.0,15199.54880056882,6462.940364588106,6694.816218335504
2025-02-22,35738.90496432436,35807.18964432436,68.2846800000014,0.0,17684.743117294398,14406.880294674476,0.0,4684.563938371111,15495.413973874533,89.16272091000184,0.0,15584.576694784535,6694.816218335504,6603.440252039929
2025-02-23,80447.87743782108,80799.22849257082,351.35105474974085,0.0,21258.730864651494,17627.773137666925,0.0,5636.417082252926,53665.310553532916,541.1021227649871,0.0,54206.4126762979,6603.440252039929,6149.883432818576
2025-02-24,77193.83251888567,77216.04812868575,22.215609800088373,0.0,21083.227582943677,16827.927383806684,5.286826684027801,4763.00113956613,51469.139501982274,42.95388154847087,27.013040942040053,51539.10642447278,6149.883432818576,6427.0911643493455
2025-02-25,79064.74167993457,79076.7525011626,12.010821228038594,0.0,19793.976535603342,16112.13366248698,31.664648333333503,9605.251043046243,51600.25417400307,19.062358613965667,162.34774607583415,51781.66427869287,6427.0911643493455,6339.299310295719
2025-02-26,72988.34239443319,75076.75720727249,2088.414812839298,0.0,22307.203632288718,17879.418575400476,12.559896588541733,1846.6840136394576,47520.47415887126,2241.3743969969437,63.05715011968784,49824.90570598789,6339.299310295719,6549.7619400217
2025-02-27,73619.07894942863,74243.49428229105,624.4153328624126,0.0,22623.752954728592,18512.323834169747,12.453090182291703,3187.934051914497,47013.02753670652,789.4809505912364,63.168497358906436,47865.67698465666,6549.7619400217,6341.890894644387
2025-02-28,34751.08326396502,34751.08326396502,0.0,0.0,18761.31565339715,14936.909872797134,0.0,7634.083933365002,14273.197405903707,0.0,0.0,14273.197405903707,6341.890894644387,6630.508457371677
2025-03-01,37800.69397962824,37800.69397962824,0.0,0.0,16622.053622433923,13732.030196210937,0.0,11251.90462007192,15273.077296448018,0.0,0.0,15273.077296448018,6630.508457371677,6332.545388438946
2025-03-02,81446.69103611556,83094.51859382556,1647.8275577099928,0.0,21405.64625403705,17639.072504080817,0.0,6969.637777202662,54493.03427707311,2246.359148608065,0.0,56739.39342568118,6332.545388438946,5998.657568093604
2025-03-03,83622.06720325103,84467.65481581613,845.587612565105,0.0,21845.082748819757,17705.708195811847,16.142569904295645,8327.276199379188,55581.13079323768,1218.8305210306733,79.72790579467767,56879.68922006303,5998.657568093604,5986.222935573784
2025-03-04,74593.99271936122,75752.51607921366,1158.5233598524294,0.0,21573.788255186464,17417.26276842448,0.0,2396.5326591183375,48800.58670690202,1349.2996242919771,0.0,50149.88633119399,5986.222935573784,6050.118178103295
2025-03-05,78585.70394984052,78616.77172602204,31.067776181510567,0.0,20991.88691036529,16869.680382596787,0.0,8364.093181586864,50548.36648863864,48.10476736755102,0.0,50596.47125600619,6050.118178103295,6198.7270834356195
2025-03-06,73081.91133847875,73663.85823616617,581.9468976874185,0.0,22163.607263917223,18002.413272675174,0.0,3562.010111590793,46540.832237505885,724.0963099834239,0.0,47264.92854748931,6198.7270834356195,6143.292206877608
2025-03-07,34308.71537091006,34308.71537091006,0.0,0.0,16849.494486618114,13406.12063863281,0.0,9943.055989591423,14288.707259517849,0.0,0.0,14288.707259517849,6143.292206877608,6412.147646353011
2025-03-08,32481.637166271612,32516.316983580164,34.6798173085522,0.0,17298.192654334114,13967.014333853129,0.0,10121.999146432514,13220.422544748182,34.03258961384366,0.0,13254.455134362026,6412.147646353011,6461.61621986135
2025-03-09,75364.06725179806,75402.04395347912,37.976701681075724,0.0,21077.58486779996,17284.338238198783,0.0,8275.272273877954,47333.574843406015,57.443791620590474,0.0,47391.01863502661,6461.61621986135,6226.622336216
2025-03-10,73034.82556788521,73875.86579115296,841.0402232677478,0.0,22306.0454577721,18266.552016948783,0.0,1794.3009003296477,47316.788925937144,908.6447557820262,0.0,48225.43368171917,6226.622336216,6005.8943404900165
2025-03-11,65309.85044626752,70378.74588512849,5068.895438860974,0.0,21701.286636519413,17256.360559635414,0.0,1994.9010082444986,41312.77575455172,4738.752859966696,0.0,46051.52861451842,6005.8943404900165,6363.318358207032
2025-03-12,74896.66485509377,74922.95135834898,26.286503255207776,0.0,20824.205257291018,17175.891843710935,0.0,8839.103261435563,47269.6073946066,52.05910537177624,0.0,47321.666499978375,6363.318358207032,6020.7788189790235
2025-03-13,75034.82820041601,75855.48465790269,820.6564574866832,0.0,20942.015905531654,16930.547852486634,51.0114148958354,4349.410003086845,48370.57236774618,992.6543314664765,310.24581362877643,49673.472512841436,6020.7788189790235,6056.873297861255
2025-03-14,31675.679937805944,32048.998570939624,373.3186331336802,0.0,16600.169955463603,12991.213408778254,0.0,12410.616040920944,12568.157266207452,378.4297474615621,0.0,12946.587013669014,6056.873297861255,6562.344692469327
2025-03-15,31390.418683413387,31868.538057119986,478.1193737065971,0.0,18011.340399296227,15032.64987578125,0.0,7965.722383605007,12822.857505354665,466.4139509925924,0.0,13289.271456347256,6562.344692469327,6069.606745412326
2025-03-16,71006.69543195676,72479.6326449579,1472.9372130011516,0.0,22904.061871247155,18085.827100530125,1.6400000000001,4311.990940907553,44701.60415490572,1393.061698566136,8.081100000000493,46102.746953471855,6069.606745412326,6587.898984501301
2025-03-17,66450.11621649507,66917.92556367388,467.8093471788196,0.0,20021.173351404053,16411.385182594706,0.0,5450.005961531207,40221.1881630281,618.8414569536943,0.0,40840.0296199818,6587.898984501301,6372.082575659723
2025-03-18,75872.52999345883,75872.52999345883,0.0,0.0,18546.094520532075,14989.562843216143,0.0,11190.039949476224,47930.74138210773,0.0,0.0,47930.74138210773,6372.082575659723,6408.497818342886
2025-03-19,62340.0345534107,66237.47156168702,3897.43700827632,0.0,21233.19640180078,17074.372956254338,0.0,2613.1776661405825,38620.63716577752,3378.082877348533,0.0,41998.72004312606,6408.497818342886,6546.849073014327
2025-03-20,70428.51210239266,70428.51210239266,0.0,0.0,21240.205924609207,17470.0115988151,0.0,4449.355959931897,44347.30693497401,0.0,0.0,44347.30693497401,6546.849073014327,6251.91040647917
2025-03-21,30756.85308559236,30783.411307844963,26.558222252604367,0.0,17744.893886745595,14314.403540614236,0.0,15319.456445046939,12137.77375655901,26.95139847146311,0.0,12164.725155030474,6251.91040647917,6317.422081645499
2025-03-22,32221.731404683374,32221.731404683374,0.0,0.0,17659.49808601519,13893.031343294268,0.0,12574.064928629115,13060.603174159376,0.0,0.0,13060.603174159376,6317.422081645499,6774.268866509985
2025-03-23,71608.15387314401,71632.74665389922,24.59278075520865,0.0,19832.90592233084,16523.277498932508,0.0,9553.398113834226,44034.110344988185,46.354932445492786,0.0,44080.46527743368,6774.268866509985,6264.686975571615
2025-03-24,68656.57253207396,69280.91198078055,624.3394487065966,0.0,20997.40437458054,16794.310246266494,0.0,7079.320769133179,42247.82218101106,797.5097367913019,0.0,43045.33191780237,6264.686975571615,6502.006194620227
2025-03-25,75209.25811230339,75209.25811230339,0.0,0.0,18148.73246116464,14963.185689687498,0.0,11073.586624159592,47107.85523329917,0.0,0.0,47107.85523329917,6502.006194620227,6210.103532237848
2025-03-26,65796.09788862118,66468.00066837812,671.9027797569427,0.0,20873.689427305064,16695.150459934895,0.0,6696.906834341294,40199.89459994384,782.8692387231164,0.0,40982.76383866695,6210.103532237848,6446.256839106964
2025-03-27,68902.28969390423,68902.28969390423,0.0,0.0,19085.699515534172,15665.81908074913,0.0,6765.4198591191935,42292.485583512826,0.0,0.0,42292.485583512826,6446.256839106964,6216.92075781091
2025-03-28,31377.539993056518,31377.539993056518,0.0,0.0,16013.603890608763,12718.811624765623,0.0,17260.86696054671,12364.062531622487,0.0,0.0,12364.062531622487,6216.92075781091,6497.151342952547
2025-03-29,30392.901066682844,30853.050785615134,460.149718932291,0.0,17100.414859016204,13755.294579231771,0.0,19800.72132249737,11816.027701259862,446.0054248895799,0.0,12262.033126149441,6497.151342952547,6603.864072476275
2025-03-30,67407.3418177761,67407.3418177761,0.0,0.0,20295.42710361474,16565.483290112847,0.0,8331.778304274218,39852.15230834488,0.0,0.0,39852.15230834488,6603.864072476275,6463.655921159723
2025-03-31,59444.75647858105,63498.121126887934,4053.364648306884,0.0,20322.148094232143,16322.292125587415,0.0,2546.875674909876,36302.14977894386,3038.6985302468597,0.0,39340.84830919072,6463.655921159723,6617.709066427085
2025-04-01,72676.33134372342,72957.71769967966,281.38635595625055,0.0,18189.640552628764,14997.707292598438,0.0,9556.932922982676,45268.00198851707,350.82088203997836,0.0,45618.822870557044,6617.709066427085,6324.266349794705
2025-04-02,69268.98175629736,69454.78865819039,185.8069018930184,0.0,19678.675242843678,15953.097238827995,3.0630837348959403,5296.938337909601,42384.51526768063,197.42069503588857,20.39401150693717,42602.32997422346,6324.266349794705,6309.41046965625
2025-04-03,70630.5303933157,70630.5303933157,0.0,0.0,19314.60731355988,15638.865491592882,0.0,11091.258304682036,43770.6628751628,0.0,0.0,43770.6628751628,6309.41046965625,6316.039838979171
2025-04-04,29921.816984376208,29978.89228639878,57.07530202256915,0.0,16366.71459338295,12973.932951157643,0.0,20155.308394173473,11602.400619564622,54.62924563534875,0.0,11657.029865199971,6316.039838979171,6630.601916182004
2025-04-05,27472.349294186195,27931.586896724042,459.2376025378504,0.0,16051.296852406495,13512.329746943664,89.75237018294071,13438.25717811082,10743.554932677684,439.37002925189677,364.8269039432605,11547.75186587284,6630.601916182004,6063.069364521556
2025-04-06,64151.61568795953,64821.282861677326,669.6671737177952,0.0,21042.479633717685,17003.49154076979,200.4051358968737,6572.623637959642,38192.555806373195,918.2468470242244,1083.556342330713,40194.35899572813,6063.069364521556,6108.532656234375
2025-04-07,59449.43395519965,61210.4086713502,1760.97471615055,0.0,19993.41654510277,15818.876377243922,0.0,3793.1492201580204,35364.75211578505,1865.0865951790006,0.0,37229.83871096405,6108.532656234375,6526.0782387780655
2025-04-08,68241.95221476481,68318.51236138373,76.56014661892334,0.0,19384.236971354057,15974.69040157986,0.0,10555.772174942878,41080.147682608964,117.56490372982778,0.0,41197.71258633879,6526.0782387780655,6222.23551124132
2025-04-09,66602.09570821855,68217.85088100247,1615.7551727839063,0.0,20786.96875534738,16624.989269399302,0.0,4921.560378387719,40244.25737467839,1439.2171125796458,0.0,41683.474487258034,6222.23551124132,6458.297091721401
2025-04-10,64628.249842016245,65592.938350101,964.6885080847558,0.0,20074.183045541093,16267.528462261285,0.0,7325.645866821192,39242.219200248655,597.0581175485801,0.0,39839.277317797234,6458.297091721401,6450.030207973622
2025-04-11,27740.890573105855,27897.67436552287,156.78379241701674,0.0,16324.022668672305,13278.492068500564,0.0,19535.493598684465,10865.767677423682,200.8140255441998,0.0,11066.581702967884,6450.030207973622,6387.770533666953
2025-04-12,29646.843870310113,29657.28649637782,10.442626067707181,0.0,15959.752902215148,12738.193146563279,0.0,17410.56619072595,11651.223481854386,12.028338836088517,0.0,11663.251820690475,6387.770533666953,6598.000205034721
2025-04-13,62012.3456663286,62137.696035114626,125.3503687860269,0.0,19614.152947647035,16021.443596284724,0.0,4268.628200418987,37275.9780096137,124.996887215018,0.0,37400.97489682872,6598.000205034721,6449.133862045138
2025-04-14,65386.34078144434,65386.34078144434,0.0,0.0,18351.444196354056,15049.634111367188,0.0,9556.498896457475,39387.55692438886,0.0,0.0,39387.55692438886,6449.133862045138,6243.617959466915
2025-04-15,57226.658421246306,58789.85369949769,1563.1952782513836,0.0,18809.184309175776,15080.379844299998,0.0,4921.620401288581,33847.215358501046,1674.59723128354,0.0,35521.81258978458,6243.617959466915,6415.906232947339
2025-04-16,63913.14064168064,64750.60471321593,837.4640715352806,0.0,18768.82415160649,15187.060009357636,0.0,5389.248620967072,38164.902733788025,1120.197722738248,0.0,39285.10045652628,6415.906232947339,6433.336847884696
2025-04-17,57390.478562707955,61048.54494756145,3658.0663848535037,0.0,21864.668973912678,17590.748612317708,0.0,3906.2822359664888,34625.94393461057,2566.064772188003,0.0,37192.00870679857,6433.336847884696,6566.2626884975425
2025-04-18,27889.557879067488,27889.557879067488,0.0,0.0,16725.36431296259,13384.196698176434,0.0,18194.273080948,10710.01498006623,0.0,0.0,10710.01498006623,6566.2626884975425,6747.760905523392
2025-04-19,27630.22904675481,28160.32925351696,530.1002067621507,0.0,16976.244286897396,14004.287566445313,0.0,18403.693283064873,10533.339945817082,460.86133984003806,0.0,10994.20128565712,6747.760905523392,6466.061245458474
2025-04-20,58391.44549527231,59143.70970313735,752.2642078650383,0.0,19818.716059989445,15867.726389483505,0.0,3234.97514929808,35051.39488817162,723.2898263261599,0.0,35774.68471449778,6466.061245458474,6672.0986000228595
2025-04-21,62175.634561459134,62175.634561459134,0.0,0.0,18134.27655574277,15074.395636072048,0.0,10598.843258455076,36511.216517822824,0.0,0.0,36511.216517822824,6672.0986000228595,6243.619015666858
2025-04-22,55973.93641095186,58806.359155513484,2832.4227445616284,0.0,19223.210522391702,15461.420102834203,0.0,2891.6394192893217,33477.68459194381,2377.727444337922,0.0,35855.412036281734,6243.619015666858,6365.152816003613
2025-04-23,54032.714389030676,56706.14954279524,2673.4351537645593,0.0,19162.301791776088,15289.344406436632,0.0,1433.2754407891152,32741.49496664106,2270.888728577446,0.0,35012.38369521851,6365.152816003613,6623.063977005836
2025-04-24,55783.165555750325,56432.350342877064,649.1847871267369,0.0,18775.420815905934,15486.675382152776,0.0,6053.498209123909,33195.1958980097,841.2765841471931,0.0,34036.47248215689,6623.063977005836,6313.5256200403155
2025-04-25,27500.438670331772,27500.438670331772,0.0,0.0,16713.131144555093,13351.276797272394,0.0,22138.22667304907,10583.381092221156,0.0,0.0,10583.381092221156,6313.5256200403155,6520.591653170575
2025-04-26,27305.283132562985,27353.269809265894,47.986676702908355,0.0,16483.288472097905,13464.603395757164,0.0,24264.39109959182,10721.236048724862,43.15938457837514,0.0,10764.395433303236,6520.591653170575,6394.880838328513
2025-04-27,55472.68159272853,56998.33006140222,1525.648468673698,0.0,19704.732022713204,15969.575893958334,0.0,4689.702749314027,32944.65764492531,1331.2870032108724,0.0,34275.94464813618,6394.880838328513,6385.16644326114
2025-04-28,67126.26828939836,68051.42843894586,925.1601495474973,0.0,19792.89977357875,15855.426221909374,0.0,7491.987570609816,40338.312562859835,936.4135704151333,0.0,41274.72613327497,6385.16644326114,6581.635992916042
2025-04-29,56811.90195470415,57492.14794261648,680.2459879123271,0.0,17607.876628550235,14346.242314107942,0.0,6797.299911507524,33448.94921252929,911.0439233563802,0.0,34359.99313588567,6581.635992916042,6488.455720713545
2025-04-30,54030.09837294209,54030.09837294209,0.0,0.0,18643.468229395137,15159.603818546617,0.0,2289.3795287602434,32179.198319214527,0.0,0.0,32179.198319214527,6488.455720713545,6423.572884339602
2025-05-01,55397.05699041152,55999.99662817602,602.9396377644971,0.0,19019.77721920353,16504.467082316492,1541.255286941578,4014.562978230563,33583.838796811135,882.9124417713371,9581.923912612112,44048.675151194584,6423.572884339602,5203.075623493345
2025-05-02,29945.19335993672,29945.19335993672,0.0,0.0,16265.611973945786,12764.120406391407,1031.499990546873,13184.881699595877,12237.499535423962,0.0,4777.262250075582,17014.761785499544,5203.075623493345,5659.770392942998
2025-05-03,28462.95363689498,28490.431839408007,27.478202513023575,0.0,15868.04418230806,12723.678039023438,1309.603104427081,17788.497150550465,11276.643551580693,37.26456433803692,5955.385838247196,17269.293954165925,5659.770392942998,5803.590113660879
2025-05-04,60420.43123273443,60470.33015829589,49.89892556145833,0.0,17361.287976141968,14297.50020298177,1454.4777336876746,7126.352785490034,36436.33149333678,98.15617647194466,8736.206986913736,45270.69465672246,5803.590113660879,5542.637955542245
2025-05-05,62828.764582068114,62828.764582068114,0.0,0.0,20001.026310377303,16140.42528564325,836.6127019210484,4728.769459255112,38623.962909192924,0.0,5161.7544735578485,43785.71738275077,5542.637955542245,5609.755761944877
2025-05-06,55786.55769115623,58182.35771496097,2395.800023804741,0.0,20819.330764951235,16849.443390647742,591.6013222119791,1933.9892962027945,34752.87133123647,2024.2576365355035,3617.3077422315737,40394.436710003545,5609.755761944877,5625.549683014611
2025-05-07,59504.41240935111,61208.96809492311,1704.5556855719994,0.0,19824.278340032357,15875.312422428813,549.6028010914061,2741.7590284109774,37196.35052980324,1443.234405082155,3564.3354260146266,42203.920360900025,5625.549683014611,5828.164164122829
2025-05-08,67210.89654403747,67529.37353516069,318.4769911232211,0.0,19255.843183491455,15363.335411286283,2.7751202979170557,7813.1284832534375,40858.023084096065,539.2631986265375,18.16038722956921,41415.44666995217,5828.164164122829,6088.050350058161
2025-05-09,29967.473305976302,30280.67840599566,313.20510001935463,0.0,17052.599035933694,13269.804876256945,0.0,17998.498396318908,12408.919881694084,367.5121548571983,0.0,12776.432036551281,6088.050350058161,6691.161842112991
2025-05-10,29263.776074641708,29734.456892028862,470.68081738715244,0.0,15633.589614581244,12690.476887754123,0.0,14670.298881868406,12592.768363497515,410.4214818113818,0.0,13003.189845308896,6691.161842112991,6660.862619953753
2025-05-11,64175.70687437521,64713.14991690125,537.4430425260433,0.0,18240.26603483693,15147.875824684375,47.264727424998455,6183.945350840365,39252.42700702908,778.705992971634,318.46475637353933,40349.59775637425,6660.862619953753,6246.128912768807
2025-05-12,56572.11119608939,58132.8927141002,1560.7815180108078,0.0,17418.57201089934,13739.456241333282,0.0,2522.581711200811,35284.33874820531,1840.6650823772736,0.0,37125.00383058259,6246.128912768807,6656.7812322079035
2025-05-13,66553.86073537159,67328.50180309049,774.6410677188913,0.0,17006.61903911543,13812.97851958767,0.0,11005.648516896063,40358.13435526038,983.8126470111976,0.0,41341.947002271576,6656.7812322079035,6614.984456758827
2025-05-14,64086.003194221215,64785.09385097892,699.090656757706,0.0,17666.363337878887,14332.301663723958,0.0,8436.883393490662,39500.48282035724,500.64511282393914,0.0,40001.12793318118,6614.984456758827,6589.931834489871
2025-05-15,63414.17242477032,64546.6477619434,1132.4753371730885,0.0,18638.346127710527,14177.087053927167,0.0,7320.330404826714,40601.17328635635,844.4263976169373,0.0,41445.59968397328,6589.931834489871,7612.124400621386
2025-05-16,29160.374594978945,29160.374594978945,0.0,0.0,17734.61783918183,14553.021884734593,0.0,23263.27210719838,12796.101827175404,0.0,0.0,12796.101827175404,7612.124400621386,7403.256139513262
2025-05-17,29475.11675106133,29522.650300836154,47.53354977482468,0.0,17189.505344045996,13956.736723600128,0.0,15841.082597056953,13108.956593550503,79.69213454693993,0.0,13188.648728097443,7403.256139513262,7366.325700710072
2025-05-18,67455.16012716644,67475.9071949963,20.74706782985959,0.0,16896.378351524287,13384.627207374131,0.0,10287.987950846142,41906.48896983565,36.13617923262989,0.0,41942.62514906828,7366.325700710072,7701.258208888457
2025-05-19,59952.01144435447,60482.68405877383,530.6726144193561,0.0,16865.22029200666,14136.223939197527,79.2365000000002,10317.707655964703,36619.10796661582,612.4564532379761,550.8294608333347,37782.39388068713,7701.258208888457,7173.040983697194
2025-05-20,60120.825228896065,61360.75055571073,1239.9253268146651,0.0,17189.07099803873,14102.032434817707,0.0,3746.3171758230437,37092.25433381771,1195.9021428202484,0.0,38288.15647663796,7173.040983697194,6974.279954356821
2025-05-21,56093.49479105083,58473.874704210386,2380.3799131595615,0.0,16301.72028152161,13159.383610416666,0.0,3968.9227497721145,35784.87656466604,2091.7222452362225,0.0,37876.598809902265,6974.279954356821,7024.290862818867
2025-05-22,58890.57490122776,58890.57490122776,0.0,0.0,17400.492923856742,13659.91684342882,0.0,4333.368004133176,36992.20878432125,0.0,0.0,36992.20878432125,7024.290862818867,7507.0491127023515
2025-05-23,28593.455996076562,29383.596240013194,790.1402439366317,0.0,17215.605899855753,13788.869422690796,0.0,19535.910879514904,12179.556938639895,712.7495032654457,0.0,12892.30644190534,7507.0491127023515,7680.128397360533
2025-05-24,29076.426608851216,29076.426608851216,0.0,0.0,17164.032700850745,13778.130351001213,0.0,21936.022875668354,13024.457405114463,0.0,0.0,13024.457405114463,7680.128397360533,7818.724104791523
2025-05-25,60114.275875380226,60391.88074419737,277.60486881714326,0.0,15611.152473224078,12973.186987322048,0.0,9208.905074962007,37305.70949665374,354.13056830904463,0.0,37659.84006496279,7818.724104791523,7454.109122557583
2025-05-26,57662.00914308138,60705.20624527311,3043.197102191729,0.0,17527.474980381194,14369.03288174913,0.0,2966.931196641048,36117.24579173461,2462.265089395366,0.0,38579.51088112998,7454.109122557583,7263.24451406829
2025-05-27,55184.60540063293,56329.49546802734,1144.8900673944063,0.0,18542.545486483996,15059.41622361545,0.0,3455.99890515879,34963.45052393519,776.6546027048686,0.0,35740.10512664006,7263.24451406829,7218.850758997828
2025-05-28,63690.49773214134,64172.05364432285,481.55591218150926,0.0,17554.008990547252,14080.361783920098,0.0,8424.582337695696,39274.551612843745,649.9143456129264,0.0,39924.465958456676,7218.850758997828,7372.612423912475
2025-05-29,61823.63402338788,63230.30510187092,1406.6710784830436,0.0,18288.87171483725,15046.088658281247,17.817433333333383,5895.215978648256,38160.4285789197,1142.0598884952851,119.80442173333367,39422.292889148324,7372.612423912475,7114.720680286844
2025-05-30,29150.308628948434,29300.642047114063,150.33341816562648,0.0,17366.466254355604,13494.185718890103,0.0,18832.128244981897,12904.079792749404,155.47232772529327,0.0,13059.552120474696,7114.720680286844,7751.000621551216
2025-05-31,30039.99356842075,30039.99356842075,0.0,0.0,16787.85245452412,14038.388929752602,0.0,18901.348493649228,12838.620159641105,0.0,0.0,12838.620159641105,7751.000621551216,7261.857908675588
2025-06-01,77220.55261306129,77796.26967046887,575.7170574075942,0.0,19730.303214646345,17902.723999610633,1294.0417171701392,6037.905872603307,53248.94765297374,667.5849207127527,8209.092299072574,62125.624872759065,7261.857908675588,5127.215246734375
2025-06-02,81771.11965608667,82031.36873461845,260.24907853177126,0.0,20807.95573237183,16738.031518671178,946.5500559133686,10267.187126831168,55268.39983952693,533.3247479486542,5540.37567599429,61342.100263469874,5127.215246734375,5256.562607345486
2025-06-03,77418.17442750913,77813.38333333466,395.20890582552386,0.0,19651.90243978492,15605.709835109372,599.7663545312494,6174.590249857028,51842.485474600806,814.0617321452089,3732.6885334528633,56389.23574019888,5256.562607345486,5603.597208585938
2025-06-04,87579.03695775993,87620.45194561999,41.41498786006832,0.0,17856.357335625053,14492.823373002517,477.3245951486976,15088.981761479497,60321.62804412443,86.07649270926508,3006.89365956063,63414.59819639433,5603.597208585938,5571.181729534577
2025-06-05,76459.13284800487,77722.18200779248,1263.0491597876016,0.0,21452.20802823726,17435.06583169092,676.304577319792,3232.02637189927,51353.97137465402,1956.1367015616981,4188.228602436696,57498.33667865242,5571.181729534577,5505.873586402633
2025-06-06,36616.53935976801,36617.328703354164,0.7893435861549847,0.0,16738.0760319827,13368.122274547653,717.2185401971351,3109.5980861162584,18332.549397435894,1.356052813834956,4085.9748569165454,22419.880307166273,5505.873586402633,5716.672821245225
2025-06-07,43766.06316882673,44131.774131840015,365.7109630132841,0.0,16028.038684376337,12400.002650629338,0.0,9377.224931426348,21237.098324655544,404.3602710223348,0.0,21641.45859567788,5716.672821245225,6364.126914262444
2025-06-08,76255.59945023045,77803.87774772506,1548.2782974945903,0.0,15118.406210893341,11872.173074574652,28.757471250000094,9401.478815989696,52048.32092476052,1708.7688676482378,200.28029774218817,53957.370090150944,6364.126914262444,6779.389087872394
2025-06-09,85036.5794493623,85036.5794493623,0.0,0.0,17242.36979378269,14037.380025008679,42.68932385416679,10941.566271109126,59994.24706274517,0.0,299.9876078549227,60294.23467060009,6779.389087872394,6700.4329856005015
2025-06-10,79523.55914108464,80289.50664982558,765.9475087409438,0.0,20860.292793978,16906.6480990625,0.0,4717.417721576752,54751.88828853465,1042.7998317604893,0.0,55794.68812029513,6700.4329856005015,6689.531945666814
2025-06-11,84748.36613570472,84748.36613570472,0.0,0.0,21196.034488457757,16972.551525295137,0.0,4440.436855875448,60056.059156850286,0.0,0.0,60056.059156850286,6689.531945666814,6907.572401617527
2025-06-12,82853.53103298294,82853.53103298294,0.0,0.0,17506.401156755775,13978.990873945313,0.0,6873.72931683915,58123.008605309056,0.0,0.0,58123.008605309056,6907.572401617527,7131.121360536268
2025-06-13,38009.326760122385,38097.994668566746,88.66790844435604,0.0,17311.161222000654,13941.802492748358,0.0,6383.32223931445,19324.447106097054,140.03459334664333,0.0,19464.4816994437,7131.121360536268,7220.2748017275735
2025-06-14,38814.932324883455,38814.932324883455,0.0,0.0,17039.23194639103,13530.122046052598,0.0,9112.479674545022,20830.79688700799,0.0,0.0,20830.79688700799,7220.2748017275735,7522.114613421055
2025-06-15,77257.18940918508,79662.75619613714,2405.566786952055,0.0,18378.23115893706,14517.060700668359,0.0,5174.6114045351105,54377.96956003684,2096.9056056720738,0.0,56474.875165708916,7522.114613421055,7932.4552112773445
2025-06-16,81072.49321175824,82389.03118211558,1316.537970357345,0.0,19574.2129322825,15874.671312363149,0.0,5995.436745529566,57607.14937584619,1179.7380595259597,0.0,58786.88743537215,7932.4552112773445,7910.723169928096
2025-06-17,82874.99237804595,84364.43823092456,1489.445852878612,0.0,16369.682734955475,13523.273593810763,0.0,6881.017873113185,59369.54525206355,1676.569663838999,0.0,61046.11491590255,7910.723169928096,7617.578082709395
2025-06-18,84285.68565322847,84997.84746481861,712.1618115901488,0.0,17855.39073743173,14042.367832556423,0.0,10256.433659943308,59602.2549547902,820.9193711554085,0.0,60423.17432594561,7617.578082709395,8084.798821335263
2025-06-19,78976.7771139422,81985.43052266288,3008.653408720686,0.0,16583.085017087084,13543.61192184232,7.754351041666723,10694.207578459787,54316.67117944566,4000.067523540958,52.81876212031289,58369.55746510693,8084.798821335263,7961.117645777728
2025-06-20,38495.76532705959,38495.76532705959,0.0,0.0,17201.217139153752,13715.551506347525,0.0,12609.518844253364,20601.33935167504,0.0,0.0,20601.33935167504,7961.117645777728,8202.711397296633
2025-06-21,37574.14905811445,37623.44034872643,49.2912906119804,0.0,17320.792955412595,13934.787203081596,0.0,14902.694196395434,19508.33399103559,65.75783669475167,0.0,19574.09182773034,8202.711397296633,8308.328164855084
2025-06-22,75924.1771840038,78210.40393573792,2286.2267517341274,0.0,16118.065178484432,13204.169352084853,0.0,7839.167009338351,52570.41176415633,3128.8147150651803,0.0,55699.22647922151,8308.328164855084,8143.287545396799
2025-06-23,76390.23235613747,76390.23235613747,0.0,0.0,16247.466775618295,13355.302365217014,0.0,6436.781945736193,53614.91631620733,0.0,0.0,53614.91631620733,8143.287545396799,7926.7827932121445
2025-06-24,88638.94010739341,88638.94010739341,0.0,0.0,19752.826637571856,15860.396289592012,0.0,8477.71750941358,64140.67895510974,0.0,0.0,64140.67895510974,7926.7827932121445,8081.664223035689
2025-06-25,78968.29200343248,81934.09689558938,2965.8048921569093,0.0,16522.74041748735,13550.397789810935,0.0,8524.332901246305,54538.93623745511,3648.582810488001,0.0,58187.51904794311,8081.664223035689,7896.133054539934
2025-06-26,75654.06238696858,77314.39153071702,1660.3291437484493,0.0,17921.294503392008,14684.99588735677,0.0,6530.709081348462,51747.266426335154,1695.2758630016644,0.0,53442.54228933682,7896.133054539934,7708.63601052966
2025-06-27,39449.464884416535,39471.05435832322,21.589473906685384,0.0,17773.477850328145,14038.004481576952,0.0,15963.935122905363,20001.323650978327,36.35195884950796,0.0,20037.675609827835,7708.63601052966,8106.983318517269
2025-06-28,37177.62697885529,37177.62697885529,0.0,0.0,18259.720451358397,14852.576889547485,0.0,11993.557300377714,19004.092124977422,0.0,0.0,19004.092124977422,8106.983318517269,8037.868514131509
2025-06-29,74353.89415714607,78103.55427142848,3749.6601142824065,0.0,17645.77035411009,14280.180330221354,0.0,5470.195714206418,51211.945585927795,4891.954851333532,0.0,56103.90043726133,8037.868514131509,8052.194799251305
2025-06-30,79413.25279485178,79577.09112569292,163.83833084114679,0.0,15836.969847966497,13432.442397988192,10.067557317708292,7304.947249699004,54975.517799072164,276.00409803766206,72.21962241858044,55323.741519528405,8052.194799251305,7380.531664656495
2025-07-01,71391.49617301312,79269.78161408217,7878.285441069048,0.0,16461.948628667593,15142.228509536597,920.9710186035137,4.488480221354166,53734.60713050554,12359.961225927596,6868.458279092265,72963.0266355254,7380.531664656495,5371.587086527779
2025-07-02,76031.46374758062,77081.55143796306,1050.08769038244,0.0,18282.36487438255,14183.329880898655,125.84833820312474,203.59841601562482,58263.37803126325,1557.0947739301196,1067.4329137623286,60887.9057189557,5371.587086527779,6066.4600502513495
2025-07-03,85757.48168193243,88254.70826701811,2497.226585085671,0.0,20907.472607402156,17210.39432447752,6.3338846484376745,4803.544935408576,65325.66891563232,2915.8331741890693,32.32895267718855,68273.83104249858,6066.4600502513495,5760.525036382716
2025-07-04,37905.21540416324,38699.8729061592,794.6575019959633,0.0,17985.779047389457,14734.604162479516,3193.158978750736,9760.989533333333,21216.534845045524,1476.1984846217483,12486.271007033216,35179.00433670049,5760.525036382716,5575.943776278211
2025-07-05,44968.19703175031,45339.96239160768,371.7653598573779,0.0,18975.054286862087,14368.140302560374,0.0,11942.968440639304,25421.037767770926,740.0871431983094,0.0,26161.124910969233,5575.943776278211,6688.892298275897
2025-07-06,76709.88646753477,83273.37593270752,6563.489465172755,0.0,20936.667235404606,18493.278779700257,372.96050769097144,1408.9664346941527,59496.200716620624,7338.679087383195,3011.2685549536045,69846.14835895742,6688.892298275897,4983.805277139756
2025-07-07,82884.23184691502,83019.20701051936,134.97516360433985,0.0,21120.251494455963,16170.225312799477,153.2521309895834,4812.9501931857985,61648.402608193835,197.76959153986624,1276.291581794011,63122.46378152771,4983.805277139756,6025.114607928482
2025-07-08,91373.71086103309,91829.11072636295,455.39986532986256,0.0,18438.91730023293,13420.459480772568,6.442362682291787,11245.70825291822,69111.92874079269,762.0135790921126,54.09651944320414,69928.03883932802,6025.114607928482,7708.518532835264
2025-07-09,90573.3077627805,90905.86571107477,332.5579482942695,0.0,16253.075294061431,12906.204304166667,0.0,13500.269704513352,68251.68297951084,584.0083142908354,0.0,68835.69129380168,7708.518532835264,7996.0592928609185
2025-07-10,82564.23359808138,82648.40265374978,84.16905566840092,0.0,17335.50209996287,14478.833935711806,0.0,6938.111106165393,63248.84029316398,164.8643304903684,0.0,63413.704623654354,7996.0592928609185,7510.417920925492
2025-07-11,45637.383961549,45637.44131572435,0.05735417534924636,0.0,18825.68784685394,16054.287954939711,0.0,10347.264273810122,26759.39625527798,0.11485173613686583,0.0,26759.511107014117,7510.417920925492,6615.439255383248
2025-07-12,47494.65745817931,48718.30021879311,1223.6427606138018,0.0,18705.41252027997,14951.889974348956,0.0,13880.534339528765,27183.010925921946,1204.2377865223825,0.0,28387.24871244433,6615.439255383248,6837.099441025273
2025-07-13,87700.48152809456,87700.57297809455,0.09145000000000891,0.0,17564.568360841047,14121.357145923566,31.92011886284729,15021.561482039931,64760.505476411796,0.22854421916669174,270.498277512952,65031.23229814392,6837.099441025273,6954.8141369782525
2025-07-14,84982.20538328483,85676.68948118394,694.4840978991006,0.0,17575.27649590358,13621.666089340277,0.0,9915.39985795397,62590.94910942387,1094.1109509057137,0.0,63685.06006032958,6954.8141369782525,7637.378439580053
2025-07-15,89860.24643951257,89927.5863731571,67.33993364453124,0.0,17784.00927162145,13762.740224857987,0.0,13157.266743060305,66940.27770427459,138.53123047898814,0.0,67078.80893475357,7637.378439580053,8351.053200863815
2025-07-16,85534.44060329448,85534.49140885004,0.0508055555555984,0.0,16768.876610235064,13944.539642621527,37.27794744791663,10612.869005351084,65267.828123957486,0.12561419583343927,313.37706522091116,65581.33080337424,8351.053200863815,7949.109213829232
2025-07-17,83394.8123648565,84878.32928560521,1483.5169207487238,0.0,17962.863262396368,14846.868488132726,0.14515378906253318,9042.063598463974,62027.722225265556,2024.8695451280485,1.2404842813284085,64053.832254674926,7949.109213829232,7619.165607616274
2025-07-18,49615.8943821009,49656.545475529245,40.651093428340516,0.0,16320.374652268623,13261.57880550916,0.0,15323.501528769779,28486.285510001242,73.48793184826276,0.0,28559.773441849506,7619.165607616274,7572.415232981191
2025-07-19,49964.12984391453,50042.904345364186,78.77450144965223,0.0,17270.806622147473,14577.400750086717,0.0,20166.679423303434,28802.367823955923,142.55261573593395,0.0,28944.920439691858,7572.415232981191,6919.029248373119
2025-07-20,90199.86222457551,90626.32293768314,426.46071310763966,0.0,18803.518053279964,14186.369264118923,0.0,13919.19593185544,65927.99671765562,726.5375546263539,0.0,66654.53427228198,6919.029248373119,8079.562980637395
2025-07-21,89629.45470389347,89773.72932391083,144.27462001736035,0.0,19358.170610313347,15740.805707777645,0.0,12166.615071375123,67340.53951945245,289.58489177911633,0.0,67630.12441123156,8079.562980637395,8012.132410166474
2025-07-22,85398.74287008174,87829.52651001702,2430.783639935284,0.0,17884.27585789218,14647.093381493054,4.036791354166553,10801.236208305401,64139.70962615951,2314.2197987641716,34.43181185536361,66488.36123677905,8012.132410166474,7833.432480610485
2025-07-23,96416.70770186943,96477.5669631917,60.8592613222678,0.0,17148.307445827857,14089.417260690101,0.0,19202.129661387273,71658.08588000182,125.1559451548671,0.0,71783.24182515669,7833.432480610485,7612.001114422117
2025-07-24,95858.4888624529,95862.80594219096,4.317079738065445,0.0,17477.164896410643,13584.366676931424,0.0,18353.535722711742,72119.02244196253,9.241117720247406,0.0,72128.26355968277,7612.001114422117,8247.708769045668
2025-07-25,45349.518330654035,45390.25496409557,40.736633441536696,0.0,16444.845764736103,14085.280675313152,0.0,16525.370308005957,26187.318607835863,73.14394341090153,0.0,26260.462551246765,8247.708769045668,7397.7580958491035
2025-07-26,46682.646572450336,46906.15360755016,223.50703509982515,0.0,18178.862602220986,14982.883422166968,0.0,15241.082860829478,26607.665062136213,322.39332576848625,0.0,26930.058387904697,7397.7580958491035,7111.0861909958085
2025-07-27,87060.9093967593,88648.76852305174,1587.8591262924385,0.0,19144.02960693871,14693.310060212674,0.0,10512.85917632571,64268.13283378602,2119.0806910579477,0.0,66387.21352484397,7111.0861909958085,8014.812770337676
2025-07-28,88945.92256975987,89416.64045834105,470.7178885811642,0.0,20583.344066639333,16934.811891098696,0.0,7813.231049467078,66549.02733593628,815.6131488615666,0.0,67364.64048479784,8014.812770337676,7723.364773536747
2025-07-29,86412.62524104284,89592.55801737636,3179.9327763335095,0.0,18753.951642447766,15211.18359673611,46.627686848958206,10027.171708513664,64200.916656926755,3278.732544602831,407.92231839811086,67887.57151992769,7723.364773536747,7700.606144255162
2025-07-30,78610.30819172325,85881.74385167839,7271.435659955149,0.0,18223.10252165418,14667.017143880206,0.0,8222.404423904425,59428.91433331857,8163.082262827913,0.0,67591.99659614649,7700.606144255162,7804.712698321471
2025-07-31,83070.06198249308,84991.04512947622,1920.98314698313,0.0,19018.17075644831,15969.958497037846,10.709851406249754,7258.546454805331,61081.419658050305,2473.6253314610653,93.38454933679473,63648.42953884816,7804.712698321471,7176.668049082899
2025-08-01,43550.0709840589,43550.0709840589,0.0,0.0,17361.957339938053,14576.560059448042,0.0,19513.314036902226,24873.582757075787,0.0,0.0,24873.582757075787,7176.668049082899,6606.251811195992
2025-08-02,45681.03090006293,45694.03407502139,13.003174958462978,0.0,17555.724595637752,14095.450459796006,0.0,21306.73500584631,25423.10947894985,22.303695847503622,0.0,25445.413174797355,6606.251811195992,6744.792325274402
2025-08-03,71367.6879504511,71368.8608911002,1.1729406490895826,0.0,18531.61412970014,15461.197906053034,84.32244266927103,5543.287126789028,52686.20288198982,2.381010870619398,702.6692812411084,53391.25317410155,6744.792325274402,6244.136257501158
2025-08-04,75854.87239728068,77978.92928392402,2124.0568866433537,0.0,17914.969128026933,13764.08676015625,0.0,8412.391832720014,56680.37793933471,1652.1559460992023,0.0,58332.533885433906,6244.136257501158,7074.17873921846
2025-08-05,74054.08424183498,76081.25854411512,2027.1743022801436,0.0,18610.04364595213,15393.291403515625,0.0,7712.1965683452845,54788.10734489293,1560.8470830068648,0.0,56348.95442789979,7074.17873921846,6719.560905558015
2025-08-06,81004.53168388958,81004.53168388958,0.0,0.0,18475.578642520843,14918.197807938366,0.0,9332.751582640447,61477.44228202235,0.0,0.0,61477.44228202235,6719.560905558015,6771.806341673033
2025-08-07,82867.54405965943,83527.89069215508,660.3466324956601,0.0,17182.94956263572,14182.140948897568,15.150877864583435,17154.247706281516,58664.08689932715,1011.5618484929505,130.15051926963628,59805.79926708974,6771.806341673033,6478.526560381223
2025-08-08,42574.19301317426,42592.327497355334,18.13448418107646,0.0,17198.0054816717,13898.225168625564,0.0,23517.3759343092,23506.898286674663,28.84360285066547,0.0,23535.74188952533,6478.526560381223,6514.259084301796
2025-08-09,42308.08830856277,42308.08830856277,0.0,0.0,18791.579163317576,15254.975764787325,0.0,19849.555910032523,23612.323921068488,0.0,0.0,23612.323921068488,6514.259084301796,6476.707259301698
2025-08-10,76264.13068854756,76264.13068854756,0.0,0.0,18030.657499974383,14373.511841953125,48.73037930989585,7351.096359836196,57036.71516704073,0.0,413.30699342472667,57450.02216046546,6476.707259301698,6733.730295997396
2025-08-11,73547.40053993023,74550.79329764805,1003.3927577178165,0.0,18831.170146703695,15443.527523324652,12.385371744791769,6614.282712680465,53069.12199797313,1350.6642621066535,104.34675694987067,54524.13301702966,6733.730295997396,6522.3084021144405
2025-08-12,80899.66731709705,81370.05881129843,470.39149420138745,0.0,17300.928396326886,13994.62735878038,23.132986015624965,10326.347109767554,58725.59656516175,722.2292555460295,190.77592345493457,59638.60174416272,6522.3084021144405,6543.558004608218
2025-08-13,73089.51604445098,74753.41255435164,1663.8965099006605,0.0,18187.552988532123,14408.18020972925,11.499504375000015,4864.559829923772,53332.87811567698,1729.39939588095,99.62595615281262,55161.90346771074,6543.558004608218,6903.26657236574
2025-08-14,74464.04494306713,77168.86220898046,2704.817265913335,0.0,19636.389699859665,16283.907677408853,38.51987187500015,7928.609075071318,55173.19323687538,1954.8453624507904,331.8844162844544,57459.92301561062,6903.26657236574,6482.786549562935
2025-08-15,42544.41713271349,42544.41713271349,0.0,0.0,16550.120128056413,13685.559780422614,0.0,22520.12990174636,24051.83065248706,0.0,0.0,24051.83065248706,6482.786549562935,6171.717131010802
2025-08-16,44529.37599654774,44529.37599654774,0.0,0.0,18553.970310175966,14841.743449324653,0.0,23887.86876902976,25068.16736774649,0.0,0.0,25068.16736774649,6171.717131010802,6379.464355364002
2025-08-17,78117.10138575252,78646.54552573517,529.4441399826369,0.0,19112.07107160826,15184.570090711804,121.33237696614572,11674.983305138194,55717.70527327875,858.485159219702,1005.6492259724794,57581.83965847093,6379.464355364002,6708.583774576101
2025-08-18,74480.29916670272,74480.29916670272,0.0,0.0,20311.927031044397,16450.091698580727,91.83658259114611,6316.184800163542,55040.53549057826,0.0,775.5473444276261,55816.08283500589,6708.583774576101,6711.438437426361
2025-08-19,73835.16166494548,73835.16166494548,0.0,0.0,18397.43656118409,14897.105804347004,118.52753533854184,6135.69839344693,54445.400652155964,0.0,1011.213480667892,55456.61413282386,6711.438437426361,6716.791559884258
2025-08-20,81899.00539341583,82547.22256918588,648.2171757700544,0.0,20388.361793725617,16524.6234575513,0.0,8032.793166344904,59459.597389557755,974.2773150773388,0.0,60433.8747046351,6716.791559884258,6705.62444362476
2025-08-21,78118.67031640142,78228.62368356409,109.95336716266974,0.0,18244.27899221278,14788.919345311024,0.0,8928.845553329007,56385.59381833728,150.6532226443128,0.0,56536.247040981594,6705.62444362476,6693.342930715137
2025-08-22,41783.18694420533,41783.18694420533,0.0,0.0,17010.050193136198,14217.975484293709,109.63162983862881,17870.174465201475,23569.681941976898,0.0,663.0742983655477,24232.756240342445,6693.342930715137,6204.637566433595
2025-08-23,41793.46283211515,42560.92801339553,767.4651812803828,0.0,16858.478147323764,13472.165533288495,0.0,16644.609249360266,22823.9673733926,892.0886093678087,0.0,23716.05598276041,6204.637566433595,6408.1950842599845
2025-08-24,73586.94225168719,73641.69153377364,54.749282086456674,0.0,19887.717620662777,15672.852016354165,10.574475911458421,5703.810922043154,55022.470413746596,70.48906020183794,88.25457595703199,55181.214049905466,6408.1950842599845,6892.860924685186
2025-08-25,94968.4115467083,94968.4115467083,0.0,0.0,17352.07102920353,14167.719209704861,11.721059427083219,21022.69376997005,69054.44695298019,0.0,98.06424369669175,69152.51119667687,6892.860924685186,6767.814617962966
2025-08-26,74165.55547136869,74609.53754009264,443.9820687239605,0.0,19227.05193007217,15490.974809934894,2.384889583333461,5347.026926205368,55172.075592058296,341.6615079019193,20.07361562291774,55533.81071558313,6767.814617962966,6859.9671217669265
2025-08-27,74794.00592662116,78710.76437338084,3916.7584467596707,0.0,19254.583672025088,15648.63070465712,0.0,7190.662539346205,55037.836227837375,3738.938872027711,0.0,58776.77509986509,6859.9671217669265,6801.724976970488
2025-08-28,73506.4461191261,78335.77003523844,4829.323916112337,0.0,20523.464905908233,16801.23126095052,40.09143424479157,3885.832841192188,53169.1405248156,5330.174643468712,336.3855108974601,58835.70067918177,6801.724976970488,6604.808657898439
2025-08-29,44436.776268911366,44436.776268911366,0.0,0.0,17320.21941862799,13935.587333523526,0.0,18496.923833806908,24972.60627506186,0.0,0.0,24972.60627506186,6604.808657898439,6709.020208526377
2025-08-30,42685.9162282861,42685.9162282861,0.0,0.0,17280.357080498918,14317.401616458461,0.0,21210.240930912314,24090.27763894334,0.0,0.0,24090.27763894334,6709.020208526377,6353.117562688225
2025-08-31,73362.61513602264,74451.58110710584,1088.9659710832043,0.0,21071.179089133228,16572.617015765754,11.772091666666597,3318.168042071709,53759.63326857151,871.729421070132,100.10211265812438,54731.464802299764,6353.117562688225,6903.159836501735
2025-09-01,81971.1239522352,82192.81336853484,221.6894162996511,0.0,17532.71823971273,11703.311748828124,0.0,22789.272344316912,52333.81461274508,265.5260932765619,0.0,52599.34070602164,6903.159836501735,9678.92653132306
2025-09-02,65368.97427411276,67461.68318664984,2092.708912537077,0.0,18191.81928156625,15429.051667634549,0.0,10641.159722718143,42375.850222208224,1691.7833662027174,0.0,44067.63358841094,9678.92653132306,8908.173142916525
2025-09-03,69592.01469553755,69966.31012905699,374.2954335194425,0.0,15986.103316944978,13246.80163281684,0.0,11679.291194928854,46378.55028715377,480.1714093125354,0.0,46858.72169646631,8908.173142916525,8576.997647259404
2025-09-04,67044.27486803466,67044.27486803466,0.0,0.0,18175.920523574296,14710.570664804685,0.0,9653.35945926505,44877.9657091342,0.0,0.0,44877.9657091342,8576.997647259404,8590.247602026622
2025-09-05,38849.459661930385,38849.459661930385,0.0,0.0,17092.302631674596,13580.546061450696,0.0,28513.441425039815,19119.648168382908,0.0,0.0,19119.648168382908,8590.247602026622,8883.824346699654
2025-09-06,38351.86454378001,38351.86454378001,0.0,0.0,16770.227292328105,13173.26211222066,0.0,27033.815663672565,18901.197932148618,0.0,0.0,18901.197932148618,8883.824346699654,9340.071007327542
2025-09-07,62007.180520109,65818.78707873976,3811.6065586307486,0.0,17992.911267020805,15854.043670656249,0.0,8718.935865708532,40472.98896652171,2658.1017317257338,0.0,43131.09069824745,9340.071007327542,7918.087069139324
2025-09-08,68540.0963004164,69875.36982190855,1335.2735214921488,0.0,17773.666445499926,15239.15490748815,0.0,7945.288750563441,44052.46296512345,1553.6167169488997,0.0,45606.07968207235,7918.087069139324,6981.992528435762
2025-09-09,59263.4117670822,61220.80293396974,1957.3911668875346,0.0,19762.665317988038,16051.891439665367,11.45223333333331,4418.647022313737,39205.47142541161,1910.1191633945484,77.68435634999986,41193.27494515616,6981.992528435762,6932.956381663483
2025-09-10,71637.58477461687,72461.91847029673,824.3336956798486,0.0,20611.70815987397,16839.825425140883,0.0,7374.0370855636465,45988.66696215657,966.2151056590689,0.0,46954.88206781564,6932.956381663483,6772.5765865046305
2025-09-11,70532.65263777252,70535.3768721142,2.724234341667284,0.0,19868.01896980345,15869.14561500434,2.252125651041524,13042.669859632791,44905.65229653442,5.342910359339647,15.04082116048082,44926.03602805424,6772.5765865046305,7021.409642656251
2025-09-12,35911.501809126734,35911.501809126734,0.0,0.0,16412.090881792694,12253.061384931423,0.0,20200.816112265464,17352.14807943887,0.0,0.0,17352.14807943887,7021.409642656251,8177.778786345873
2025-09-13,33465.984209956376,33465.984209956376,0.0,0.0,16689.40762408908,14176.681835254687,0.0,22946.156937788655,15694.16633798149,0.0,0.0,15694.16633798149,8177.778786345873,7446.3769421875
2025-09-14,73826.45066116513,73827.47737838735,1.0267172222222598,0.0,16503.123904107284,14410.627221362844,0.0,11635.655945642911,47650.911590170916,1.9706810363334055,0.0,47652.88227120725,7446.3769421875,6287.380432147572
2025-09-15,60569.35045522087,60859.054489815164,289.70403459429434,0.0,21734.999058656857,17431.04929877499,325.8914951049918,1813.9655917049558,40009.23226951386,380.6954438076123,1797.915002598158,42187.84271591963,6287.380432147572,6481.047030744312
2025-09-16,74153.76330126415,74375.75855185512,221.99525059097505,0.0,19514.485306434057,16271.209536740926,8.238266666666732,11648.951065495325,47968.24797334786,415.5879524881592,55.52179820000045,48439.35772403602,6481.047030744312,5964.962099045044
2025-09-17,70899.48761960643,70899.48761960643,0.0,0.0,21080.319810254685,16625.94765249132,7.629166666666833,6492.626228509726,46062.77235660365,0.0,38.19542291666751,46100.96777952032,5964.962099045044,6463.974758839458
2025-09-18,61871.401342331155,66528.46716747829,4657.065825147136,0.0,20533.210374073748,16932.33153125369,33.69419125542197,4005.2313992469913,40081.80322820324,3393.500599665901,149.4478723468307,43624.75170021597,6463.974758839458,6130.162394112848
2025-09-19,33746.121190256024,33746.121190256024,0.0,0.0,16843.940951452383,12893.642448502602,0.0,13694.470370639576,15727.654798287678,0.0,0.0,15727.654798287678,6130.162394112848,6963.439863194882
2025-09-20,33163.19292329516,33181.59859160245,18.405668307290966,0.0,17362.911434515117,14491.386341324178,0.0,14664.63976507818,14989.385671334177,34.07441373728776,0.0,15023.460085071465,6963.439863194882,6488.519775009405
2025-09-21,69640.93161819459,69707.49269149147,66.56107329687427,0.0,19028.734717995438,15658.146352764757,0.0,8049.4168429274605,45144.14077484963,104.10623361179339,0.0,45248.247008461425,6488.519775009405,6216.440629244455
2025-09-22,74565.2592744639,74565.2592744639,0.0,0.0,20836.090524755706,16951.449474114583,19.555900000000065,10086.154240489439,49452.232728774135,0.0,128.01369518333377,49580.24642395747,6216.440629244455,6133.978241397278
2025-09-23,73668.20226629746,73668.28333077663,0.08106447916668458,0.0,20690.034616720524,16558.523993840452,16.6093666666668,7436.766491229897,48088.43933946142,0.16856953120316226,110.35257885000087,48198.960487842625,6133.978241397278,6356.64940328969
2025-09-24,62799.88039467994,66195.17709390337,3395.29669922344,0.0,20780.717145978488,16411.035878472223,0.0,762.2707263971175,41809.98962642797,2927.030882483811,0.0,44737.02050891177,6356.64940328969,6824.810525256751
2025-09-25,68743.02560172764,70219.352373538,1476.326771810352,0.0,19300.789074526103,16250.485606885153,15.37166666666667,6848.9716725637145,44778.94140941413,1155.7056582198902,106.25664583333337,46040.903713467356,6824.810525256751,6139.425573568966
2025-09-26,34992.992180641224,34992.992180641224,0.0,0.0,16224.940758946432,12346.033028191236,0.0,13419.840949886033,15963.616751554056,0.0,0.0,15963.616751554056,6139.425573568966,7024.0577808527205
2025-09-27,33089.00101524888,33486.76389002388,397.7628747749998,0.0,17967.08677567579,15480.346934660547,36.907032334330346,13235.628831342972,15040.772417296366,425.6559895898072,177.83501645646544,15644.26342334264,7024.0577808527205,5994.050396004774
2025-09-28,70516.62371123944,72598.84411281245,2082.2204015730163,0.0,21773.73747150629,16880.389353203645,0.0,4217.8668278431505,46266.84854036877,2006.9776689429877,0.0,48273.82620931175,5994.050396004774,6834.425950134161
2025-09-29,72585.93455849745,72585.93455849745,0.0,0.0,19995.716696957094,16858.318969846612,113.5546023408873,6802.199833727863,47828.068075071315,0.0,721.5078658759378,48549.57594094725,6834.425950134161,6099.10545534375
2025-09-30,72819.46451803086,73385.71337986931,566.2488618384531,0.0,22503.402679885923,17745.455610348698,0.5416710506946174,3206.133214716112,48381.823678823705,778.8883107061886,3.5422578360174506,49164.25424736591,6099.10545534375,6634.994966853638
2025-10-01,69208.77165306444,69317.6912543358,108.91960127135485,0.0,22138.23845787476,15639.922079969618,0.0,13157.853343097328,42961.28729033799,168.24829013654937,0.0,43129.53558047454,6634.994966853638,9181.718378974685
2025-10-02,72994.53685713916,72996.62827041138,2.091413272222212,0.0,17020.058236881858,13750.341582361674,0.0,17996.12849922454,46541.92798395437,4.028375674290814,0.0,46545.95635962865,9181.718378974685,9221.613478433159
2025-10-03,29761.138564032553,30093.2575369362,332.11897290364584,0.0,16601.286153108384,14214.308723914493,0.0,19889.12640774231,12765.52428019045,315.8469877039428,0.0,13081.371267894394,9221.613478433159,8369.094656325713
2025-10-04,32212.59453507589,32212.59453507589,0.0,0.0,16969.968143075115,14145.62921910894,0.0,16292.27317777638,14152.244583683596,0.0,0.0,14152.244583683596,8369.094656325713,7924.700186083383
2025-10-05,72428.87888702091,72652.05196337507,223.17307635416626,0.0,17849.37061002325,14145.230051002602,0.0,14211.95033768776,45477.76357805861,319.0919333065045,0.0,45796.855511365124,7924.700186083383,8272.21145621253
2025-10-06,60690.75162131018,62741.300820046694,2050.549198736516,0.0,19732.034967540993,16048.838370177951,0.0,1324.994972683656,40007.133733193936,1648.498498336604,0.0,41655.63223153054,8272.21145621253,8199.000293468365
2025-10-07,66248.57552531421,67500.59354007558,1252.0180147613696,0.0,20018.574019573738,16109.23596064236,0.0,5819.692481144205,42077.697323332424,1561.101337487785,0.0,43638.798660820205,8199.000293468365,8316.565843704333
2025-10-08,62370.587746386154,62515.83358951601,145.2458431298616,0.0,19342.272062042175,16943.171095834547,0.0,3638.2369566417224,39106.68012511558,240.5358960666242,0.0,39347.216021182205,8316.565843704333,6898.865037503909
2025-10-09,72705.5594873744,72850.78315999592,145.22367262152727,0.0,19255.201622710476,16264.836889040804,299.1831627083287,14399.61990570125,44790.71071822045,271.7919909208076,2020.9751683125462,47083.4778774538,6898.865037503909,6156.505510120225
2025-10-10,32913.90974282788,32977.456072984125,63.546330156252054,0.0,19000.862166219133,14935.920703111977,0.0,19568.903693210304,13529.43050089411,99.7899795608704,0.0,13629.220480454982,6156.505510120225,6661.8140118152505
2025-10-11,32562.455380004456,32585.77279378536,23.317413780902598,0.0,17249.012316327156,14086.12856091966,0.0,15316.575455044529,13340.848669358005,26.720824279537275,0.0,13367.569493637542,6661.8140118152505,6534.671139932295
2025-10-12,65727.73681340458,66513.86528604352,786.1284726389327,0.0,19534.61516712716,16290.816164714799,660.6377023164068,5415.748002614241,39786.291960606664,1329.049377255497,4196.162140998871,45311.503478861036,6534.671139932295,6014.917940663628
2025-10-13,69422.09263338042,70138.29600103346,716.2033676530331,0.0,21494.925244410577,17152.058478902647,98.85821278137944,8866.892148306915,42582.583546813934,902.5204529545595,448.1084829622515,43933.21248273074,6014.917940663628,6302.507906296874
2025-10-14,72259.18987813414,72645.68111728973,386.4912391555985,0.0,22774.646478099272,18620.720265065105,0.0,7717.925620922239,45199.48604988661,539.4408304342969,0.0,45738.92688032091,6302.507906296874,6110.000553180551
2025-10-15,74187.68896076227,74266.274978093,78.58601733073078,0.0,21648.93256283201,17507.129245518925,727.1792323828108,8931.627243162733,45996.10471833266,147.10123654052842,4303.182408224924,50446.388363098114,6110.000553180551,6141.6740313750015
2025-10-16,70049.61656243018,70745.25855409463,695.6419916644521,0.0,22488.29824111957,18181.331180487847,749.7345561328117,4221.553099595719,44229.899599550656,812.6694972001555,4601.5128926104435,49644.08198936126,6141.6740313750015,6179.663358951677
2025-10-17,31329.204256704772,32243.162290788976,913.958034084203,0.0,17012.774046003466,13448.887376949737,0.0,12675.076305068584,13049.106861778268,922.7834457372521,0.0,13971.89030751552,6179.663358951677,6547.951803743973
2025-10-18,33793.79542490098,33793.79542490098,0.0,0.0,16809.570716131628,13175.006153706596,0.0,14082.637595809278,14223.388241547309,0.0,0.0,14223.388241547309,6547.951803743973,7037.6697219217795
2025-10-19,69953.48341303386,70000.82673766311,47.34332462925272,0.0,20896.099528671475,17736.97031097394,1209.7854471614567,4165.760433793697,44706.93208087652,91.2116492307183,7312.280857338693,52110.42458744592,7037.6697219217795,6136.414507755063
2025-10-20,76108.30306968943,76138.66421749759,30.361147808160922,0.0,21059.625288810606,17146.767732135417,481.3967359244776,8266.42103008021,49015.68353446863,58.07024935527898,2961.875559369124,52035.62934319304,6136.414507755063,6038.113120867477
2025-10-21,75121.34236253648,75204.3189322903,82.97656975382216,0.0,21724.261114368735,17546.329044927734,128.9923606592448,4692.797873508546,48486.321590640095,143.1940551462411,726.9642580565928,49356.47990384293,6038.113120867477,6094.026962768519
2025-10-22,72515.29204047823,72622.14828634064,106.85624586241386,0.0,21471.819559737705,17404.367675770223,380.22626409088537,3380.025966464055,46632.207315244465,173.9952275068083,2479.0678832984177,49285.27042604969,6094.026962768519,6080.478260121094
2025-10-23,82454.7122851823,83043.08875733211,588.3764721498272,0.0,17976.087599426817,14522.499468566317,0.0,16210.003593138283,53040.85202550652,833.8072733427673,0.0,53874.65929884929,6080.478260121094,6122.846578975984
2025-10-24,34276.28496102634,34506.90418019578,230.61921916944465,0.0,18513.887335723324,14223.906773291494,0.0,11796.872901097286,14571.313598363036,241.30311650666906,0.0,14812.616714869706,6122.846578975984,6981.004321914205
2025-10-25,34112.519684188905,34252.57310956651,140.05342537760424,0.0,17286.013764462503,13837.488296918402,0.0,11405.614908689076,14540.693992102735,156.44366044834518,0.0,14697.13765255108,6981.004321914205,7163.429713354458
2025-10-26,74933.30993922062,75229.06638460772,295.7564453870956,0.0,18688.701098871417,16044.359063032593,286.4967051701834,8326.909037272411,48310.924384852064,477.8834260400781,1715.3509324081813,50504.15874330032,7163.429713354458,6156.1950767469625
2025-10-27,69459.31535392141,72806.18092381087,3346.8655698894586,0.0,20880.36679932843,17033.4922218865,69.25894420724899,5475.983623909522,44565.05734833158,3208.6845470161325,406.99785010274763,48180.73974545046,6156.1950767469625,6022.422727379774
2025-10-28,70050.28385830107,72474.99211289684,2424.7082545957737,0.0,20207.788546611424,16194.698606957467,0.0,2489.48047324289,45739.643727495204,2690.8634352272115,0.0,48430.50716272241,6022.422727379774,6215.322856043982
2025-10-29,78404.4503482871,79004.99345795428,600.5431096671795,0.0,22041.886686838407,17964.0184396826,38.28030391158586,5653.148714710058,51383.82353454636,769.8317934504022,188.79787862563728,52342.4532066224,6215.322856043982,6093.000385662327
2025-10-30,69428.18294910504,71017.79858695765,1589.6156378526082,0.0,20888.116080948912,16775.543882929687,0.0,2117.4087389384295,45619.336922522605,1988.402470472152,0.0,47607.73939299476,6093.000385662327,6252.811655261141
2025-10-31,36725.25702728272,36725.25702728272,0.0,0.0,18440.858383479397,13947.523773024956,0.0,8327.630350161615,16156.621368262471,0.0,0.0,16156.621368262471,6252.811655261141,7352.335563698209
2025-11-01,35058.27138774925,35073.33309859995,15.061710850694396,0.0,18278.39393133873,14469.805359177346,0.0,8720.70609310523,15081.504903495126,18.750568777341055,0.0,15100.255472272467,7352.335563698209,7725.328591706021
2025-11-02,75027.83348041339,77126.58200436053,2098.7485239471425,0.0,20219.74182356969,17466.54494590968,0.0,5577.001193367197,50513.18141252203,2079.5036120365494,0.0,52592.68502455858,7725.328591706021,6515.824070796876
2025-11-03,82124.04643345582,82151.73032636815,27.683892912326655,0.0,19727.932622286302,15171.76842801649,0.0,8090.635848765007,55596.45447435216,50.505619798256745,0.0,55646.96009415042,6515.824070796876,7413.44295528067
2025-11-04,75094.78841664159,75767.6840669478,672.895650306205,0.0,18844.113778960316,15563.711101256424,18.940775703124814,4926.150131613697,50364.28557013367,863.6084526964987,90.75472678152255,51318.64874961169,7413.44295528067,7080.133021615596
2025-11-05,83614.467427797,83615.3516577623,0.8842299652775409,0.0,19861.225855262663,15659.064903528648,0.0,9735.170639361611,57260.50959728633,1.4336371967235435,0.0,57261.94323448306,7080.133021615596,7556.275287431276
2025-11-06,77650.34147127862,78605.39877594757,955.0573046689652,0.0,20376.667094138746,16992.964489129863,0.0,3852.111620938699,53008.608093950155,1316.8523465047726,0.0,54325.460440454925,7556.275287431276,7014.204017567418
2025-11-07,35710.18769493433,35922.43087136484,212.2431764305122,0.0,17749.814503484005,13871.437170365147,0.0,8725.591754912652,15428.15800960719,215.73713823353782,0.0,15643.895147840727,7014.204017567418,7576.329103630643
2025-11-08,36071.25611083547,36096.043698385125,24.787587549652244,0.0,18187.180754348796,14714.394774843751,0.0,8832.050618880081,15849.830376972097,28.179451797413,0.0,15878.009828769511,7576.329103630643,7595.4642549403925
2025-11-09,79614.76304964344,79769.64886310398,154.88581346054843,0.0,20217.154486870277,17133.10457280126,0.0,5338.7817657016385,54168.09635734392,228.51667995066563,0.0,54396.613037294585,7595.4642549403925,6754.120434455584
2025-11-10,81490.42279381059,83682.3489059886,2191.9261121780155,0.0,21690.62579999716,17326.96286249132,0.0,5460.2428684827755,56551.42246152933,2327.7744500086314,0.0,58879.196911537954,6754.120434455584,7023.502696129342
2025-11-11,84099.90973455412,84099.90973455412,0.0,0.0,19567.668670674346,15611.389185195312,0.0,8584.610582408426,58205.70880851372,0.0,0.0,58205.70880851372,7023.502696129342,7288.416516185906
2025-11-12,79843.04574812832,81201.31465674656,1358.2689086182284,0.0,19747.26862210546,15940.380393810767,0.0,6438.438678451866,54405.35211813194,1655.5838244880754,0.0,56060.93594262001,7288.416516185906,7349.424505179978
2025-11-13,77339.32104157831,78982.97922691783,1643.6581853395242,0.0,19085.942272020588,15701.596593679518,0.8275792621527671,3203.5898111722504,53402.270687533826,2149.83954996916,4.1681029538324115,55556.27834045682,7349.424505179978,7080.554112576823
2025-11-14,36350.98180832061,36350.98180832061,0.0,0.0,18438.759165377982,14598.832068875565,0.0,4912.599411818198,15796.047596969118,0.0,0.0,15796.047596969118,7080.554112576823,7454.512840444159
2025-11-15,39251.97416069278,39251.97416069278,0.0,0.0,17538.346554060572,14337.775299674478,0.0,7839.51598964002,17308.5919924599,0.0,0.0,17308.5919924599,7454.512840444159,7308.163295015914
2025-11-16,79424.23635445046,81173.03092122849,1748.7945667780232,0.0,20126.13265108137,16876.368931614063,0.0,3488.7228184278547,54688.09376850648,2413.6209540428586,0.0,57101.71472254934,7308.163295015914,6670.16164586241
2025-11-17,77725.92847041233,81642.48123997326,3916.5527695609444,0.0,21451.41757543671,16864.806810542534,0.0,4360.116141745763,53388.657405087244,4604.157172444358,0.0,57992.8145775316,6670.16164586241,7237.763229819302
2025-11-18,81139.84947450971,81327.86887760529,188.01940309557196,0.0,21324.25241734342,17327.83706013021,0.0,2440.9016870587393,56524.631741742116,265.0043270054895,0.0,56789.636068747604,7237.763229819302,7176.438116394826
2025-11-19,80495.87825133583,83566.96593513164,3071.087683795807,0.0,20975.479636491167,17321.531988195093,0.0,4544.706686835561,56535.406746203065,3856.616389828107,0.0,60392.023136031166,7176.438116394826,6808.223135686779
2025-11-20,80606.35707243226,81551.05733878426,944.7002663519953,0.0,21300.911086259424,17225.590705684852,0.0,2682.6609248763593,55461.43809388996,1255.17758080454,0.0,56716.615674694505,6808.223135686779,6839.497884781542
2025-11-21,36739.57506586671,37251.83078744223,512.255721575521,0.0,17739.458827779374,14027.764751809895,0.0,4675.752644806087,16192.502090118685,277.7706650243262,0.0,16470.27275514301,6839.497884781542,7218.605549994216
2025-11-22,41549.49486504377,41549.49486504377,0.0,0.0,18186.269099740275,15009.889104118924,0.0,8153.285386089086,17807.64985087501,0.0,0.0,17807.64985087501,7218.605549994216,6908.593179628328
2025-11-23,80779.90208838547,82528.70168377626,1748.7995953907994,0.0,20174.026777885265,16930.18764390972,0.0,4052.766266467389,55851.84953019208,2436.8663833501614,0.0,58288.71591354223,6908.593179628328,6253.897675380933
2025-11-24,80772.54101560818,80782.58936517971,10.048349571527048,0.0,21177.760831614527,16950.975367557377,0.0,2393.8602011225585,55901.57619169254,15.137336212026922,0.0,55916.71352790457,6253.897675380933,6479.465348770255
2025-11-25,91928.8187811103,91928.8187811103,0.0,0.0,20266.11393181841,16242.166674479166,0.0,11736.211057104398,65013.34216741694,0.0,0.0,65013.34216741694,6479.465348770255,6672.116026874423
2025-11-26,86340.99947480967,86944.78738259681,603.7879077871543,0.0,21037.593072215568,16927.068735312063,0.0,6076.596162359989,60787.76728984762,918.7299452532121,0.0,61706.49723510083,6672.116026874423,6798.095641521702
2025-11-27,83623.9511287823,84333.75353429433,709.8024055120277,0.0,20383.040040294334,16636.369083216145,0.0,4806.189843882811,58698.43608089981,926.9686147651115,0.0,59625.40469566492,6798.095641521702,6657.977140879775
2025-11-28,37733.31733932876,38342.35303828827,609.0356989595152,0.0,18618.763551281394,14926.894483402775,0.0,3729.245420409653,16015.75245915722,295.25602754249206,0.0,16311.008486699711,6657.977140879775,6829.426022141063
2025-11-29,48331.28499695556,48334.10252765313,2.817530697569566,0.0,17808.79948592677,14533.196170419313,0.0,10129.049112145673,20605.222006726093,3.425897968669604,0.0,20608.64790469476,6829.426022141063,6709.3498145648155
2025-11-30,85961.88109151978,87142.72059404872,1180.8395025289255,0.0,21447.84364229997,17908.54511240178,134.49528157825364,3493.089229062116,60552.05999628501,1650.311304810898,888.4085824651543,63090.77988356106,6709.3498145648155,6114.025634410591
2025-12-01,91112.20212794935,91138.13153666671,25.929408717360218,0.0,23125.094826384713,18401.397137044012,1983.5868140888015,2099.092928081483,69339.0780796848,48.187741254078674,12447.437488438012,81834.70330937688,6114.025634410591,6480.614159219037
2025-12-02,97105.83371105003,97753.04976741989,647.2160563698648,0.0,22946.082483786122,18733.509342162324,518.1483276510448,5420.81500344714,75699.31146018914,879.8167531689695,3544.39148238646,80123.51969574457,6480.614159219037,6317.078014446183
2025-12-03,88483.6742524515,93377.04910004284,4893.374847591337,0.0,24182.485329179257,19199.52038440278,0.0,1231.3355885996993,66927.44159588225,6831.634767985994,0.0,73759.07636386824,6317.078014446183,6748.514383593317
2025-12-04,95440.78213896266,96137.50296047518,696.7208215125053,0.0,23124.99101255744,19083.14193514679,553.3785391544263,5877.823672218952,72828.17482602908,951.4406459805888,3857.405250493134,77637.0207225028,6748.514383593317,6357.515255843025
2025-12-05,46010.39914152349,46125.52406377089,115.1249222473984,0.0,21439.296950544514,17154.6307369615,478.64518571211056,1007.8753525666523,20473.030563570355,117.46085105263693,2333.7902757630914,22924.281690386084,6357.515255843025,6592.181692486981
2025-12-06,52562.21447278849,52562.21447278849,0.0,0.0,20350.65802737043,16551.86695855469,0.0,5098.792587306081,24659.72542928738,0.0,0.0,24659.72542928738,6592.181692486981,6516.810629837382
2025-12-07,99214.87748050904,99217.34478398447,2.4673034754343917,0.0,23727.558885309663,19434.256679353297,35.08809549479179,7306.449423522907,75973.3202898092,4.104449758651244,241.4411850996623,76218.86592466752,6516.810629837382,6277.995094001302
2025-12-08,101159.91767474338,101202.15848765984,42.24081291644825,0.0,22924.415127363678,18230.945825625004,0.0,8661.47806925449,77111.86024994812,65.1701629338678,0.0,77177.03041288198,6277.995094001302,6653.36223571195
2025-12-09,99760.2485821039,99827.01694388702,66.76836178311817,0.0,22295.65164688276,18235.254298793403,15.971993437500032,8394.137322568504,75153.76770651186,104.33895408434577,118.06497549000022,75376.1716360862,6653.36223571195,6458.055052580444
2025-12-10,96415.5689388466,97459.7883463249,1044.2194074782963,0.0,24565.11615500793,19765.36841513455,0.0,4272.422139784856,73034.05541781607,1390.0364605946634,0.0,74424.09187841072,6458.055052580444,6605.1391308269685
2025-12-11,99520.40631841708,99520.40631841708,0.0,0.0,22047.084452650037,17915.50517844184,0.0,9427.572344208887,74176.103408722,0.0,0.0,74176.103408722,6605.1391308269685,6541.3982732766235
2025-12-12,51162.0584340715,51982.52521033243,820.4667762609299,0.0,20756.948641493855,16592.743321471353,0.0,4103.906406976595,23519.49498884396,734.6367738612671,0.0,24254.131762705227,6541.3982732766235,6786.27058231959
2025-12-13,53229.95270661071,53454.00940529635,224.05669868563425,0.0,19479.06566836296,15876.38751797309,0.0,6052.797871573148,24858.258200407094,242.1142726297828,0.0,25100.372473036878,6786.27058231959,6676.9991083206
2025-12-14,94424.700812272,96280.98949087683,1856.2886786048389,0.0,23806.98878939434,19506.916587812935,0.0,3202.195489295433,71546.31217774593,2500.025121376215,0.0,74046.33729912214,6676.9991083206,6428.937254538917
2025-12-15,95367.84268159186,97414.26101140914,2046.4183298172738,0.0,23918.111913243956,19229.13314942708,2.2927980208332883,3258.0170789464346,71868.91445483587,3073.627337844585,16.526488134166343,74959.06828081462,6428.937254538917,6589.534477095052
2025-12-16,100566.15660658649,100566.36622380871,0.20961722222227763,0.0,22586.01051596477,18371.226613654515,0.0,6933.490988165136,76845.2151801723,0.36831842116676405,0.0,76845.58349859346,6589.534477095052,6504.469926291666
2025-12-17,101608.63958272108,101608.8491999433,0.20961722222227763,0.0,22588.067365613257,18150.753417278647,0.0,8979.688184942026,77633.95341786268,0.3716513350000982,0.0,77634.32506919767,6504.469926291666,6666.226758367333
2025-12-18,96206.75446313978,96238.17808926491,31.423626125130227,0.0,22827.676825137816,18615.24231734809,0.0,4659.476614808522,72444.44595795707,54.78499005965971,0.0,72499.23094801673,6666.226758367333,6527.533326160158
2025-12-19,49955.73631515436,50381.63908151721,425.9027663628474,0.0,19752.49089771111,15970.047508671878,0.0,3690.804392477978,23076.14719596227,290.2012583392696,0.0,23366.34845430154,6527.533326160158,6560.277902242523
2025-12-20,53299.801881527994,53299.801881527994,0.0,0.0,20902.066406760277,16836.618617013886,0.0,6378.001841781606,24644.892338634178,0.0,0.0,24644.892338634178,6560.277902242523,6664.783649422453
2025-12-21,99008.49800729916,99023.26232908966,14.76432179049391,0.0,23795.7634507073,19357.34456889323,0.0,5547.061580608923,74908.91918905838,22.971719995256485,0.0,74931.89090905363,6664.783649422453,6572.8101229554395
2025-12-22,96584.37639292421,96598.2711110796,13.894718155382293,0.0,23504.994649703793,19364.16148186632,0.0,3520.0108599087976,73818.4177512891,28.074470540012406,0.0,73846.49222182912,6572.8101229554395,6211.5703278373885
2025-12-23,99641.5733727154,99659.4058353111,17.832462595702964,0.0,22796.4832422758,18120.258084444446,0.0,7725.088144146415,75510.9802645536,33.66927435492199,0.0,75544.64953890852,6211.5703278373885,6594.785152058449
2025-12-24,98177.13168672769,98186.4977856921,9.36609896440757,0.0,23334.100769539822,18988.497875928817,3.1359583072916166,5989.471533721726,74233.39750642717,18.984514721522725,24.162558757681907,74276.54457990636,6594.785152058449,6497.144871390049
2025-12-25,94428.17505539554,95910.63916621919,1482.464110823641,0.0,23607.69556662674,19104.133320082463,0.0,3594.6283863415797,70517.40285854468,2022.2687612703648,0.0,72539.67161981504,6497.144871390049,6517.256081262491
2025-12-26,50064.50265894761,50556.367018366014,491.86435941840415,0.0,20948.334692697452,16577.99028798177,0.0,3178.4001803170013,22834.45544303151,607.465749867402,0.0,23441.921192898913,6517.256081262491,6950.768095821567
2025-12-27,51858.91738923433,52236.07614366552,377.15875443119245,0.0,19671.550196105767,16199.74071500631,0.0,5425.457595899404,23324.836939246772,430.40932304185833,0.0,23755.24626228863,6950.768095821567,6655.451366754193
2025-12-28,97365.28067954496,97436.94429517825,71.66361563328866,0.0,23435.73532811021,18949.430770553387,6.378411271701452,6147.76339889313,72818.77129173867,140.1805534802048,47.730457242151076,73006.68230246103,6655.451366754193,6692.69008366073
2025-12-29,95623.23591618832,96521.02168585516,897.7857696668395,0.0,22880.629827582256,18926.9925130816,0.0,5043.618104687841,71052.79260873796,1236.8378034646387,0.0,72289.63041220259,6692.69008366073,6255.265247282984
2025-12-30,97080.21954553004,97181.87959591199,101.66005038194481,0.0,23727.66194372123,18907.22112466146,0.0,6137.036176852226,71844.62558947541,199.69947400551234,0.0,72044.32506348092,6255.265247282984,6602.137524786028
2025-12-31,98654.71061618318,98669.25978962718,14.54917344401099,0.0,23255.576579627155,19212.419260013106,0.0,5979.679536679803,74327.293795481,25.909925740889587,0.0,74353.20372122189,6602.137524786028,6185.0239353248
